category,day_of_week,post_hour,followers,reel_duration_sec,num_hashtags,caption_length,has_music,has_trending_audio,collab_post,avg_past_views,past_engagement_rate,num_mentions,is_sponsored,views
travel,Sunday,14,259,15,22,241,1,0,0,1295,0.0357,9,0,3052
finance,Saturday,5,7743,30,11,235,1,0,1,1004,0.0621,5,0,4052
education,Thursday,10,2782,15,7,202,1,1,0,12532,0.1067,6,0,9009
fitness,Wednesday,20,18638,7,20,141,0,0,0,1458,0.0223,3,0,9628
travel,Friday,10,4589,15,20,93,1,0,0,24247,0.0745,2,0,30024
gaming,Tuesday,19,3188,15,20,151,1,1,0,1467,0.0448,2,0,11868
food,Friday,19,180913,30,16,252,1,1,0,5,0.0599,2,0,124672
travel,Friday,20,7339,90,21,66,1,1,0,13818,0.1241,1,0,23782
education,Wednesday,17,4251,30,4,175,1,0,1,2060,0.1398,5,0,3211
fitness,Sunday,17,1057,30,23,102,1,0,0,397,0.0402,0,0,2596
finance,Thursday,9,591,90,7,90,1,1,0,656,0.0963,5,0,7056
education,Friday,1,19671,90,17,192,1,1,0,592,0.1031,7,0,19335
education,Thursday,8,17663,60,10,165,1,0,0,91,0.1272,5,0,16655
food,Monday,13,83186,7,21,89,1,1,0,6338,0.1354,1,1,67096
fashion,Saturday,18,11638,30,27,267,1,0,0,449,0.0729,6,0,12039
fitness,Sunday,9,2422,60,26,50,1,0,0,193,0.1475,2,0,12521
comedy,Thursday,22,12330,60,9,165,1,0,0,5942943,0.1458,8,0,4963980
education,Tuesday,3,4253,30,25,173,1,0,0,109,0.0784,7,1,11190
fashion,Saturday,5,23334,7,14,226,1,1,0,920,0.0836,5,1,9214
comedy,Tuesday,13,54273,90,5,265,1,0,0,11,0.1018,0,0,21394
fitness,Friday,3,3628,30,18,8,1,0,0,13475,0.0592,1,0,4681
dance,Saturday,14,116210,30,16,86,1,1,0,623,0.101,7,0,120161
gaming,Thursday,15,41732,30,22,93,1,1,1,5618,0.0796,5,0,11467
fashion,Saturday,6,5073,30,9,51,1,0,0,166,0.0101,0,1,8976
motivation,Friday,16,16437,15,4,178,1,1,0,43,0.1286,8,0,19422
dance,Wednesday,18,8517,15,27,277,1,1,0,246,0.1414,7,0,18497
gaming,Sunday,18,5113,90,15,238,0,1,0,16170,0.0088,1,0,13546
food,Tuesday,16,153838,30,11,72,1,1,0,3478,0.1194,9,0,31886
travel,Friday,5,12477,30,25,71,1,0,0,43,0.0609,4,0,5462
finance,Wednesday,10,1081,60,20,67,0,0,0,8,0.0899,2,0,3423
motivation,Saturday,15,772,30,26,4,0,1,0,576,0.0775,0,0,2626
food,Saturday,7,831,15,23,237,1,1,0,9747,0.0849,6,0,41663
fitness,Friday,10,11862,30,27,120,1,0,1,240,0.0768,8,0,22791
food,Thursday,6,2657,15,4,210,0,0,0,9439,0.1287,6,0,8971
travel,Saturday,23,8954,15,20,261,0,1,0,1413,0.1041,2,0,6875
fitness,Thursday,21,26516,45,0,57,1,0,0,36517,0.0648,5,0,29332
motivation,Thursday,18,189412,60,1,42,1,0,0,282,0.1048,2,0,242155
travel,Sunday,9,2770,45,4,196,1,0,0,972,0.1449,3,1,3768
comedy,Thursday,8,389,7,22,71,1,0,0,295,0.0166,0,0,9344
finance,Monday,3,123787,30,18,90,1,0,1,7869,0.0613,1,0,25321
motivation,Sunday,22,356,7,27,36,1,0,0,3574,0.1312,0,0,11905
comedy,Wednesday,14,332,30,14,236,1,0,0,36,0.1122,9,0,4796
gaming,Wednesday,12,118138,15,0,292,0,1,0,4378,0.1406,1,1,84245
motivation,Saturday,1,33497,60,10,153,1,1,0,55,0.0108,3,0,11588
gaming,Saturday,1,11762,15,27,169,1,1,0,177,0.1301,5,0,10802
fitness,Thursday,15,4492,7,17,271,1,1,0,4872,0.1198,7,0,14896
comedy,Sunday,8,3195,30,2,109,0,1,0,89,0.1232,9,0,4949
finance,Sunday,12,1523,15,27,150,1,0,0,521,0.0916,8,0,5130
travel,Monday,2,2952,45,8,130,1,0,0,5007,0.0125,9,0,8337
education,Thursday,8,4512,60,23,267,1,0,0,2515,0.0832,6,0,16221
food,Monday,12,414,7,30,22,1,0,0,2238,0.0641,3,0,12946
dance,Thursday,20,1122,30,3,138,1,0,0,5343,0.0814,6,0,3601
finance,Tuesday,21,109,90,23,238,1,1,0,14973,0.1123,0,0,12524
comedy,Tuesday,1,5654,45,12,191,1,0,0,91,0.0914,9,0,6403
education,Friday,7,5656,90,8,126,1,0,1,2135,0.0474,5,0,6274
finance,Thursday,8,120731,15,2,28,1,1,1,7547,0.0919,0,0,86993
comedy,Sunday,15,9662,15,15,120,1,0,0,5093,0.0171,7,0,7580
fashion,Saturday,1,1806,15,21,197,1,1,0,797,0.0058,3,0,6101
fashion,Wednesday,5,3426,15,7,173,1,0,0,710,0.0632,7,0,18956
gaming,Friday,21,11805,45,25,143,1,0,0,5702,0.1148,7,0,32356
finance,Saturday,7,7403,15,6,178,1,1,0,1682,0.1243,1,0,10255
fashion,Tuesday,4,13917,30,24,10,1,1,1,9781,0.0847,5,0,19497
comedy,Thursday,8,9688,15,22,138,1,0,1,1366,0.1309,9,1,20491
gaming,Friday,0,3118,60,16,252,1,0,0,519,0.0233,3,0,3290
comedy,Thursday,8,1873,7,24,18,1,1,0,32,0.1448,2,0,3802
gaming,Tuesday,9,1700,15,27,159,1,0,0,691,0.1387,8,0,8986
finance,Friday,22,929,30,15,121,1,1,0,93,0.0919,9,0,7145
education,Tuesday,3,700,7,20,71,1,1,0,28,0.0135,8,0,1157
travel,Monday,2,134488,30,21,54,1,0,0,194,0.0709,1,0,64856
motivation,Tuesday,9,6151,30,17,168,1,1,0,4474,0.031,4,0,9006
education,Sunday,14,3716,60,15,98,1,1,0,676,0.0961,9,0,18027
fitness,Sunday,10,2013,30,14,69,0,0,0,1566,0.0325,9,0,1700
comedy,Thursday,13,10635,30,1,148,1,1,0,4218,0.0749,6,0,26288
fitness,Wednesday,5,42898,90,28,116,1,1,0,1020,0.0348,8,1,13482
education,Tuesday,11,18067,90,19,25,1,0,0,276,0.0314,7,0,10449
gaming,Saturday,12,25818,45,3,247,1,1,0,449,0.0409,9,0,24832
motivation,Sunday,16,1709,30,4,208,1,0,0,5140,0.0092,3,0,4100
motivation,Wednesday,15,4878,30,6,226,1,0,0,1040,0.1088,2,0,3666
dance,Monday,2,1750,30,28,113,1,1,0,6,0.0495,0,0,3405
motivation,Friday,1,5958,90,26,193,1,0,0,541,0.1062,0,0,4906
travel,Friday,10,48565,45,27,9,1,1,1,3175,0.0998,8,0,27994
motivation,Sunday,8,10839,15,14,94,1,0,0,1580,0.0146,3,0,3546
education,Wednesday,2,91865,7,16,120,1,0,1,142,0.0502,7,1,15504
dance,Sunday,17,2923,7,9,125,1,1,0,246,0.0872,3,0,3112
education,Friday,19,1149,15,19,36,1,1,0,22,0.1382,5,0,3667
education,Tuesday,14,12355,15,28,68,1,1,0,3290,0.0632,3,0,12368
food,Wednesday,13,6087,30,8,296,1,1,0,3803,0.0782,1,0,7219
dance,Thursday,1,8785,15,15,173,1,0,0,839,0.1138,0,0,8353
education,Tuesday,16,6712,30,23,44,1,1,0,544,0.1215,7,0,7979
food,Tuesday,21,2054,15,2,122,1,0,0,126,0.1389,5,0,3078
food,Tuesday,7,6990,15,21,26,1,0,0,2131,0.0771,0,0,4734
dance,Thursday,9,28341,30,26,192,0,0,0,41,0.0331,4,0,19569
fitness,Monday,17,34097,60,8,135,0,1,0,5185,0.1158,2,0,3902
gaming,Saturday,18,2036,30,7,194,1,0,0,3492,0.0232,1,0,7568
travel,Sunday,7,7448,30,22,48,1,0,0,11343,0.0657,2,0,22523
gaming,Friday,7,70178,30,6,95,1,0,0,1212,0.0961,1,0,86532
motivation,Sunday,2,2117,15,16,120,1,0,0,387,0.1053,9,0,3854
travel,Wednesday,2,1526,30,30,248,0,1,0,2602,0.1113,1,0,1394
motivation,Monday,11,20535,15,4,216,0,0,1,5228,0.0331,0,1,1221
education,Wednesday,21,14974,30,6,113,1,0,0,108,0.1473,2,0,15452
comedy,Sunday,16,1089,45,29,13,1,0,0,954,0.0309,2,0,5195
dance,Friday,3,395,45,12,61,1,0,0,1864,0.0189,3,0,14741
travel,Thursday,16,7192,15,17,42,1,0,0,2871,0.1013,2,0,2939
travel,Sunday,13,2313,45,30,239,1,0,1,542,0.1369,7,1,11899
education,Tuesday,18,237,15,21,95,0,0,0,3873,0.0861,3,1,13090
fitness,Sunday,8,1426,15,13,26,1,0,0,160,0.0913,9,0,8862
food,Tuesday,20,14540,15,17,241,1,1,0,62074,0.0831,0,0,21423
education,Thursday,11,3742,30,2,239,1,1,0,314,0.0112,1,0,5237
fashion,Sunday,4,82370,15,16,66,1,0,0,2478,0.1038,6,0,82778
food,Monday,10,114,30,18,280,1,0,1,363,0.0569,5,0,2875
dance,Monday,19,54632,60,30,191,1,1,0,1334,0.1407,8,0,103495
food,Wednesday,2,2646,15,6,118,1,0,0,126,0.0321,5,0,3248
fitness,Thursday,20,2040,30,20,151,1,0,0,9425,0.0488,1,0,18205
food,Monday,14,301,15,3,264,1,0,0,213,0.0782,7,0,1201
dance,Sunday,13,11351,30,14,230,0,1,0,1291,0.0742,8,1,20050
fitness,Thursday,10,183,7,30,248,0,1,0,965,0.063,4,0,8710
gaming,Friday,19,21423,90,28,58,1,0,0,269,0.0506,5,0,31143
travel,Tuesday,7,322,30,27,16,1,0,0,6,0.0263,3,0,6625
travel,Sunday,3,428,45,23,170,1,0,0,9125,0.124,1,0,5410
motivation,Tuesday,11,575,15,7,131,1,0,0,1463,0.0701,4,0,1256
gaming,Tuesday,7,1354,60,15,135,1,0,1,33,0.0881,4,1,3084
gaming,Thursday,5,26788,60,0,41,1,1,0,23,0.0843,0,0,18572
food,Thursday,14,73653,45,24,5,1,0,1,575,0.0884,4,0,39503
travel,Wednesday,11,1631,60,15,169,1,0,0,929,0.1072,0,0,1715
dance,Tuesday,15,4519,15,29,287,1,0,1,713,0.0963,2,0,10063
finance,Wednesday,15,11870,30,24,214,1,0,0,19690,0.0447,8,0,7148
finance,Tuesday,20,2716,30,1,68,1,1,0,38,0.0853,3,0,1621
fitness,Wednesday,19,11063,30,1,26,1,0,0,1676,0.0405,8,0,6072
travel,Wednesday,19,4878,60,7,224,0,0,1,3988,0.0904,5,0,7682
travel,Friday,3,3114,15,11,233,1,0,0,3823,0.0676,0,0,5400
finance,Wednesday,10,381,15,10,50,1,0,0,6553,0.0107,2,0,1924
travel,Thursday,12,6427,15,5,148,1,1,0,1385,0.1114,2,0,10933
food,Wednesday,8,27586,60,18,74,1,0,0,1794,0.0448,3,0,17915
fashion,Tuesday,3,1210,90,27,91,1,0,0,566,0.1384,9,0,4832
comedy,Wednesday,11,142,30,17,67,0,0,0,53,0.0457,3,0,2977
gaming,Monday,8,2765,30,4,234,1,1,0,2116,0.1495,7,0,5395
motivation,Saturday,12,74427,30,14,143,1,1,0,490,0.0721,2,1,54522
fitness,Tuesday,15,43543,30,7,75,0,1,0,247,0.0088,3,0,20916
fashion,Monday,5,1728,15,5,85,1,0,0,2309,0.0161,2,1,1541
finance,Tuesday,9,11158,45,11,226,1,1,1,2759,0.0169,6,0,8824
gaming,Thursday,12,14829,30,18,55,0,0,0,267,0.0132,5,0,6026
travel,Saturday,6,71869,30,11,79,1,0,0,1808,0.0438,0,0,40570
motivation,Saturday,18,301,7,11,23,1,1,1,932,0.0521,9,0,9534
travel,Thursday,23,717,45,8,226,0,0,0,1603,0.0211,0,0,3352
dance,Saturday,18,131,60,23,27,1,0,0,13455,0.0685,5,0,18260
dance,Thursday,16,1449,30,9,120,1,0,0,2657,0.058,2,0,5804
motivation,Monday,12,33501,45,21,92,1,0,0,2284,0.0973,8,0,33626
motivation,Friday,12,1794,30,16,111,1,0,0,186,0.0334,1,0,4171
finance,Tuesday,20,466,30,17,30,1,1,1,247,0.1375,2,0,4095
motivation,Thursday,1,7390,30,15,142,1,0,0,2872,0.0798,8,0,7135
food,Tuesday,9,7740,45,3,297,1,1,0,45,0.0954,5,0,6360
travel,Monday,21,787,30,17,226,1,1,0,537,0.0107,0,0,4966
fashion,Friday,12,1976,45,2,249,1,0,0,238,0.0861,1,0,4080
education,Monday,8,6444,30,15,49,1,0,0,825,0.0584,6,0,5615
motivation,Saturday,0,18821,45,13,213,1,1,0,712,0.139,5,1,14873
fitness,Tuesday,13,1528,45,23,268,1,1,1,1423,0.1334,0,0,7264
dance,Sunday,15,1179,30,8,287,1,0,0,2780,0.0975,9,0,5135
food,Friday,19,153675,60,5,194,1,0,0,7579,0.1163,1,0,110264
gaming,Saturday,14,3001,30,3,253,1,1,0,8809,0.0985,5,0,8149
education,Friday,0,7700,90,26,78,0,0,0,682,0.0075,5,0,5287
fashion,Saturday,16,15788,45,1,243,1,1,0,336,0.107,5,0,15162
education,Monday,23,197,15,22,90,1,0,0,226,0.0307,8,0,2662
motivation,Thursday,12,4753,60,9,5,0,1,1,575,0.104,1,0,3949
finance,Tuesday,14,254,30,10,280,1,0,0,152,0.0065,9,0,3442
dance,Wednesday,15,3883,90,6,149,1,1,0,2805,0.0501,9,0,8215
dance,Wednesday,15,58198,45,25,281,1,1,0,8492,0.08,8,0,37553
gaming,Monday,1,814,7,24,190,1,0,0,51,0.0533,8,0,13211
finance,Tuesday,16,244,30,4,273,1,1,0,1117,0.1056,9,0,1458
travel,Tuesday,10,146948,30,25,72,1,0,0,24634,0.0808,8,0,40757
comedy,Monday,7,623,60,3,67,0,0,1,56,0.1442,8,0,5795
food,Tuesday,19,331,45,25,62,1,1,1,21046,0.0569,2,0,12732
dance,Thursday,2,90604,30,5,133,1,0,0,196,0.1097,9,0,112967
fitness,Monday,11,580,45,27,267,1,0,0,325,0.1262,8,0,4716
dance,Thursday,19,94925,30,1,222,1,0,0,3771,0.0418,9,0,64079
education,Tuesday,15,8049,15,1,125,1,0,0,3026,0.1143,8,0,3951
dance,Monday,13,49569,15,15,264,1,1,0,888,0.062,2,0,52356
dance,Tuesday,15,6870,15,27,6,1,0,0,238,0.0237,3,0,3114
comedy,Monday,20,34319,15,24,205,1,0,0,91,0.0055,3,0,27912
comedy,Tuesday,16,940,15,22,178,1,0,0,940,0.1128,3,0,4906
fashion,Thursday,10,1628,7,22,182,0,0,0,717,0.032,6,0,6010
travel,Sunday,16,109,60,12,227,1,0,0,224,0.0124,4,0,2425
fitness,Thursday,18,28260,15,20,235,1,1,0,657,0.0771,6,0,34541
dance,Tuesday,21,10459,15,6,145,1,0,0,1811,0.0553,5,0,6008
dance,Monday,0,801,15,24,57,1,0,1,9318,0.1053,6,0,14345
food,Wednesday,11,211,30,25,295,1,1,0,1619,0.0206,7,0,2502
comedy,Thursday,14,8162,30,4,240,1,0,0,771,0.0242,5,0,6249
fitness,Thursday,17,100379,15,24,286,1,0,0,211,0.0636,8,0,23996
gaming,Saturday,22,3834,30,16,162,1,1,0,247,0.0805,3,0,6002
fashion,Wednesday,13,1502,45,12,25,0,0,0,1690,0.1245,4,0,3490
travel,Tuesday,0,909,30,14,105,1,0,0,1884,0.0899,8,0,5062
finance,Sunday,12,46575,30,27,239,1,0,0,703,0.1359,8,0,19494
travel,Monday,14,1208,30,2,41,1,0,0,6701,0.0366,1,0,2631
education,Saturday,6,2519,15,22,132,1,0,0,1233,0.0915,1,0,8684
dance,Tuesday,14,32052,45,3,43,1,1,0,414,0.1,8,0,42939
fashion,Friday,19,15482,60,14,34,0,0,0,295,0.1102,5,0,29425
education,Sunday,9,2699,30,17,0,0,1,0,258,0.1484,7,0,7367
fitness,Thursday,13,1396,15,27,225,1,1,0,2864,0.0729,7,0,10622
finance,Friday,5,68736,90,29,298,1,1,1,316,0.0586,7,1,31185
comedy,Thursday,13,658,30,2,287,1,0,0,1359,0.1286,4,0,2154
fashion,Thursday,23,3366,15,6,235,1,0,0,200,0.0306,9,0,4088
fashion,Friday,21,326,30,7,32,1,0,0,785,0.0104,3,0,3120
dance,Sunday,11,41771,45,10,94,1,1,0,983,0.0693,2,0,33593
motivation,Friday,10,2090,60,24,204,1,0,0,124030,0.0408,3,1,53544
fashion,Tuesday,19,1395,30,21,108,1,1,0,80,0.0625,7,0,2923
food,Saturday,21,16171,15,25,29,0,0,0,5526,0.148,3,0,47153
finance,Saturday,23,377,30,8,265,1,1,0,235,0.0555,7,0,2287
finance,Friday,18,15424,90,19,22,1,0,0,16309,0.1077,7,0,19936
food,Tuesday,1,2568,15,11,96,1,1,0,271,0.0413,0,0,3631
gaming,Saturday,21,561,60,4,38,1,0,0,8712,0.049,8,1,14497
food,Tuesday,19,826,30,0,172,1,1,1,1708,0.0403,2,0,3037
food,Tuesday,0,1434,45,13,247,1,0,0,76,0.088,5,0,2422
finance,Thursday,7,2209,30,24,161,1,1,0,1631,0.0378,2,1,8994
travel,Saturday,13,568,30,24,179,1,1,0,3075,0.1092,8,0,12215
finance,Saturday,8,8350,45,24,102,1,0,0,3552,0.1036,0,0,14402
motivation,Thursday,1,542,60,2,208,1,0,0,682,0.0661,6,0,1981
dance,Friday,22,100,15,28,21,0,0,0,196665,0.0087,4,1,447422
education,Thursday,4,155642,30,14,4,1,0,0,53753,0.0083,2,0,75516
travel,Saturday,22,7018,15,9,138,1,1,0,2156,0.0823,6,0,4602
comedy,Saturday,7,182971,15,25,213,1,0,0,78,0.1267,0,1,296040
education,Sunday,15,751,45,9,159,1,0,0,148,0.0918,5,0,1593
dance,Friday,21,11656,15,23,138,1,1,1,640,0.0682,6,0,33058
motivation,Thursday,15,24594,45,2,144,1,0,0,905,0.1329,8,0,4611
motivation,Monday,12,3495,30,28,159,1,1,0,210,0.0336,8,0,8292
comedy,Monday,19,365,90,5,82,1,0,0,369,0.0571,6,0,3851
travel,Friday,14,3053,15,4,154,1,0,0,20,0.087,4,0,3054
gaming,Thursday,0,15176,7,23,287,1,0,0,14,0.0473,6,0,6351
food,Thursday,21,14168,7,18,280,1,0,0,1127,0.1497,0,0,11859
travel,Tuesday,2,4900,60,13,63,1,0,0,26496,0.0706,6,0,8118
gaming,Saturday,5,24713,30,16,191,1,0,0,49,0.0125,9,0,8417
motivation,Wednesday,21,22700,7,11,155,1,0,0,715,0.0305,3,0,8486
finance,Sunday,13,1914,60,8,90,1,0,0,1056,0.0822,1,0,4353
dance,Friday,3,318,60,25,141,0,0,0,2311,0.0848,5,0,19202
comedy,Wednesday,17,6924,60,24,41,1,0,0,395,0.1477,6,0,5501
dance,Wednesday,14,1281,15,2,248,1,1,1,121,0.092,6,0,3843
fitness,Friday,8,6366,30,17,294,1,1,0,3990,0.1017,7,0,24390
fitness,Thursday,17,55378,45,3,257,1,1,0,22,0.036,4,0,12586
travel,Friday,2,10801,30,13,0,0,1,0,2353,0.0205,9,0,2542
motivation,Wednesday,9,50678,15,23,108,0,1,0,219,0.0923,9,0,13144
motivation,Saturday,16,795,15,5,124,1,0,1,1785,0.1304,7,0,1176
food,Sunday,6,34801,90,25,63,1,0,0,11170,0.0902,3,0,71685
food,Sunday,14,100496,15,14,205,1,0,0,277,0.0692,9,0,63852
food,Saturday,0,5518,45,30,243,1,1,0,525,0.0888,0,0,11618
finance,Saturday,10,321160,30,16,77,1,1,0,472,0.073,7,0,197770
education,Thursday,16,1050,45,30,110,1,0,0,104500,0.0256,3,0,24516
fashion,Monday,4,1556,45,23,141,0,0,0,848,0.1125,4,0,12622
education,Friday,6,15833,30,4,215,1,1,0,774,0.0823,3,0,14615
dance,Sunday,18,5421,30,28,15,1,0,0,922,0.0629,6,0,15597
education,Saturday,23,1290,45,5,53,1,0,0,16412,0.0861,9,0,16022
finance,Friday,14,14978,15,20,140,1,0,0,306,0.04,2,0,11205
dance,Sunday,2,9320,45,25,78,1,1,1,5359,0.0671,1,1,25070
education,Saturday,14,1710,45,4,148,0,0,0,240,0.0953,9,0,8979
finance,Sunday,4,6907,30,18,126,1,0,0,209,0.0378,1,0,3001
fashion,Thursday,22,19268,30,13,157,1,0,0,2302,0.1136,6,1,24739
education,Monday,11,1643,15,3,278,1,0,1,12437,0.0805,9,0,2943
finance,Monday,19,12463,45,4,37,1,0,0,509,0.1299,5,0,3686
food,Saturday,4,1032,7,10,156,1,0,0,502,0.1278,1,0,4364
motivation,Sunday,2,1461,90,26,287,1,0,0,3906,0.0767,7,0,11516
food,Thursday,8,36346,90,1,111,1,0,0,1073,0.0333,5,0,4921
motivation,Tuesday,8,14834,15,21,189,1,0,0,4272,0.1118,7,0,9618
comedy,Friday,6,164,15,1,105,1,0,0,42,0.0657,5,0,2756
comedy,Friday,1,2505,30,19,90,0,1,0,137,0.0912,3,0,6360
comedy,Wednesday,22,11866,90,11,48,1,0,0,969,0.0206,7,0,34451
fashion,Thursday,22,6310,30,15,160,1,0,0,2707,0.0966,3,0,9082
food,Sunday,20,14954,30,16,3,1,1,0,845,0.0592,5,0,16847
motivation,Wednesday,15,6055,45,3,197,1,0,0,1286,0.0535,4,0,3769
finance,Saturday,8,3871,15,13,253,1,0,0,3688,0.1471,3,0,7510
dance,Sunday,12,3663,30,6,89,1,0,1,90,0.0677,6,0,5477
finance,Wednesday,18,35035,15,14,19,1,1,0,3687,0.1033,7,0,20035
dance,Monday,19,17169,30,29,76,0,1,0,8966,0.096,5,1,31581
fitness,Friday,16,10183,15,15,219,0,0,0,552,0.0201,0,0,3855
finance,Sunday,5,5766,30,7,161,1,1,0,195,0.1134,6,0,6193
education,Wednesday,3,1830,60,1,114,1,0,0,6487,0.0519,3,0,3421
education,Monday,0,2829,30,18,93,1,1,0,34168,0.1208,1,0,2487
travel,Thursday,17,33403,45,0,132,1,0,0,1473,0.0931,2,0,4507
food,Wednesday,18,28195,7,30,171,0,1,0,187,0.051,9,0,18038
dance,Saturday,8,1529,30,22,113,1,0,0,1083,0.0567,3,0,18749
dance,Saturday,12,5883,7,3,8,1,0,0,206,0.1111,6,0,6333
food,Saturday,7,12055,30,26,298,1,0,0,4592,0.0848,8,0,24620
fashion,Sunday,22,10718,15,25,259,1,1,0,991,0.1019,9,0,29778
travel,Friday,12,10570,15,23,169,1,1,0,171,0.028,5,0,14965
fashion,Wednesday,14,663,7,20,97,1,0,0,1634,0.1191,9,0,5876
fashion,Thursday,10,596,15,24,168,1,1,0,295,0.0515,4,0,2515
fashion,Wednesday,11,40390,30,21,217,1,1,0,79,0.0949,8,0,11161
food,Friday,13,74328,30,10,43,1,1,0,5006,0.0216,7,0,181012
fashion,Monday,3,341,7,9,260,0,0,0,1992,0.0516,7,1,3300
education,Friday,0,4675,45,17,284,1,0,0,429,0.0991,7,1,14383
comedy,Saturday,23,21275,30,0,125,1,0,1,13962,0.0448,7,0,11549
fitness,Sunday,3,100,30,16,259,1,0,0,246,0.1326,7,0,8855
dance,Monday,18,711,60,15,213,1,1,1,459,0.1009,9,0,8067
dance,Sunday,8,4163,15,11,199,1,1,0,2321,0.1312,9,0,14272
fitness,Saturday,9,1677,15,27,235,1,1,0,6326,0.0623,6,0,13332
food,Tuesday,3,7161,30,29,135,1,0,0,2396,0.0099,1,0,2945
finance,Friday,19,69346,90,29,115,1,1,0,354,0.0885,1,0,36598
food,Friday,8,1058,30,15,154,0,0,0,682,0.0542,4,1,6319
dance,Thursday,12,5380,60,8,17,1,1,0,301,0.07,5,0,6934
dance,Wednesday,11,2642,45,16,3,1,0,1,564,0.1038,8,0,6916
fitness,Monday,10,6282,30,2,164,0,1,0,656,0.1066,0,0,1715
fashion,Sunday,11,4966,30,27,126,1,1,0,2521,0.009,6,0,11038
food,Monday,17,566343,30,17,212,1,1,0,275,0.1165,6,0,177679
motivation,Thursday,11,71771,30,14,47,1,0,0,7402,0.0766,7,0,51882
fitness,Thursday,15,285,30,14,45,1,0,0,1043,0.0857,0,0,2939
education,Sunday,4,972,45,30,45,1,0,0,198,0.0482,9,0,4937
dance,Wednesday,19,1211,30,15,47,1,0,1,2385,0.066,3,0,21031
fitness,Sunday,11,532,7,27,186,1,1,0,862,0.108,9,0,4813
food,Sunday,20,418,45,19,119,1,1,0,436,0.1176,4,0,7009
dance,Saturday,10,3565,45,0,131,0,0,0,18639,0.0611,1,0,8176
finance,Wednesday,8,1297,90,30,18,1,0,0,586,0.1052,1,0,6609
fitness,Friday,17,988,30,0,274,1,1,0,442,0.0424,3,0,999
travel,Saturday,2,186624,7,3,231,1,0,0,7490,0.1256,2,0,133355
dance,Tuesday,19,1469,15,28,41,1,0,0,3004,0.0934,6,0,11932
food,Wednesday,16,2213,45,12,91,1,1,0,4958,0.1174,6,0,8590
comedy,Thursday,13,18669,7,29,260,1,1,0,355,0.0742,1,0,27912
motivation,Saturday,0,2200,60,3,47,0,0,0,1702,0.0382,4,0,2029
gaming,Wednesday,16,602,15,22,281,1,0,0,68,0.0672,4,0,2741
fashion,Monday,7,3089,60,7,73,1,0,0,23,0.0603,7,0,4599
gaming,Sunday,4,182721,45,12,215,1,0,1,336,0.0532,7,0,62632
food,Tuesday,4,2066,60,23,220,1,0,1,1205,0.0358,3,0,5073
education,Friday,8,952,15,7,108,1,0,0,133306,0.1151,9,1,94907
education,Sunday,2,10471,30,13,134,1,1,0,13353,0.0175,0,0,8151
comedy,Monday,18,2833,7,29,237,1,1,0,123,0.1337,5,0,7687
fashion,Monday,22,680232,15,27,154,1,1,0,6318,0.0304,6,1,234985
travel,Tuesday,8,1192,15,29,55,1,0,0,74,0.1471,0,0,6788
comedy,Friday,21,111381,45,24,197,1,0,0,23530,0.1483,7,0,120522
gaming,Thursday,17,39898,7,0,37,1,1,0,399,0.0628,8,0,23037
comedy,Saturday,15,2473,60,8,216,1,1,0,347,0.1482,7,0,9848
gaming,Friday,0,4883,7,25,230,1,1,0,8437,0.131,2,0,25254
dance,Wednesday,1,769,30,23,256,1,1,0,358,0.017,8,0,4554
education,Monday,13,1864,7,0,208,0,1,1,36189,0.1424,9,0,12341
dance,Wednesday,13,2442,45,6,200,1,0,0,350,0.0112,2,0,1139
motivation,Thursday,0,6529,15,24,136,1,0,0,6470,0.0314,3,0,3860
fashion,Wednesday,15,386,60,19,127,0,0,1,1382,0.0898,5,0,2678
travel,Friday,14,8609,30,12,52,1,1,0,4262,0.0167,6,1,14686
gaming,Wednesday,14,3779,90,14,83,1,0,0,146,0.0285,7,0,19821
travel,Thursday,11,10062,15,28,208,1,1,0,28,0.1433,6,0,12645
gaming,Thursday,15,13162,30,8,284,1,0,0,167,0.1492,2,1,14317
food,Thursday,13,3272,45,15,35,1,1,0,488,0.1207,1,0,4998
comedy,Friday,23,11834,60,16,214,0,0,1,735,0.0797,1,0,5417
motivation,Thursday,14,4201,30,8,26,1,0,0,416,0.1355,8,1,5865
education,Monday,22,18736,60,5,145,0,1,0,15,0.0212,6,0,6088
gaming,Sunday,14,8682,15,19,17,1,0,0,305,0.1417,6,0,9194
travel,Thursday,18,6808,45,11,117,1,0,0,1186,0.056,4,0,9531
motivation,Wednesday,7,4087,15,15,136,1,0,0,674,0.1299,5,0,3872
finance,Saturday,1,50638,15,27,66,1,1,1,518,0.1019,6,0,43578
finance,Wednesday,1,10191,30,20,29,1,1,1,436,0.1442,8,0,6139
dance,Saturday,9,455,60,14,72,1,1,0,1227,0.1304,9,0,13448
education,Wednesday,2,2101,90,6,122,1,1,0,135,0.1337,3,0,2830
food,Friday,22,3256,30,9,227,1,1,0,671,0.0966,5,1,7392
travel,Wednesday,16,4904,60,28,272,1,0,1,485,0.1258,0,0,10058
comedy,Friday,7,6755,30,3,245,1,0,0,90,0.1148,6,0,4467
comedy,Friday,22,898,45,23,38,1,0,0,762,0.0284,3,0,22315
travel,Thursday,3,4348,7,2,169,0,0,0,20,0.099,1,0,1020
fashion,Monday,13,2792,30,17,101,1,1,0,282,0.0265,3,0,8794
food,Saturday,20,34632,7,0,293,1,0,0,2151,0.1311,7,0,41172
motivation,Thursday,9,819,15,29,242,0,0,0,2499,0.0146,1,0,9079
gaming,Thursday,0,4763,30,12,156,0,0,0,1125,0.1481,0,0,4383
fashion,Sunday,3,1431,60,21,264,0,0,0,1719,0.0631,0,0,5141
gaming,Friday,0,140560,30,17,256,1,1,0,3788,0.0297,6,0,98845
gaming,Friday,16,47188,90,7,122,1,0,0,1351,0.1407,6,0,32985
fashion,Saturday,16,255,60,30,46,1,1,0,11534,0.0116,3,0,23117
dance,Wednesday,6,1172,15,10,9,1,0,0,15,0.0732,4,0,5998
finance,Wednesday,22,23568,30,9,143,1,1,1,5707,0.1167,4,0,15243
gaming,Thursday,19,11193,45,28,298,1,0,0,14,0.0509,6,0,12668
fashion,Tuesday,14,10579,90,3,151,1,0,0,313,0.0817,2,1,10613
fashion,Tuesday,12,6929,90,24,135,1,1,0,4726,0.1066,4,0,7224
fitness,Wednesday,1,27232,45,3,74,1,0,0,3790,0.143,6,0,20924
dance,Tuesday,18,20045,30,3,25,1,0,0,157,0.0199,6,0,7503
education,Sunday,23,2913,45,28,6,0,0,0,996,0.0278,8,0,2581
fitness,Wednesday,12,567,15,11,78,0,0,1,333,0.0788,3,0,3401
fitness,Friday,23,234,15,7,14,1,1,0,5971,0.0657,0,0,2793
travel,Thursday,10,4078,45,27,206,1,0,0,939,0.0646,4,0,4064
finance,Monday,21,179,60,12,88,1,1,0,299,0.0481,3,0,2813
fashion,Thursday,14,7721,90,7,96,1,0,0,2353,0.0863,2,0,9473
finance,Wednesday,9,2822,15,20,215,1,0,0,3491,0.1331,6,1,5852
food,Sunday,8,162598,45,2,258,1,0,0,742,0.0283,8,0,56462
travel,Wednesday,8,9114,60,11,286,1,1,0,4050,0.0362,3,0,16044
education,Thursday,19,4662,30,17,74,1,0,1,24914,0.1023,5,0,27954
finance,Sunday,0,267,15,14,241,1,1,0,17,0.0131,0,0,4825
comedy,Sunday,16,506,30,24,16,1,0,0,12235,0.1027,0,0,28130
gaming,Sunday,11,16754,30,13,176,1,1,1,19228,0.0506,2,0,16396
food,Saturday,9,2797,30,8,258,1,1,0,2692,0.0569,4,0,4735
dance,Wednesday,4,471500,30,4,122,0,0,0,586,0.0638,5,0,110939
education,Tuesday,17,4232,60,29,110,1,1,0,48,0.0557,8,0,5176
food,Tuesday,14,6661,15,28,255,1,0,1,1193,0.127,8,0,32086
gaming,Wednesday,5,459,30,14,233,1,0,0,490,0.1422,9,0,3897
travel,Wednesday,6,27048,30,7,39,0,0,0,67,0.0845,0,0,13710
gaming,Saturday,16,928,15,22,121,1,1,0,294,0.0894,1,0,3670
fitness,Tuesday,5,12631,90,2,214,1,0,1,1012,0.0152,7,0,3796
gaming,Wednesday,7,21188,15,11,295,1,0,0,1879,0.1084,4,0,9487
fitness,Wednesday,11,5833,30,4,285,1,1,0,141,0.0897,2,0,1662
travel,Saturday,20,116139,60,30,280,1,0,0,9,0.0123,8,0,81060
motivation,Saturday,13,1637,7,28,6,1,0,0,657,0.0338,1,0,11459
fitness,Thursday,11,100305,60,8,91,1,1,0,174,0.0343,6,1,26779
dance,Saturday,22,498,30,19,122,1,0,0,458,0.0298,9,0,25102
gaming,Monday,9,20707,7,2,95,1,0,0,18,0.1005,7,0,6428
gaming,Tuesday,21,3803,60,22,0,1,1,0,577,0.1396,1,0,9930
dance,Thursday,19,1373,7,7,90,1,0,0,2309,0.1156,0,0,5917
comedy,Monday,14,247,30,20,6,1,0,0,451,0.0742,2,1,10086
fashion,Wednesday,6,3074,7,12,119,1,0,0,1348,0.0636,7,0,7731
motivation,Wednesday,8,2743,7,7,128,1,1,0,608,0.061,3,0,4801
education,Thursday,9,6709,60,4,178,1,0,0,21,0.0922,4,0,4192
fitness,Saturday,9,18118,45,24,97,1,0,0,1289,0.0571,8,1,22968
dance,Sunday,15,1146,15,6,42,1,0,0,228,0.0378,3,0,4678
travel,Sunday,6,116410,30,4,182,1,0,0,77,0.0924,8,1,28220
fitness,Wednesday,4,1864,45,28,184,1,1,0,4257,0.0617,5,0,11300
fashion,Sunday,22,14529,60,8,52,0,0,1,1879,0.007,6,0,10522
travel,Friday,2,5780,30,4,227,1,1,0,322,0.0082,7,0,1955
food,Thursday,17,3436,60,7,160,0,0,0,804,0.0447,9,0,3371
gaming,Monday,10,5282,30,11,234,1,0,0,1511,0.0793,9,0,9981
food,Thursday,14,904,45,3,199,0,0,0,36,0.0564,0,0,653
fitness,Tuesday,20,2446,90,8,0,1,0,0,112,0.0085,8,0,7987
fashion,Saturday,19,440,15,27,13,1,0,0,123,0.0374,1,1,4116
motivation,Saturday,4,1828,15,21,212,1,1,0,2967,0.019,2,1,2162
fitness,Thursday,23,2121,15,21,276,1,1,0,25108,0.1426,0,0,7613
dance,Wednesday,11,22502,15,13,33,1,0,0,3577,0.0504,9,0,18300
finance,Wednesday,3,2704,15,18,269,1,1,0,1387,0.0071,2,0,2773
fitness,Friday,14,2193,45,12,167,1,1,0,140,0.1008,1,0,11286
gaming,Friday,8,7303,30,2,169,1,0,1,4823,0.0387,6,0,18975
gaming,Saturday,6,6805,30,3,81,1,0,0,531,0.0872,6,0,6343
fitness,Friday,9,1696,30,0,136,1,1,0,145,0.0269,5,0,7037
travel,Monday,22,9992,15,21,232,1,0,0,4652,0.1477,9,0,11701
finance,Friday,12,3563,30,0,114,1,1,0,15673,0.1457,3,0,18030
dance,Monday,7,1691,30,10,251,1,1,1,4804,0.1001,2,0,12642
fitness,Friday,11,2014,15,15,288,1,0,1,127638,0.1075,6,0,60758
travel,Saturday,21,27141,90,3,48,1,1,0,240,0.0668,2,0,27139
gaming,Saturday,23,2126,30,30,3,1,0,0,429,0.1445,8,0,10579
gaming,Monday,18,7863,90,28,175,1,0,0,188,0.0664,9,0,14677
fashion,Thursday,0,488,15,6,271,1,0,0,186,0.0397,7,0,2191
fitness,Saturday,15,36590,45,11,25,1,0,0,17933,0.0217,6,0,14831
finance,Thursday,21,1720,30,5,69,1,0,0,119,0.0352,1,0,1773
comedy,Wednesday,16,10102,60,23,292,1,0,0,366,0.088,9,0,17115
finance,Monday,17,3124,30,19,233,1,1,0,13650,0.0405,2,0,2516
gaming,Sunday,10,9896,90,8,230,0,0,0,2374,0.0999,7,0,6836
gaming,Saturday,17,10918,30,25,262,1,0,0,143,0.0604,2,0,7579
food,Tuesday,6,3788,45,7,285,0,0,0,933,0.1336,7,0,5254
gaming,Wednesday,17,170,60,13,73,1,0,0,36,0.086,3,1,3970
dance,Thursday,7,35025,45,14,120,1,0,1,733,0.0953,4,0,17021
education,Saturday,5,3820,30,20,5,1,1,0,1278,0.0857,8,0,11242
fitness,Monday,6,9532,15,29,23,1,0,0,1453,0.1334,9,0,20398
finance,Sunday,22,17070,60,21,193,1,1,1,46860,0.0142,1,0,53575
education,Friday,21,2158,30,4,167,1,0,0,4848,0.0148,2,0,5029
travel,Sunday,9,12467,30,14,209,1,1,0,105,0.1068,0,1,9499
comedy,Tuesday,10,1279,7,5,132,1,0,0,1362,0.1164,7,0,2654
dance,Thursday,12,9873,30,0,291,1,0,1,962,0.0679,8,0,9613
finance,Wednesday,8,5092,45,19,173,1,1,0,45762,0.0561,9,0,35043
education,Sunday,6,2297,30,8,150,1,0,0,453,0.0453,8,0,5004
comedy,Monday,8,5348,30,3,87,1,1,0,1423,0.039,2,0,5956
food,Tuesday,12,735,15,1,265,0,1,0,1870,0.1372,4,0,1487
dance,Monday,2,8572,15,5,69,0,0,0,129,0.0478,8,0,4251
dance,Saturday,2,10332,45,1,204,1,1,0,51,0.099,4,0,8252
food,Friday,0,9155,15,2,31,1,1,0,697,0.1191,0,0,6658
fitness,Wednesday,20,73416,30,6,42,1,0,1,4161,0.0082,0,0,9750
food,Monday,19,4142,30,19,117,1,0,0,79,0.0099,3,0,7656
dance,Thursday,1,4689,90,16,14,1,0,1,898,0.0533,6,0,10197
dance,Saturday,2,597,7,8,114,1,0,0,287,0.1059,6,0,5534
education,Saturday,14,83320,15,21,19,1,0,0,22,0.0428,6,1,18188
gaming,Wednesday,23,331,30,8,177,1,1,0,1748,0.0052,5,1,2238
comedy,Saturday,5,7416,30,18,261,1,1,0,2485,0.0468,0,0,6004
food,Thursday,12,1625,7,4,78,1,1,0,4191,0.0181,2,0,4775
comedy,Monday,20,5498,60,24,119,1,1,0,5252,0.0368,4,0,20195
food,Wednesday,0,466,30,5,25,1,0,0,899,0.0533,3,0,1251
travel,Saturday,19,24464,15,17,21,1,0,0,2442,0.0236,3,0,31906
dance,Saturday,18,880,15,30,200,1,1,0,1596,0.1074,8,0,34512
gaming,Thursday,0,40104,60,0,63,1,0,0,6,0.0421,6,1,10820
education,Friday,20,925,15,24,213,0,1,0,54,0.1009,8,0,9859
gaming,Friday,21,28435,15,16,292,1,0,0,249,0.0919,6,0,13330
gaming,Sunday,1,1101,15,13,77,1,0,0,1217,0.1352,9,0,4463
gaming,Saturday,14,1625,30,14,215,1,0,0,1873,0.0178,2,0,4252
comedy,Monday,13,4898,60,4,223,1,0,0,4041,0.0361,9,0,4882
food,Wednesday,18,1068,15,16,27,1,0,0,4227,0.1305,3,0,10848
motivation,Saturday,10,1013,15,20,200,1,0,0,1590,0.1242,8,1,8829
travel,Tuesday,14,1090,15,20,66,0,0,0,2934,0.0329,0,1,6339
finance,Wednesday,5,8724,30,22,125,1,0,0,23530,0.0206,2,0,9954
gaming,Sunday,19,4910,15,22,194,1,0,0,2494,0.1292,3,0,18829
fitness,Friday,8,5403,60,10,173,1,0,0,1025,0.0308,3,0,3562
comedy,Saturday,4,2739,15,9,86,0,1,0,2741,0.1313,6,0,3639
education,Thursday,19,13195,7,16,153,1,0,0,5604,0.1444,3,0,14503
finance,Tuesday,1,32536,7,24,209,1,0,0,24316,0.037,9,0,16500
motivation,Saturday,5,13850,60,0,12,1,1,0,122,0.1269,7,0,8200
fitness,Sunday,17,3373,45,4,163,1,1,0,41,0.0665,0,0,1274
motivation,Monday,22,545,90,15,254,1,0,0,1660,0.1194,2,0,4477
finance,Tuesday,18,139,15,6,63,1,0,0,60,0.0641,9,0,2145
gaming,Sunday,8,4373,15,11,75,1,0,0,666,0.0152,9,0,3597
fitness,Saturday,20,135,30,7,21,1,0,0,41024,0.1083,5,0,122982
motivation,Monday,23,3433,30,17,59,1,1,0,1104,0.0268,2,1,6058
education,Tuesday,5,61372,30,29,55,1,1,0,1128,0.1394,7,0,9968
food,Monday,13,616,15,0,167,1,1,0,492,0.0656,6,0,702
dance,Monday,23,485,7,19,204,1,1,0,22249,0.0169,4,0,7664
food,Tuesday,12,15467,7,11,258,1,0,0,2557,0.0381,1,1,3286
finance,Tuesday,10,100,45,30,190,1,1,1,430,0.1301,4,0,10541
comedy,Monday,11,9771,30,3,54,1,0,0,21160,0.0516,8,0,7619
dance,Sunday,18,69100,60,25,283,1,0,0,1588,0.1292,4,0,99646
travel,Friday,18,1022,15,11,263,1,1,0,478,0.03,2,0,4242
education,Tuesday,20,750,60,21,258,1,0,0,16,0.0729,6,0,3521
travel,Saturday,18,14214,30,0,88,1,0,0,1443,0.1323,2,0,25661
fitness,Wednesday,23,597,7,29,221,1,1,0,444,0.012,7,0,6466
dance,Thursday,12,21151,90,0,88,1,0,0,584,0.0491,4,0,11198
travel,Monday,13,691,30,2,58,0,0,0,522,0.1369,4,0,4717
travel,Monday,23,118554,30,20,151,1,0,0,28,0.0915,5,0,34575
motivation,Thursday,17,16190,45,11,27,1,1,0,184896,0.1089,9,0,53498
food,Friday,11,5263,30,21,224,1,0,1,273,0.1271,5,0,19589
motivation,Thursday,3,106868,45,20,50,1,0,1,4174,0.0809,2,0,43742
dance,Tuesday,9,31469,60,12,262,1,0,1,707,0.1276,6,0,70888
dance,Thursday,16,9542,30,28,278,1,1,0,4,0.0976,8,0,11414
finance,Monday,3,171,45,12,45,1,1,1,815,0.1044,0,0,374
motivation,Thursday,11,1390,45,20,105,1,0,0,1392,0.0272,3,0,1833
fashion,Wednesday,12,34673,15,8,283,1,0,1,368,0.1412,3,0,46483
food,Saturday,3,473,15,17,23,1,0,0,19966,0.1204,0,1,9001
dance,Tuesday,9,1238,15,27,6,1,0,0,39496,0.0419,5,0,36094
finance,Thursday,2,780,30,27,2,0,0,0,1947,0.0891,1,0,5482
motivation,Monday,14,10139,60,0,257,1,0,0,2556,0.0596,5,0,5631
food,Sunday,1,27847,30,5,262,1,1,0,109,0.1008,0,0,9362
motivation,Saturday,16,27897,15,24,120,1,1,1,108,0.1491,9,0,24883
travel,Tuesday,5,1058,30,22,207,1,0,0,296,0.0116,4,0,3543
finance,Monday,7,9893,60,23,20,1,0,0,59891,0.1431,5,0,24288
food,Friday,2,972,15,4,139,1,0,1,366,0.0155,9,0,1558
gaming,Wednesday,17,3364,60,25,279,1,0,0,15277,0.0718,1,0,8555
fitness,Friday,21,12535,45,3,288,1,0,1,258,0.0749,0,0,10547
fitness,Wednesday,0,33205,7,5,205,1,0,0,160,0.044,6,0,3692
food,Thursday,15,102,15,2,42,1,0,0,403,0.0872,0,0,282
motivation,Tuesday,6,5869,30,16,117,1,0,0,383,0.1259,6,0,5541
finance,Thursday,2,61890,45,10,4,0,1,0,256,0.0476,0,0,6309
fitness,Wednesday,22,7465,60,3,206,1,0,1,24911,0.0152,8,0,23234
finance,Wednesday,3,5702,30,24,122,1,0,1,984,0.0967,4,0,5048
fitness,Wednesday,8,1783,30,19,141,1,0,0,736,0.114,5,0,5566
travel,Saturday,4,59003,15,0,231,1,1,0,1153,0.1434,6,0,20470
motivation,Monday,18,1938,45,29,163,1,0,0,6835,0.0281,0,0,10860
travel,Tuesday,14,4104,15,3,34,1,0,0,1153,0.1357,7,0,6266
fitness,Thursday,7,2108,45,22,10,1,1,0,2020,0.0749,5,0,10215
gaming,Thursday,5,5971,15,2,74,1,1,0,8394,0.0392,1,0,5848
gaming,Friday,17,63970,7,9,299,1,1,0,129,0.1446,0,0,65322
travel,Wednesday,18,961,15,21,197,1,0,0,205,0.0396,0,0,4750
gaming,Sunday,23,6018,15,30,263,1,1,0,1362,0.1113,3,1,5691
fitness,Wednesday,14,9935,30,29,223,1,1,0,266,0.1188,2,0,12138
food,Wednesday,6,1138,15,0,121,1,1,0,689,0.0674,5,0,1893
travel,Sunday,9,4419,90,26,73,1,0,0,120,0.105,9,0,12059
comedy,Thursday,5,137642,30,3,27,0,0,0,195,0.088,7,1,79341
motivation,Friday,13,203,30,18,170,1,1,0,10104,0.0328,0,0,5562
gaming,Monday,16,2302,30,29,215,1,1,0,526,0.1152,6,0,6085
gaming,Sunday,8,7715,30,0,100,1,1,1,438,0.1396,7,0,6592
dance,Saturday,18,2498,7,15,245,1,1,0,209,0.0759,4,0,7876
fashion,Tuesday,4,886685,90,18,92,1,0,0,186,0.1492,7,0,815035
travel,Sunday,22,13195,30,30,62,1,0,0,137,0.0671,0,0,16788
education,Monday,6,750,7,19,265,1,1,0,82,0.0746,1,0,3642
gaming,Thursday,18,100,30,20,205,1,1,0,268,0.1027,3,0,3410
motivation,Saturday,19,9067,30,21,79,1,1,0,870,0.0319,0,1,11126
comedy,Saturday,6,1261,7,17,36,1,1,0,3949,0.1358,4,0,4702
gaming,Saturday,23,50011,90,1,10,0,0,0,926,0.1212,9,0,31234
comedy,Wednesday,1,2996,7,5,114,1,0,0,146,0.1315,2,0,1371
fitness,Tuesday,22,1766,30,20,89,1,1,0,371,0.0934,1,0,8978
fitness,Thursday,15,1713,90,0,231,1,0,0,329,0.1331,6,0,3260
fashion,Thursday,12,29019,15,18,18,1,1,0,292,0.1036,1,0,14083
food,Saturday,7,10384,15,26,51,1,1,0,514,0.0792,8,0,22248
education,Thursday,5,115927,7,4,273,1,0,0,6497,0.1401,5,0,121079
dance,Tuesday,5,3336,7,30,93,0,1,0,4219,0.0688,7,0,6788
fashion,Tuesday,8,23204,7,28,31,1,0,0,26726,0.0776,2,0,44683
finance,Friday,3,23929,60,27,150,1,1,0,183,0.0296,4,1,3509
dance,Sunday,10,16528,60,27,139,1,0,0,117,0.1424,2,0,19675
travel,Sunday,4,1963,45,1,57,1,1,0,524,0.0371,8,0,2182
motivation,Friday,16,11523,30,0,20,1,1,0,11302,0.0342,0,0,6723
finance,Monday,19,4125,60,15,148,1,0,0,16,0.0197,7,0,7785
finance,Sunday,6,3935,30,24,220,1,1,0,1377,0.0707,5,0,7389
fashion,Tuesday,14,1152,15,30,220,1,1,0,557,0.0447,6,0,3232
food,Tuesday,14,108,30,20,241,1,1,0,3816,0.1124,1,0,12480
fashion,Sunday,13,46493,7,1,218,1,1,0,2541,0.0496,6,0,14365
travel,Tuesday,12,10687,90,25,28,0,0,0,3782,0.1095,0,0,6926
gaming,Friday,10,438,30,3,46,1,0,1,2922,0.0334,6,0,4125
gaming,Saturday,12,17887,45,2,57,1,0,1,297871,0.0383,7,0,248292
food,Saturday,21,48177,45,22,274,1,1,0,38894,0.1219,1,0,118796
travel,Thursday,23,19926,45,16,139,0,0,0,5714,0.0588,9,1,10659
food,Saturday,8,987,7,14,22,1,0,1,415,0.0212,1,0,9773
comedy,Wednesday,9,1316,30,9,62,1,0,0,517,0.1444,2,0,6371
gaming,Friday,3,1833,60,11,51,1,0,0,10919,0.0307,9,0,5984
finance,Tuesday,16,23154,7,11,265,1,1,0,11798,0.0268,3,0,2224
education,Sunday,13,11639,90,19,166,1,0,0,200,0.057,7,0,10957
motivation,Saturday,23,746032,30,6,150,1,1,0,20,0.0189,2,0,433688
travel,Friday,17,256,15,26,10,0,0,0,28,0.0276,5,0,2228
dance,Saturday,10,4470,30,9,94,1,1,0,11445,0.1277,9,0,9096
food,Monday,15,152,60,28,71,1,0,0,16658,0.0299,7,0,10652
motivation,Tuesday,0,14385,30,4,47,1,0,1,1135,0.0212,9,0,5476
dance,Monday,6,33537,30,19,271,1,0,0,2095,0.1326,1,0,50853
motivation,Tuesday,9,65893,30,19,94,1,0,0,38742,0.0694,3,0,94952
education,Friday,8,6900,30,10,232,1,0,0,61586,0.0278,0,0,41825
dance,Thursday,2,156,15,27,47,1,0,0,4269,0.0893,7,0,4869
fashion,Saturday,21,4490,7,29,207,0,0,0,1050,0.011,0,0,5994
fitness,Saturday,22,10788,15,1,226,1,0,0,461,0.067,8,0,8375
fashion,Wednesday,13,804,15,23,76,1,1,0,624,0.0906,5,0,11144
gaming,Sunday,14,3050,15,15,218,1,0,1,232,0.1438,2,0,6271
fitness,Monday,1,493,30,11,80,1,1,0,4037,0.0523,7,0,6690
fashion,Saturday,23,1631,30,15,36,1,1,0,843,0.1159,1,0,2504
fitness,Friday,13,25398,7,3,101,1,0,1,212,0.0242,2,0,11733
fitness,Thursday,15,16718,7,1,190,0,0,0,10492,0.0679,6,0,5951
finance,Sunday,6,398,7,24,28,1,0,0,3313,0.0374,0,0,7319
food,Friday,3,1381,30,29,252,1,0,1,1836,0.0764,8,0,6406
food,Monday,17,5446,7,29,250,0,1,0,795,0.0655,9,0,8180
finance,Wednesday,23,7388,30,28,225,0,0,0,2736,0.1471,8,0,4910
motivation,Saturday,4,1490,30,27,93,1,0,0,546,0.138,2,0,5267
comedy,Friday,5,11586,30,9,85,1,0,0,278794,0.0894,3,0,217396
motivation,Sunday,6,4612,45,12,109,1,1,0,105365,0.0306,1,0,60402
dance,Tuesday,14,100,15,22,216,1,1,0,213,0.0858,9,0,8061
dance,Thursday,0,1756,15,30,195,1,1,0,652,0.1199,0,0,8389
fitness,Sunday,23,1668,15,18,296,1,1,1,181,0.0105,7,0,4923
fashion,Friday,3,16662,7,14,43,1,0,0,25,0.0679,8,0,4516
fashion,Thursday,0,17204,15,22,89,1,0,0,33310,0.0112,8,0,14371
food,Saturday,10,242,45,0,154,1,0,0,812,0.0404,9,0,1166
travel,Tuesday,17,10821,15,27,108,1,0,1,122,0.0184,4,0,4286
motivation,Wednesday,13,4302,90,16,58,0,0,0,34,0.1443,4,0,8776
gaming,Sunday,21,6170,15,19,109,1,0,0,1712,0.0295,4,0,12279
education,Wednesday,10,1628,45,3,105,1,0,0,2245,0.0268,5,1,4171
fashion,Tuesday,9,4397,45,19,220,1,0,1,2497,0.1459,3,0,19220
education,Thursday,16,38971,15,8,262,0,1,0,9325,0.0798,1,0,17867
fitness,Saturday,3,6014,15,5,81,0,1,0,6585,0.1149,1,0,2233
education,Friday,23,4553,30,2,271,0,0,0,83,0.0525,5,0,2593
gaming,Tuesday,14,2074,60,21,48,1,0,0,124,0.0823,4,0,4801
finance,Monday,15,32665,30,1,31,1,0,1,7702,0.006,3,0,7941
gaming,Thursday,20,490,7,17,88,1,1,1,318,0.0643,5,0,9274
education,Wednesday,12,1160,30,22,18,1,1,0,58,0.0855,3,0,6432
gaming,Sunday,8,441,15,29,2,0,0,0,70,0.0796,9,0,12348
comedy,Tuesday,10,7053,90,18,59,1,0,0,7142,0.0638,3,0,28809
fitness,Wednesday,10,41091,45,6,241,0,0,0,6896,0.1192,5,0,23657
motivation,Thursday,5,2719,7,2,28,1,0,0,1417,0.0777,3,0,939
finance,Wednesday,0,716,15,27,74,1,1,1,166,0.0972,8,0,6217
fashion,Tuesday,21,93489,7,27,69,1,0,0,966,0.0318,6,0,27140
dance,Thursday,5,11073,60,17,82,1,1,0,796,0.1299,5,0,24933
motivation,Monday,12,8099,60,19,172,0,0,1,454,0.0576,2,0,13216
dance,Tuesday,21,3489,15,30,196,1,1,0,4306,0.0749,3,0,19080
fitness,Friday,23,16386,30,19,146,1,0,0,419,0.0561,1,1,4379
finance,Saturday,21,7874,90,18,272,1,0,0,3230,0.1343,2,0,12073
food,Tuesday,4,2066,15,8,34,0,1,0,2138,0.1356,0,0,4366
fashion,Thursday,14,2793,15,15,112,0,1,0,61,0.0375,8,0,19115
comedy,Sunday,17,783,15,5,205,1,1,1,59082,0.1141,9,0,31678
food,Saturday,19,626,7,20,157,1,1,0,3476,0.0199,2,0,9093
fitness,Tuesday,13,2881,7,28,252,1,1,1,45,0.0093,7,1,4001
motivation,Monday,14,39245,90,11,121,1,0,0,61,0.1263,3,0,11432
comedy,Sunday,4,763,30,27,47,0,1,0,26064,0.024,7,0,20035
gaming,Monday,3,22147,15,5,184,1,1,0,1571,0.0274,6,0,10855
education,Friday,1,1166,30,12,272,1,0,0,3366,0.093,3,0,1927
comedy,Sunday,6,197,45,26,100,0,0,0,2382,0.1234,6,0,16834
fitness,Wednesday,9,13146,30,23,14,1,1,1,9650,0.0325,7,1,36793
travel,Sunday,15,92206,15,4,127,1,1,0,10547,0.0216,9,0,40815
education,Saturday,9,1053,15,28,209,1,0,0,189,0.0162,2,0,14983
dance,Sunday,17,291,45,30,111,1,1,0,3000,0.0086,4,0,9414
fashion,Thursday,16,11146,15,12,269,1,1,0,66,0.0219,2,0,6658
dance,Thursday,20,932,7,19,141,1,0,1,124,0.1417,6,0,11997
comedy,Wednesday,12,12912,30,6,172,1,1,1,597,0.0188,5,0,19864
dance,Sunday,0,39052,7,11,165,0,0,0,36,0.0916,0,0,23375
fitness,Monday,0,8911,90,29,118,1,0,0,231,0.1385,9,0,6454
gaming,Monday,14,21111,30,20,202,1,0,0,14,0.096,4,0,17701
motivation,Tuesday,0,21373,15,3,10,0,1,0,1053,0.0097,3,0,5400
fashion,Friday,5,29199,15,29,248,1,0,0,29295,0.0915,1,0,25754
dance,Saturday,12,5331,30,4,247,1,1,0,1169,0.1359,0,0,16144
dance,Friday,0,19977,30,15,153,1,0,0,1175,0.0518,6,1,12949
comedy,Sunday,4,6607,45,26,24,1,1,0,534,0.0505,6,0,13299
motivation,Friday,8,9940,30,3,220,1,1,1,7735,0.0411,5,0,17169
food,Tuesday,16,1194311,30,7,109,1,1,0,988,0.0783,4,0,276326
dance,Friday,15,7592,90,15,89,0,1,0,121,0.0395,8,0,6165
fitness,Wednesday,7,331,30,7,264,1,1,0,1539,0.1099,1,0,2337
travel,Tuesday,16,3444,30,16,39,1,0,1,24463,0.0985,2,0,9982
fashion,Wednesday,14,2810,45,13,262,1,0,1,63,0.0631,8,0,15926
dance,Sunday,23,3051,60,11,157,1,0,1,167,0.1098,1,0,5135
fitness,Tuesday,0,27342,30,2,117,1,1,0,889,0.0193,2,0,8416
fitness,Sunday,11,37611,45,26,255,1,0,0,544,0.1137,5,1,31704
fashion,Sunday,4,4063,30,19,195,1,0,0,2540,0.0924,9,0,6674
food,Friday,23,401,30,1,13,1,1,0,153,0.0964,6,0,1627
fitness,Wednesday,5,5874,15,29,117,1,1,1,380,0.0144,1,0,8549
travel,Sunday,0,1848,45,12,216,1,1,0,1217,0.0946,7,0,6726
fitness,Wednesday,0,7177,15,20,204,1,0,0,1304,0.0766,8,0,4756
fitness,Wednesday,9,3953,7,10,76,1,0,0,200135,0.0755,0,0,88380
fitness,Tuesday,9,43890,90,23,171,1,0,0,5253,0.0517,5,0,23836
gaming,Thursday,2,8059,15,11,25,1,0,1,50,0.0061,3,0,4679
gaming,Friday,16,1858,15,17,127,1,0,0,143,0.0663,9,0,11977
food,Sunday,18,405,15,29,141,1,0,0,72,0.0631,9,0,13954
dance,Wednesday,10,4507,15,8,23,1,0,0,27665,0.0663,4,0,8835
fitness,Saturday,17,4536,30,28,231,1,0,0,129,0.0937,5,0,5285
motivation,Thursday,1,3064,7,6,176,1,0,0,3550,0.0485,5,0,3824
dance,Sunday,8,19842,7,5,234,1,0,0,2905,0.0441,6,0,15680
food,Saturday,23,407,15,23,25,1,1,0,58,0.0772,8,0,3910
finance,Friday,16,1245,15,13,265,1,1,1,474,0.0909,3,1,5267
dance,Friday,13,5405,15,17,116,1,1,0,646,0.0873,8,0,4774
dance,Wednesday,3,1795,30,13,57,1,0,0,46,0.1328,0,0,4127
education,Wednesday,16,2586,15,4,269,0,1,1,38948,0.1165,8,0,5568
comedy,Sunday,16,4409,7,19,294,1,1,0,1541,0.0126,7,0,11340
education,Tuesday,11,16894,60,23,121,1,0,0,26536,0.0867,1,0,10880
travel,Thursday,19,4100,60,12,158,1,0,0,90773,0.0656,6,0,92057
gaming,Sunday,17,141,15,0,177,1,0,0,1509,0.0574,6,0,1687
gaming,Thursday,2,1660,15,11,143,0,1,1,2315,0.1439,1,0,7134
comedy,Wednesday,10,11996,30,18,88,1,0,0,226,0.0712,7,0,3179
fashion,Friday,17,19395,30,9,238,1,1,0,15790,0.1093,5,0,33680
fashion,Wednesday,3,21421,90,23,37,1,0,0,996,0.1452,5,0,10553
food,Friday,16,35671,30,4,78,1,1,0,470,0.0269,4,0,15632
comedy,Sunday,17,6082,30,19,251,1,1,0,236,0.0129,7,0,9379
dance,Friday,4,7892,60,5,148,1,1,1,1269,0.0505,9,0,4799
fashion,Wednesday,13,792,30,11,15,1,0,1,3801,0.0114,8,0,12035
fitness,Monday,9,100,15,20,268,0,0,0,1647,0.0219,4,0,6126
motivation,Thursday,14,383,30,2,117,1,1,0,2765,0.1488,0,0,2346
dance,Saturday,0,1389,15,28,191,1,1,0,712,0.1442,5,0,10337
travel,Friday,15,425,7,26,287,1,0,0,3009,0.1052,0,0,5071
fitness,Friday,10,2900,45,13,296,0,1,0,2830,0.1142,4,0,9546
fitness,Monday,22,2139,15,20,193,1,0,0,12452,0.0254,5,1,10443
comedy,Sunday,19,26584,7,3,280,1,0,0,5500,0.0913,2,0,40135
food,Sunday,5,858,60,16,249,1,0,0,1494,0.0274,0,0,5370
travel,Sunday,23,6329,30,16,230,1,1,0,2513,0.0599,1,0,5607
fashion,Saturday,21,2308,15,13,2,1,0,0,109,0.0551,2,0,19668
comedy,Tuesday,15,802,15,14,173,1,1,1,14125,0.094,2,0,10367
fashion,Monday,1,1326,15,6,239,1,0,0,665,0.0166,1,0,1489
comedy,Saturday,0,122,15,3,103,1,1,0,854,0.02,5,0,3604
comedy,Monday,23,18902,60,16,288,1,1,0,421,0.0934,6,1,11724
comedy,Friday,23,61332,15,5,243,1,0,0,186,0.0972,4,0,54969
food,Thursday,8,3036,30,10,287,1,0,0,213,0.0543,6,0,5882
comedy,Monday,21,5178,7,11,272,0,1,0,127,0.0263,2,0,8329
finance,Tuesday,11,2885,90,14,119,1,1,0,679,0.1335,4,0,2236
motivation,Wednesday,16,1123,30,26,258,1,0,0,5806,0.0127,2,0,1964
fashion,Saturday,14,17480,60,11,69,0,0,0,1048,0.109,3,0,22309
dance,Monday,18,8728,30,10,182,1,0,0,4133,0.0253,5,0,8652
education,Monday,21,100,60,26,246,1,0,0,2870,0.0974,3,1,6076
travel,Tuesday,9,763,60,16,117,1,0,1,447,0.1012,3,1,1696
gaming,Thursday,11,122,45,7,30,1,1,0,13047,0.1216,6,0,18968
food,Monday,13,80801,7,11,148,1,0,0,8090,0.0623,5,0,30785
dance,Monday,8,3607,7,28,15,1,0,0,5667,0.0082,0,0,18034
fitness,Thursday,12,7579,15,8,272,1,1,0,2519,0.1226,7,0,5621
finance,Tuesday,2,2602,15,10,101,0,0,1,555,0.0694,0,0,1448
gaming,Saturday,20,35769,45,2,71,1,1,0,553,0.1278,8,0,67794
education,Saturday,13,23138,30,6,192,1,1,0,1033,0.1175,3,1,21916
dance,Monday,20,3334,30,28,110,1,0,0,17254,0.0773,6,0,24978
gaming,Thursday,9,108270,15,30,292,1,0,0,10254,0.1499,4,0,51007
dance,Monday,15,6860,15,20,276,1,0,1,61,0.072,9,0,8029
finance,Sunday,6,354,15,2,105,1,0,0,1843,0.106,2,0,1267
education,Wednesday,3,5884,30,20,36,1,0,0,7,0.1021,7,0,3396
fitness,Saturday,19,12473,45,15,290,1,1,0,453,0.0801,9,0,23987
comedy,Sunday,22,3866,15,9,180,1,0,0,283,0.0899,1,0,6026
fashion,Friday,10,2343,45,22,142,1,1,0,3334,0.1208,9,1,8114
fitness,Wednesday,15,117694,30,6,113,1,0,0,124,0.0879,2,0,59537
comedy,Monday,19,581,60,24,237,1,1,1,51,0.0703,4,0,8083
food,Tuesday,3,100,15,23,93,1,1,0,404,0.101,4,0,2774
motivation,Saturday,21,90607,30,19,259,1,1,0,1079,0.0101,4,0,48512
travel,Friday,21,540,7,14,106,1,0,0,33,0.0208,6,0,4118
travel,Wednesday,22,2933,15,20,243,1,0,0,10674,0.0232,7,0,14334
fashion,Saturday,16,2491,30,20,22,1,0,1,733,0.0667,7,0,10500
education,Thursday,12,45122,45,9,270,1,1,0,1153,0.1314,2,0,36875
finance,Tuesday,10,65038,15,11,139,1,1,0,9949,0.0983,7,1,23484
education,Wednesday,2,479,15,17,81,1,0,0,253,0.146,9,0,4611
finance,Thursday,8,56524,30,27,155,1,1,0,21217,0.0108,1,0,22109
education,Sunday,5,54673,30,22,18,1,1,0,1108,0.1097,3,0,26527
motivation,Monday,21,5089,30,22,68,1,0,0,5345,0.0506,1,0,17144
food,Thursday,20,26332,60,8,131,1,0,0,2664,0.0084,4,0,9873
food,Wednesday,10,31542,30,28,255,0,1,1,4332,0.1248,2,0,27134
comedy,Wednesday,15,3120,45,8,208,1,0,0,1276,0.0286,9,1,6564
gaming,Sunday,18,3701,45,3,9,1,1,0,429,0.036,9,0,5982
food,Monday,4,14197,60,4,139,1,1,0,52972,0.0544,2,0,27862
food,Thursday,13,262,30,6,134,0,0,0,1053,0.1193,4,0,2077
fitness,Thursday,16,2599,7,25,254,1,1,0,122,0.0956,3,0,6116
fitness,Monday,2,566,15,30,299,0,0,0,20694,0.0434,5,0,6912
comedy,Thursday,3,63731,90,6,257,1,1,0,589,0.0294,4,0,27900
gaming,Saturday,15,2545,15,10,93,1,0,0,34,0.0209,9,0,5672
fashion,Monday,15,8082,30,9,240,0,0,0,210,0.0267,4,0,2960
fitness,Tuesday,20,3317,60,10,236,1,1,0,21,0.1309,2,1,8272
fashion,Wednesday,3,2950,30,23,164,1,0,0,231,0.1388,3,0,3829
dance,Tuesday,18,7184,30,23,147,0,1,0,36909,0.1454,2,0,22409
fitness,Saturday,16,1319,7,17,217,1,0,0,2746,0.126,2,0,5923
motivation,Sunday,12,3438,30,11,107,1,0,0,1086,0.1337,9,0,14057
gaming,Saturday,21,3393,15,24,230,1,1,0,345,0.1233,8,0,23104
comedy,Friday,22,2294,90,15,69,1,0,0,832,0.1439,9,0,21728
dance,Friday,23,9935,45,26,220,1,1,0,10193,0.1276,5,0,15105
gaming,Friday,0,2198,45,3,73,1,0,0,28,0.072,9,0,4625
motivation,Monday,11,89322,30,16,178,1,0,0,391936,0.0519,1,0,75521
gaming,Thursday,3,15246,15,16,79,0,0,0,187,0.0897,0,0,6029
motivation,Saturday,10,433,15,20,158,1,1,0,665,0.0932,2,0,4914
motivation,Tuesday,4,13247,15,22,168,1,0,0,796,0.0884,2,0,2346
fashion,Sunday,1,1420,30,4,160,1,0,0,755,0.1075,3,1,5989
education,Tuesday,16,6274,30,30,31,1,1,0,286,0.1064,3,0,2588
dance,Tuesday,7,1317,30,12,120,1,0,0,6308,0.0176,4,0,23833
gaming,Tuesday,5,100,30,2,214,1,0,0,10740,0.0464,3,0,3040
finance,Sunday,20,4726,90,26,2,1,0,0,7409,0.134,1,0,9032
dance,Friday,8,371,15,22,227,1,0,0,1310,0.0906,0,0,6908
education,Tuesday,12,10461,30,16,47,1,0,0,337,0.0526,9,0,5683
dance,Sunday,10,6731,15,10,166,1,0,0,756,0.1283,6,0,5772
food,Sunday,15,1657,30,0,10,1,0,0,922,0.0411,8,0,2084
finance,Thursday,15,131395,15,27,237,1,0,0,154,0.0643,8,1,28682
education,Sunday,1,528,30,17,277,1,0,0,1566,0.0451,0,0,1925
fashion,Friday,9,1597,15,16,240,1,1,0,40096,0.1313,8,0,58810
gaming,Tuesday,11,653,7,8,191,1,1,0,780,0.1106,0,0,3440
travel,Sunday,7,193758,60,19,11,1,0,1,2980,0.0717,0,0,39858
education,Monday,10,56052,15,6,52,1,1,0,294,0.1402,1,1,52646
comedy,Sunday,9,380,30,4,54,1,1,0,6447,0.1395,9,1,15789
gaming,Wednesday,12,1112,30,29,20,1,1,0,294,0.1082,5,0,9053
education,Wednesday,16,1182,30,15,18,1,0,1,479,0.1343,8,0,2711
food,Wednesday,6,1823,45,6,58,1,1,0,3086,0.1093,4,0,6392
travel,Sunday,23,752,30,12,150,1,0,0,151,0.0961,8,1,6447
food,Friday,2,1651,15,12,258,1,1,0,2604,0.066,8,0,21531
travel,Tuesday,19,29994,7,14,57,1,0,0,8975,0.0447,7,0,56032
comedy,Saturday,12,163479,45,22,215,0,0,0,1519,0.0137,6,0,24606
gaming,Saturday,18,304,30,16,61,1,0,0,6231,0.1211,2,0,12935
fashion,Saturday,6,754,60,16,145,1,0,0,82,0.0227,9,0,11582
food,Friday,8,7218,30,26,238,1,0,0,2687,0.0645,2,0,23844
food,Thursday,18,285,45,18,292,0,0,0,440,0.039,3,0,5943
motivation,Monday,12,7562,90,9,181,1,0,0,2369,0.0709,8,0,5074
travel,Monday,21,12993,45,1,94,1,1,0,25939,0.0507,2,0,20741
fitness,Wednesday,7,17346,30,13,77,1,1,0,2,0.1253,7,0,15614
gaming,Wednesday,21,12355,30,22,141,1,0,1,316,0.1468,7,0,33288
travel,Sunday,17,1875,30,2,104,1,0,0,11,0.1415,5,0,7673
motivation,Saturday,22,3543,30,6,260,1,0,0,93,0.0952,1,0,8373
dance,Sunday,1,588,15,24,94,1,0,0,423,0.147,5,0,9818
travel,Saturday,17,11336,45,27,222,0,0,0,6123,0.0631,3,0,18929
fashion,Wednesday,17,88084,15,10,189,1,0,0,5517,0.0808,6,1,35691
gaming,Tuesday,10,11293,7,16,128,1,1,0,5207,0.0422,0,0,6020
motivation,Thursday,0,1406,30,14,194,1,0,0,3362,0.1352,2,1,3555
dance,Sunday,13,29455,15,18,19,1,0,0,75,0.0311,7,0,30627
finance,Thursday,15,347376,45,28,298,1,0,0,5453,0.0935,0,0,99137
motivation,Thursday,10,7613,60,10,239,1,0,1,282,0.1209,9,0,4006
finance,Thursday,0,13333,90,14,234,1,1,1,2686,0.0913,2,0,15900
gaming,Wednesday,6,16644,45,14,84,1,0,0,174,0.0164,2,1,5743
food,Monday,15,273,30,5,93,1,0,0,764,0.0937,7,0,1240
motivation,Wednesday,13,2344,30,14,41,0,1,0,957,0.1162,0,0,2720
comedy,Thursday,14,1948,30,28,73,0,0,0,2188,0.0322,9,0,12438
finance,Wednesday,13,22087,15,8,114,1,0,0,204,0.1119,4,0,16800
fashion,Thursday,20,17909,15,4,189,1,0,1,4118,0.1324,6,1,25924
comedy,Friday,10,3954,45,18,124,0,0,0,79,0.148,3,0,5331
education,Saturday,15,1749,15,23,5,1,0,0,32894,0.0645,9,0,11303
education,Monday,18,236,15,28,41,1,1,0,243,0.0086,2,0,7052
dance,Friday,16,4780,45,29,57,0,0,0,21,0.0658,9,0,8835
food,Tuesday,5,881,15,27,9,0,0,0,949,0.1007,5,0,4426
gaming,Wednesday,10,705,15,4,88,0,1,0,481,0.1342,4,0,1375
motivation,Tuesday,16,26037,7,30,110,1,0,0,174,0.141,1,0,13210
fitness,Sunday,8,21578,45,21,38,1,1,1,16178,0.1369,5,0,49633
fashion,Wednesday,17,2039,30,12,166,1,0,1,4963,0.1004,2,0,16475
finance,Saturday,16,291,45,17,10,0,1,0,2763,0.104,8,1,6101
gaming,Friday,11,1111,15,19,109,1,1,0,162,0.0053,2,0,3720
comedy,Saturday,22,29373,45,16,15,1,1,0,379,0.0577,8,0,45853
education,Sunday,21,11405,30,14,32,1,0,0,323,0.1365,5,1,8511
fashion,Thursday,21,2102,30,13,232,1,0,0,28,0.105,7,0,5505
fitness,Saturday,4,5463,30,28,187,1,0,0,1887,0.0728,8,0,17567
motivation,Saturday,10,117,30,15,223,0,1,0,2184,0.0201,7,0,5729
dance,Thursday,3,102,30,3,58,1,0,0,1400,0.0407,1,0,2950
fitness,Wednesday,3,172616,30,16,50,1,1,0,1728,0.0855,2,0,30699
fashion,Thursday,2,12231,15,19,270,1,0,0,113,0.1351,7,0,6048
fitness,Friday,23,4929,30,13,42,1,0,1,183,0.0189,4,0,5688
fashion,Saturday,22,2405,30,17,26,1,0,1,582,0.0273,9,0,8878
fashion,Thursday,16,206,30,5,55,1,0,0,17480,0.1,3,1,4034
travel,Sunday,6,29371,30,21,120,1,1,0,11216,0.0477,5,0,16639
finance,Sunday,3,634,60,7,112,1,0,0,3083,0.0296,5,0,2721
education,Saturday,22,17457,60,8,114,0,1,0,61682,0.0309,6,0,67474
travel,Friday,12,6232,30,23,108,1,0,0,3039,0.0764,4,0,26306
motivation,Tuesday,11,4474,45,0,174,1,1,0,3912,0.0896,0,0,1623
travel,Friday,0,471,7,12,111,1,1,0,21153,0.1361,7,0,7243
food,Monday,20,482,45,2,99,0,0,0,4408,0.0818,0,1,1344
food,Monday,18,9915,30,5,7,0,0,0,29649,0.1052,3,0,29425
education,Monday,20,5667,15,16,134,1,0,0,1160,0.0312,2,0,5523
fitness,Saturday,19,5350,15,7,250,1,0,0,304,0.1085,2,0,5255
finance,Sunday,17,8224,7,29,239,1,1,0,906,0.0991,5,0,4509
education,Wednesday,10,150,7,5,221,1,1,0,1764,0.0363,7,0,1863
fashion,Sunday,19,30554,15,15,144,1,1,0,179,0.1021,4,0,36072
comedy,Wednesday,2,2589,7,0,3,0,1,0,263,0.0357,5,1,760
finance,Wednesday,16,40350,45,9,281,1,0,0,470,0.0911,5,0,11488
finance,Sunday,11,132,15,17,196,1,0,0,121,0.102,0,0,1118
fashion,Saturday,9,13687,30,21,127,0,1,0,338,0.1055,6,0,23021
fashion,Friday,7,13456,60,25,260,1,0,0,4768,0.1368,0,0,20685
dance,Wednesday,14,338,15,13,90,0,1,0,5367,0.1424,6,0,10114
education,Tuesday,4,1555,60,23,258,1,1,0,66,0.1225,7,1,7357
fashion,Sunday,3,729,30,4,93,1,0,0,2034,0.1324,3,0,2336
food,Sunday,20,23243,15,16,256,0,0,0,954,0.0078,7,0,12113
motivation,Monday,19,8569,15,13,135,1,1,0,8974,0.0576,5,1,4637
comedy,Friday,18,87371,7,25,12,1,0,0,640,0.0108,5,0,96419
education,Monday,20,7082,15,17,197,1,1,0,91,0.0376,8,0,3045
gaming,Sunday,3,18362,15,3,177,1,0,0,414,0.0604,5,0,6731
food,Sunday,14,40522,15,19,111,0,0,0,100,0.1308,4,1,8684
fitness,Wednesday,16,13332,7,22,263,1,0,0,12,0.0792,9,0,5110
fashion,Friday,11,2461,30,1,78,0,1,0,985,0.0991,9,1,9114
gaming,Thursday,2,1760,15,6,255,1,0,0,3097,0.0576,5,0,6722
fashion,Tuesday,9,4257,45,6,73,1,0,0,1594,0.0924,7,0,11281
finance,Wednesday,14,20616,15,6,160,1,0,0,83,0.1233,8,0,9821
food,Sunday,9,1237,45,12,200,1,0,0,73,0.0487,9,0,17492
finance,Wednesday,23,15896,15,18,32,1,0,0,1695,0.1402,9,0,9239
dance,Tuesday,22,8784,45,21,72,1,0,0,32744,0.0359,7,0,49775
finance,Sunday,17,514,15,27,292,1,0,0,14615,0.1383,7,0,30879
dance,Tuesday,0,14564,30,5,197,1,0,0,609,0.0091,6,0,7175
dance,Thursday,2,6345,7,19,239,1,0,0,1674,0.0837,0,0,6074
gaming,Wednesday,20,1824,30,16,73,1,0,0,6811,0.1479,3,0,15910
fashion,Saturday,11,6181,15,24,30,1,0,0,822,0.0934,3,0,16151
fitness,Wednesday,0,1956,30,17,13,1,0,0,74,0.0855,2,0,4823
finance,Monday,2,7675,15,24,204,1,0,0,3,0.104,3,0,5740
food,Friday,2,3632,30,23,67,0,1,0,1577,0.0469,1,0,10159
dance,Friday,4,312,15,0,127,1,0,0,736,0.0128,2,0,3314
fashion,Monday,18,3833,15,26,25,1,1,0,36,0.0414,2,0,4919
comedy,Sunday,0,2215,30,22,183,1,0,0,63,0.0306,9,0,9865
education,Friday,3,15429,90,12,136,0,1,0,648,0.1389,0,0,13144
gaming,Tuesday,3,23946,30,25,290,1,1,0,367,0.1286,6,0,13486
fitness,Friday,16,1966,45,18,105,1,0,0,19233,0.0511,3,1,9388
travel,Friday,13,1186,30,15,23,1,1,0,18727,0.1262,7,0,42151
gaming,Monday,17,238,30,9,193,0,0,0,200,0.0357,8,0,1560
comedy,Sunday,0,1135,7,12,168,0,0,0,22226,0.0339,1,0,6118
education,Thursday,21,2746,15,9,35,1,0,0,27833,0.1163,1,0,13940
comedy,Friday,15,441,60,29,100,1,0,0,1970,0.0524,1,0,2916
finance,Saturday,2,24529,30,29,33,0,0,0,170,0.0144,7,0,4668
dance,Friday,22,7878,30,13,38,1,0,0,1391,0.1094,1,0,9405
fitness,Thursday,20,3957,30,8,210,1,0,0,15,0.1485,5,0,8519
motivation,Monday,8,4769,30,20,229,1,1,0,338,0.0871,4,0,14366
dance,Thursday,22,8526,30,10,278,1,0,1,1868,0.0432,9,0,10895
motivation,Monday,3,15360,30,2,79,0,0,1,2370,0.0591,8,0,7418
education,Tuesday,20,21082,15,7,237,1,0,0,450,0.0991,1,0,15697
fashion,Monday,4,2817,30,11,171,0,0,0,1261,0.1067,0,0,836
travel,Tuesday,10,3806,30,2,58,0,0,0,142,0.1335,1,0,1098
food,Tuesday,20,6709,90,6,21,0,0,0,18312,0.1368,9,0,16249
dance,Monday,8,3536,30,13,237,1,0,0,19846,0.1299,4,0,22869
fitness,Saturday,2,23627,30,6,295,1,0,0,4541,0.099,7,0,20377
comedy,Wednesday,5,44764,15,6,93,1,1,0,642,0.0702,7,0,24725
fitness,Monday,23,9130,7,13,243,1,0,0,211,0.1035,1,1,2868
education,Friday,10,958,60,11,10,1,0,0,5952,0.1017,4,0,3834
motivation,Saturday,8,12272,45,0,116,1,0,0,1586,0.0366,1,0,2754
comedy,Saturday,14,9805,15,26,264,0,1,0,147,0.0786,6,0,18543
food,Friday,22,824,30,4,11,1,1,1,9107,0.0352,9,0,10882
food,Wednesday,2,9785,15,27,153,0,0,0,448,0.1354,7,1,9753
dance,Saturday,0,1845,45,10,37,1,0,0,194,0.0519,4,0,7342
education,Tuesday,19,18825,7,0,130,1,0,0,7283,0.1218,0,0,10452
fashion,Wednesday,21,12094,45,22,224,1,0,0,226,0.0597,6,0,15424
education,Sunday,18,7342,30,12,142,1,1,1,1410,0.1157,2,0,10242
motivation,Friday,13,5267,15,28,53,1,0,1,14274,0.037,1,0,8741
fitness,Wednesday,16,105,60,23,23,1,0,0,11679,0.1157,5,0,5418
food,Monday,21,552,90,22,120,1,0,0,2171,0.031,1,0,2405
fitness,Wednesday,13,3883,15,16,118,1,1,1,105,0.0762,9,1,6926
fitness,Tuesday,16,75727,60,2,160,0,0,1,405,0.0215,7,0,10293
fitness,Monday,13,13580,45,30,73,1,1,0,137625,0.0815,2,0,41663
food,Thursday,11,128705,45,9,184,1,0,0,7298,0.124,1,0,79941
gaming,Friday,15,5706,90,18,191,1,1,0,690,0.1146,7,1,13746
finance,Friday,0,4649,30,30,219,1,0,0,88,0.0124,5,0,6176
motivation,Wednesday,12,63909,45,6,120,1,0,1,24,0.0764,3,0,38143
gaming,Saturday,5,3690,60,19,208,1,1,0,12460,0.1286,4,0,14638
motivation,Monday,16,832,30,27,299,0,1,0,12966,0.0993,9,0,6978
comedy,Thursday,11,8691,30,2,163,1,0,0,1016,0.0136,6,0,5463
education,Monday,22,37068,15,21,267,1,1,0,482,0.0522,3,0,27036
education,Friday,18,1111,45,11,2,1,1,0,10598,0.0857,6,0,22263
travel,Monday,5,14189,45,25,49,0,0,0,56,0.03,5,0,4674
education,Thursday,6,4155,30,21,210,1,1,0,59665,0.1039,4,0,20994
food,Saturday,0,11074,30,9,15,1,0,0,4796,0.0971,2,0,10170
fashion,Wednesday,0,8641,7,20,167,0,1,0,89,0.0344,0,0,3412
dance,Tuesday,4,2331,7,11,282,1,0,1,5281,0.0848,7,0,8495
travel,Monday,5,4059,30,14,297,0,0,0,279,0.1227,6,0,4275
dance,Tuesday,15,2602,30,5,184,1,1,0,75,0.0593,5,0,3201
motivation,Friday,15,6086,45,18,137,1,0,0,5245,0.0408,3,0,5687
dance,Wednesday,13,1071,30,29,124,1,0,0,120,0.1067,4,0,13558
dance,Sunday,0,1647,90,30,57,1,1,0,75,0.0153,4,0,12305
travel,Wednesday,12,2332,15,28,65,1,1,0,2891,0.1257,1,0,5541
comedy,Monday,19,9947,90,25,201,1,0,1,891,0.1418,5,0,10187
fitness,Saturday,9,384,15,4,8,1,0,0,8291,0.1449,4,0,10306
education,Wednesday,23,4052,30,24,104,1,1,0,601,0.0677,0,1,6561
education,Monday,9,1373,30,19,88,1,0,0,502,0.0954,8,0,2909
food,Monday,8,2343,30,26,88,1,0,0,18,0.1293,6,0,9152
travel,Tuesday,12,1497,15,1,5,1,0,0,2994,0.0374,1,1,1292
food,Wednesday,2,6975,15,20,157,1,0,0,1058,0.009,5,0,2611
fashion,Monday,17,3704,45,18,102,1,0,0,11808,0.0608,0,0,11151
fashion,Tuesday,19,17692,30,27,222,1,1,1,5013,0.1332,1,0,37421
food,Thursday,1,10128,90,30,170,1,1,0,2130,0.0782,6,0,9419
travel,Sunday,16,308,15,18,32,0,0,0,254,0.0819,2,0,4168
food,Tuesday,18,873,90,3,180,1,0,0,477,0.1053,6,0,6897
education,Tuesday,22,3598,15,27,183,1,0,0,3289,0.0883,5,0,4009
gaming,Monday,12,4549,15,19,86,0,0,0,989,0.0129,4,1,5543
finance,Friday,12,1023,15,4,68,1,0,0,18701,0.0863,9,0,24933
dance,Friday,0,51387,60,6,25,1,1,0,15202,0.099,8,0,58099
finance,Saturday,1,23305,30,3,5,1,0,0,664,0.098,9,0,2642
travel,Friday,0,254,15,10,255,0,1,0,1321,0.1106,4,0,1619
finance,Tuesday,23,9152,15,22,181,1,1,0,223,0.0804,4,0,8011
fashion,Saturday,4,4525,15,24,294,1,0,0,893,0.1355,7,0,6853
motivation,Monday,23,46118,30,2,259,1,0,1,7330,0.0723,6,1,23443
dance,Wednesday,2,291,15,4,233,1,1,0,369,0.0801,0,0,2727
fitness,Sunday,6,200333,45,19,281,1,1,0,526,0.1181,9,0,166251
travel,Sunday,23,1077,30,14,206,1,1,1,105,0.1258,1,0,2497
dance,Tuesday,21,9714,60,24,76,1,0,1,355,0.099,3,0,9796
finance,Tuesday,12,1650,30,20,167,1,1,0,3741,0.0233,8,0,9039
fashion,Saturday,22,2497,15,25,55,1,0,0,677,0.0531,6,0,9635
comedy,Monday,17,234,90,17,294,1,0,0,109,0.0079,1,0,3101
gaming,Thursday,23,42378,30,15,80,1,0,0,1676,0.0478,7,0,8304
fitness,Tuesday,20,3024,30,15,166,1,0,1,989,0.0877,0,0,5415
gaming,Thursday,6,3418,60,9,175,1,1,0,10314,0.1218,7,0,11065
dance,Thursday,0,315674,7,0,280,1,0,0,835,0.0899,4,0,44423
fashion,Friday,4,27639,30,22,148,1,1,0,149,0.0108,0,0,7808
fashion,Monday,16,1475,7,10,255,1,0,0,7529,0.0426,2,1,6089
finance,Sunday,7,1638,15,16,280,1,1,0,157,0.0888,6,0,11755
education,Sunday,14,7845,7,23,277,1,0,0,81,0.1078,6,0,8506
finance,Thursday,19,19679,7,14,278,1,1,0,137,0.1306,7,0,20014
education,Sunday,3,115196,30,24,205,0,0,0,323,0.1453,3,0,54429
education,Monday,1,271,60,6,29,0,0,0,25,0.1343,5,0,3788
fitness,Friday,4,18190,30,24,217,0,1,0,34,0.0728,6,0,7933
finance,Monday,0,24289,30,25,230,0,0,0,5227,0.1133,7,0,4868
comedy,Tuesday,4,1186,30,5,161,0,0,0,778,0.0399,2,0,1385
food,Thursday,5,2569,60,14,216,1,1,0,788,0.0143,4,0,5436
food,Monday,1,261,60,14,227,1,0,0,979,0.013,7,0,3662
finance,Sunday,0,1994,60,6,220,1,0,0,3389,0.04,5,0,1697
finance,Wednesday,3,7463,60,2,233,1,0,1,213,0.0104,0,0,2253
gaming,Monday,6,86630,15,13,72,1,0,0,3363,0.1283,1,0,52212
fitness,Thursday,21,102278,30,29,94,1,1,0,1373,0.076,2,0,111282
finance,Friday,0,770,30,8,94,1,0,0,161,0.1226,6,0,5887
gaming,Sunday,0,67788,30,2,242,1,0,0,3707,0.1413,9,0,19027
education,Friday,7,147,30,5,292,1,1,0,1229,0.1491,2,0,1233
fashion,Thursday,19,1714,7,19,262,1,1,0,135,0.1409,8,0,13837
fashion,Sunday,15,2854,15,8,123,0,1,0,157,0.1089,8,0,1588
education,Tuesday,20,7732,60,0,287,1,0,0,2862,0.0691,7,0,5151
travel,Sunday,12,5953,30,8,266,1,0,0,8341,0.0917,8,0,8943
gaming,Tuesday,22,9492,15,11,108,1,0,0,1929,0.1234,7,0,16169
gaming,Friday,23,3535,15,3,47,1,0,1,6494,0.1351,8,0,5577
education,Friday,22,27646,30,25,94,0,0,0,12904,0.1437,3,0,45247
comedy,Thursday,17,17073,30,15,32,1,1,0,698,0.1109,3,0,8147
motivation,Tuesday,19,2918,30,4,117,0,1,0,1524,0.0833,4,0,2186
dance,Friday,9,22388,7,26,131,0,0,0,4182,0.1454,6,0,36445
education,Tuesday,11,203451,15,28,250,0,0,1,110,0.144,8,0,75153
finance,Friday,0,1462,30,16,121,1,0,0,8677,0.0742,3,0,6962
finance,Sunday,9,100268,45,29,217,0,1,0,16758,0.0991,6,0,153769
fitness,Monday,8,1719,7,16,52,1,1,1,250,0.1223,5,0,11501
education,Wednesday,2,62229,15,5,125,1,0,1,340938,0.0678,8,0,126666
fitness,Sunday,18,1839,45,25,158,1,1,0,5372,0.1253,8,1,24895
education,Saturday,8,19500,45,30,158,1,0,0,808,0.0212,8,0,15735
gaming,Monday,9,6790,15,28,282,0,0,0,17,0.0748,4,0,14583
dance,Saturday,18,197,45,30,88,1,0,0,912,0.075,2,0,16652
gaming,Friday,15,154506,90,14,175,1,0,0,2550,0.1043,5,0,57079
motivation,Wednesday,23,980,60,0,291,1,0,0,2028,0.0219,1,0,874
fashion,Wednesday,17,500,45,12,158,1,0,0,79,0.02,6,0,6285
food,Friday,13,1554,45,15,248,0,0,0,292,0.1356,6,0,6816
education,Friday,2,468010,15,1,121,1,0,0,4274,0.049,1,0,235735
motivation,Tuesday,1,514,30,28,236,1,1,0,3587,0.0524,5,0,2640
fashion,Friday,0,6773,30,29,124,1,0,0,7218,0.1176,3,0,21791
travel,Thursday,17,650,30,18,278,1,1,0,1390,0.0652,6,0,3607
dance,Friday,23,886,30,22,91,1,0,1,1029,0.1258,7,1,9538
fitness,Thursday,8,276,45,1,104,1,0,0,3050,0.0632,9,0,2962
fitness,Friday,12,8667,90,20,41,1,0,0,1324,0.1153,0,0,5369
gaming,Tuesday,1,3676,15,24,128,1,0,0,51,0.0812,4,0,9932
finance,Thursday,6,641,15,11,52,1,0,0,22945,0.1407,8,1,11447
fashion,Monday,15,23665,30,11,167,1,0,0,6929,0.0525,1,0,13638
travel,Thursday,20,28615,15,25,89,1,1,0,2555,0.0576,3,0,18139
motivation,Sunday,18,10229,30,7,246,1,1,0,71,0.1456,7,0,25158
dance,Tuesday,14,40425,7,11,173,1,1,0,5856,0.1119,4,0,30859
fashion,Saturday,21,2622,30,23,86,1,0,0,456,0.117,7,0,7974
travel,Thursday,10,8780,30,10,149,1,0,1,5769,0.0479,9,0,10036
food,Sunday,0,2640,7,1,248,0,0,0,3270,0.0821,9,0,5437
education,Sunday,20,325,15,0,114,1,1,0,555,0.0505,0,0,558
fitness,Sunday,6,7292,15,24,179,1,1,0,8990,0.0427,6,0,16209
motivation,Friday,19,6539,30,25,119,0,1,0,101,0.0826,5,0,5362
fitness,Sunday,7,4654,45,27,27,1,0,0,1227,0.1482,1,0,6797
motivation,Friday,9,9633,30,3,116,1,0,0,30253,0.0361,6,0,16761
gaming,Saturday,4,62406,30,8,190,0,0,0,2902,0.0402,2,0,16844
finance,Tuesday,8,3401,30,26,144,1,0,0,6815,0.0403,3,0,13063
motivation,Wednesday,0,877,7,29,261,1,0,0,1285,0.1198,5,0,3889
fitness,Friday,1,3146,45,27,141,1,0,1,1050,0.079,2,0,2310
gaming,Sunday,18,3841,7,26,113,1,0,0,95,0.0608,0,0,2517
motivation,Sunday,13,28867,60,6,272,1,0,0,802,0.1273,9,0,15410
food,Monday,19,5955,30,27,37,1,0,0,4219,0.0481,0,0,7133
finance,Sunday,9,622,30,21,196,1,1,0,122,0.0619,5,0,6943
motivation,Tuesday,8,20948,45,25,12,1,0,0,159,0.0157,3,0,4034
gaming,Thursday,9,15697,60,28,111,1,0,0,2536,0.0222,6,0,7364
fashion,Thursday,5,5959,90,24,136,0,1,0,5729,0.0248,8,0,11653
comedy,Sunday,16,27087,30,9,171,1,0,1,61707,0.0553,7,0,80669
travel,Monday,5,36610,15,19,126,0,0,0,633,0.081,2,0,3751
comedy,Friday,3,2491,60,13,18,1,1,0,669,0.0051,6,0,4515
comedy,Tuesday,19,972,7,0,207,1,0,0,5785,0.0325,0,0,6789
dance,Monday,2,4810,60,4,157,1,0,0,3432,0.0305,1,0,5436
food,Friday,22,12911,45,12,159,1,0,0,654,0.0417,8,0,8908
fashion,Tuesday,18,4065,60,5,239,1,0,0,1036,0.0291,9,0,12776
education,Sunday,17,829,60,21,78,0,0,0,312,0.0333,7,0,4121
motivation,Thursday,23,6586,7,27,196,1,0,0,108,0.1477,6,0,9094
travel,Tuesday,3,126,30,16,119,1,0,0,836,0.0912,9,1,2750
finance,Sunday,7,2740,15,14,247,1,1,0,23046,0.1156,1,0,18318
fashion,Saturday,16,22744,7,6,138,1,0,1,260,0.1238,1,0,8366
fitness,Wednesday,4,25079,30,7,225,1,1,0,62,0.1018,6,0,9768
education,Tuesday,12,100,7,27,82,1,0,0,147,0.1071,6,0,3997
dance,Wednesday,0,3474,45,20,25,1,0,0,3175,0.0967,5,0,7783
dance,Tuesday,12,14453,90,1,127,0,0,0,2585,0.0992,9,0,42877
fashion,Wednesday,3,591,30,17,222,1,1,0,13925,0.1396,4,0,30514
gaming,Saturday,21,2516,15,26,43,1,1,0,9164,0.0319,5,0,17689
comedy,Thursday,23,43212,60,20,83,0,0,0,1988,0.0448,8,0,33713
fitness,Friday,13,2055,60,22,24,0,0,0,4028,0.0185,3,0,5521
dance,Wednesday,2,87339,45,6,219,1,1,0,244,0.1264,9,0,66079
travel,Saturday,4,1294,30,28,292,1,1,0,4352,0.0701,0,0,4689
dance,Wednesday,6,62179,60,19,203,1,0,0,882,0.1365,8,0,45730
finance,Thursday,0,5220,15,26,192,1,0,0,6011,0.0647,7,0,22735
motivation,Wednesday,22,1011,90,15,1,1,1,0,2533,0.0692,1,0,6135
dance,Saturday,11,62553,90,29,201,1,0,1,425,0.07,3,0,27540
finance,Sunday,10,560,60,18,31,0,1,0,121,0.0938,2,0,1729
fashion,Saturday,23,1172,15,8,88,1,0,0,403,0.1161,2,0,2090
fashion,Monday,7,11871,60,11,201,1,1,0,1586,0.0559,5,0,5522
education,Thursday,5,5684,30,13,177,1,0,0,214,0.0964,6,0,4833
dance,Sunday,21,8047,30,29,192,1,0,0,807,0.0346,7,0,18711
travel,Monday,1,2532,60,6,159,1,0,0,9656,0.0853,6,0,6168
dance,Thursday,18,567,7,1,292,1,1,0,11496,0.0843,8,0,13482
travel,Sunday,19,1519,30,16,203,1,1,0,2853,0.1339,1,0,6803
food,Wednesday,19,52929,60,10,240,1,1,0,16756,0.1349,9,0,45564
education,Sunday,23,442,60,17,114,1,1,1,87,0.0756,3,0,3802
food,Saturday,13,94848,60,28,209,1,0,0,14692,0.0086,1,0,34181
dance,Monday,0,8677,15,11,221,0,0,0,72,0.1275,2,0,3818
education,Wednesday,9,1678,45,2,181,0,1,0,1118,0.0051,9,1,2776
food,Saturday,15,133,15,20,258,1,1,0,215,0.0743,0,0,7917
comedy,Thursday,3,169,45,13,39,1,0,1,4806,0.0079,7,0,18030
dance,Sunday,10,2589,15,14,59,1,0,0,47,0.0561,4,0,4474
food,Saturday,15,2082,45,18,10,1,0,0,32,0.0973,4,0,3921
comedy,Wednesday,19,6075,30,9,119,1,0,0,296,0.0588,7,0,9042
comedy,Monday,0,108495,90,8,41,1,1,0,257,0.1394,8,0,108932
fashion,Monday,15,12934,30,9,189,1,1,0,350,0.0979,8,0,7738
dance,Sunday,18,3898,30,19,122,1,1,0,284,0.0987,9,0,19925
comedy,Saturday,20,43928,30,22,188,1,1,0,4335,0.0593,8,0,44088
fashion,Wednesday,21,6445,45,3,251,1,0,0,925,0.0106,1,0,2079
food,Tuesday,8,87507,30,18,91,1,0,0,24298,0.112,6,0,87706
finance,Thursday,8,1465,7,9,212,0,1,0,1740,0.1089,6,1,4520
dance,Thursday,8,622,30,16,201,1,0,0,6403,0.0819,3,0,16084
education,Wednesday,16,134,60,29,267,1,0,0,3496,0.0654,4,0,1878
travel,Tuesday,11,4065,15,11,154,0,1,0,181,0.0831,5,0,8061
travel,Monday,12,532,15,24,194,1,1,1,386,0.1133,6,1,6109
food,Sunday,7,519,30,28,27,1,1,0,8008,0.1084,1,0,4766
gaming,Friday,15,31627,60,26,193,1,1,0,31,0.1004,9,1,42469
gaming,Friday,17,221,15,0,222,1,0,0,2902,0.136,1,0,1357
food,Sunday,0,5921,90,10,106,0,0,0,767,0.0934,1,0,4797
comedy,Wednesday,0,4230,90,12,148,0,1,0,247,0.0071,4,0,3655
dance,Tuesday,11,5801,15,0,134,1,1,0,643,0.0946,5,0,3756
travel,Tuesday,5,59360,15,30,94,0,0,0,28020,0.0938,5,1,25346
travel,Thursday,8,1111,45,0,269,1,0,0,34,0.0151,2,0,581
comedy,Monday,22,59450,90,29,125,1,1,0,95,0.067,3,0,75753
travel,Saturday,4,206,45,20,11,1,0,0,22,0.0994,6,0,5630
education,Tuesday,15,15856,30,15,293,1,1,0,456,0.1072,6,0,9815
dance,Sunday,17,70085,15,6,294,1,0,0,314,0.1345,5,0,63163
motivation,Saturday,16,100,30,22,3,1,0,0,1511,0.127,0,0,4471
travel,Friday,17,4611,30,9,167,1,1,1,420,0.0219,9,0,6484
food,Saturday,0,3983,15,15,7,1,0,0,2702,0.0933,5,0,3362
education,Monday,18,5593,30,0,123,1,0,0,226,0.0915,0,0,1568
travel,Sunday,21,107023,15,21,184,1,1,0,72757,0.049,4,0,125620
education,Monday,7,1243,30,8,34,1,1,0,3751,0.0317,5,0,4818
fashion,Saturday,2,582,7,5,72,0,0,0,3075,0.0339,6,0,4212
motivation,Wednesday,4,5667,7,14,12,0,0,1,3839,0.0307,7,0,9111
fitness,Tuesday,22,37188,60,3,38,1,0,0,135,0.1219,8,0,26600
food,Sunday,7,13433,15,14,83,1,0,0,669,0.0265,5,0,11374
food,Wednesday,18,5227,30,9,20,1,0,0,729,0.0433,6,0,7000
dance,Saturday,17,3253,15,24,252,1,0,0,426,0.0366,3,0,6140
education,Tuesday,17,132,15,15,257,1,0,1,547,0.1084,9,0,2797
comedy,Thursday,20,14108,30,12,299,1,0,0,5759,0.028,6,0,11319
food,Wednesday,0,17493,15,18,29,1,0,0,975,0.0085,9,0,5496
education,Wednesday,14,1413,7,28,127,1,0,1,1996,0.0593,0,0,4254
education,Saturday,17,2129,60,25,39,1,1,0,37,0.0492,2,1,4579
finance,Friday,6,744,7,19,96,1,1,0,33,0.0627,0,0,1773
finance,Saturday,15,23449,7,3,223,1,0,0,166,0.1143,7,0,9411
fitness,Wednesday,15,2543,60,19,91,1,1,0,29111,0.0068,2,0,8616
fashion,Tuesday,14,3756,15,21,279,1,1,0,60909,0.0105,6,0,34866
fitness,Friday,5,15255,45,28,169,1,0,1,7832,0.0421,1,0,7153
travel,Saturday,8,8853,15,15,283,1,0,0,498,0.1339,4,0,14001
comedy,Sunday,6,13546,15,10,221,0,0,0,2573,0.0295,2,0,8229
travel,Saturday,13,6732,30,30,116,1,0,0,13689,0.1496,9,0,17279
gaming,Wednesday,10,7008,90,14,247,1,0,0,44748,0.1218,2,0,25524
travel,Wednesday,20,6889,7,10,88,1,1,0,109,0.0711,4,0,9470
dance,Thursday,15,11106,30,22,77,1,1,1,1649,0.1134,7,1,13332
travel,Saturday,5,12121,7,29,73,1,1,0,575,0.0802,1,0,13485
fitness,Wednesday,21,542,15,24,13,1,1,0,3540,0.0871,3,0,7288
food,Sunday,15,1677,60,29,44,1,1,0,1217,0.0892,3,1,7500
food,Monday,19,3408,7,10,37,1,0,0,148,0.0991,4,0,5106
finance,Friday,15,11084,60,2,244,1,0,0,2415,0.0138,5,0,2147
comedy,Monday,11,87147,15,23,61,0,0,0,272,0.0944,8,0,20701
comedy,Friday,16,1137,60,23,95,1,1,0,1021,0.109,4,1,13463
dance,Sunday,4,23898,30,16,251,1,0,0,1124,0.0501,9,0,29170
fitness,Saturday,12,1764,60,4,60,1,1,0,32019,0.1469,7,0,40948
finance,Thursday,7,57926,15,12,268,1,1,0,2082,0.0259,4,0,17121
gaming,Wednesday,23,153617,45,9,118,1,0,0,917,0.137,2,0,137834
comedy,Wednesday,4,211,45,4,86,1,0,1,4668,0.1031,5,0,5494
food,Wednesday,11,2731,30,11,82,1,1,1,187,0.1013,3,0,4225
travel,Saturday,8,100,60,7,79,1,0,1,1341,0.132,4,1,14668
travel,Friday,2,234,30,23,227,1,0,0,3900,0.1256,7,0,4345
finance,Sunday,2,262,60,11,110,1,1,0,3560,0.0551,3,0,5229
fitness,Wednesday,0,15113,30,15,70,1,1,1,380,0.1073,6,0,7264
fitness,Monday,21,10792,30,1,24,1,0,0,2270,0.0123,2,0,3106
fashion,Wednesday,17,20790,60,2,278,1,1,1,4275,0.0723,3,0,42107
motivation,Saturday,23,14680,15,17,201,1,0,0,179,0.141,7,0,15048
comedy,Sunday,11,11767,30,16,224,1,1,1,327,0.0447,7,0,27904
fitness,Thursday,8,6010,90,1,266,1,1,0,575,0.0122,8,0,9293
food,Sunday,8,3883,30,25,282,1,0,0,115735,0.0895,3,0,95871
finance,Monday,17,30800,15,21,116,1,0,0,245,0.0565,9,0,5200
gaming,Wednesday,17,5024,30,11,66,1,1,1,2101,0.0601,3,0,8749
fashion,Wednesday,6,12648,60,16,46,1,0,0,541,0.0895,4,0,12640
education,Tuesday,3,100,90,5,240,1,0,1,168,0.0951,4,0,1919
dance,Friday,12,592,90,16,177,1,0,0,4428,0.0684,2,0,10864
gaming,Monday,16,28692,45,1,7,1,0,0,65,0.0786,0,0,7253
education,Tuesday,23,1475,30,7,182,1,1,0,19674,0.149,9,0,7528
travel,Sunday,1,398,15,13,76,1,0,0,137,0.1438,0,0,2554
dance,Thursday,13,15589,15,5,66,1,1,0,289,0.1076,7,0,17318
comedy,Friday,2,4926,7,8,147,1,0,0,3441,0.0284,3,0,2418
food,Monday,4,2362,7,0,172,1,1,0,4939,0.0572,9,0,4343
dance,Wednesday,13,74339,60,4,34,1,0,0,1748,0.133,1,0,51669
motivation,Sunday,2,54577,60,6,76,1,0,0,377,0.0664,5,0,2947
education,Monday,22,3504,30,8,279,1,1,1,45,0.1435,8,0,2888
comedy,Wednesday,6,18038,90,13,184,1,0,0,916,0.0758,4,0,12661
motivation,Friday,17,100,90,26,54,1,0,0,200,0.13,2,0,9422
travel,Wednesday,12,35173,45,8,93,1,1,0,136503,0.0101,3,0,99043
motivation,Thursday,22,695,30,3,143,1,1,0,1430,0.068,1,0,1893
fashion,Sunday,21,360,15,28,246,1,1,0,83,0.1065,6,0,9438
fashion,Saturday,9,197,30,19,199,0,0,0,564,0.1302,3,0,12737
finance,Wednesday,12,171,15,14,235,1,0,0,4993,0.0934,3,0,3545
gaming,Thursday,15,34357,30,3,219,1,0,1,11214,0.0301,7,0,8331
gaming,Saturday,8,15306,90,2,215,1,1,0,590,0.1334,9,0,40500
comedy,Sunday,1,1238,15,23,48,0,1,0,865,0.0883,4,0,9473
travel,Friday,22,22898,15,20,284,1,0,0,3393,0.0207,2,0,11279
fitness,Friday,4,1684,30,22,117,1,0,1,168,0.0723,5,1,7283
fashion,Sunday,21,8800,30,25,81,1,0,0,2196,0.1063,7,0,18226
comedy,Sunday,16,2062,15,21,262,1,0,0,1941,0.0704,9,0,5717
fitness,Monday,22,3960,15,13,76,1,0,0,3188,0.1313,0,0,13625
gaming,Thursday,21,958,90,8,210,1,1,1,1014,0.0664,8,0,6901
finance,Thursday,3,1251,15,29,121,0,1,0,47,0.0896,3,0,4504
motivation,Sunday,16,13086,60,18,89,1,1,0,1729,0.0356,4,0,8439
fashion,Tuesday,8,17476,30,5,257,1,1,0,190,0.0793,9,0,13359
comedy,Tuesday,19,2332,30,2,160,1,1,0,34606,0.0373,2,0,19946
dance,Saturday,1,315,15,17,175,1,1,0,36642,0.0377,8,0,16426
fitness,Saturday,23,420098,45,15,292,1,0,0,111,0.0456,5,1,97118
motivation,Tuesday,17,5250,60,2,88,0,0,1,198,0.0114,0,0,759
fashion,Sunday,20,8620,15,1,126,1,0,0,10,0.0287,8,0,6858
gaming,Sunday,21,507,7,1,285,1,1,0,4773,0.0665,4,0,3300
travel,Saturday,10,43801,15,25,296,0,1,1,348,0.024,2,0,18314
fitness,Wednesday,12,57653,45,26,259,0,0,0,1884,0.0243,3,0,21206
gaming,Sunday,7,227,30,22,243,1,1,0,373,0.1454,4,0,5916
fashion,Tuesday,0,4087,15,9,110,1,0,0,44,0.0669,0,0,3310
fitness,Thursday,16,3551,15,14,23,1,1,1,1671,0.0635,9,0,9543
motivation,Sunday,11,361929,30,2,49,1,1,0,14437,0.0438,2,0,61926
fashion,Sunday,3,66072,60,7,36,1,1,0,1036,0.0793,6,1,23350
education,Wednesday,20,360,30,28,180,1,1,0,140,0.0914,8,0,3738
comedy,Saturday,12,1325,15,17,252,1,0,0,815,0.0656,5,0,11905
motivation,Sunday,8,984,15,26,24,1,0,1,3061,0.0621,3,0,8684
fitness,Friday,6,9595,30,10,124,0,0,0,732,0.1066,3,0,4827
travel,Monday,22,83281,7,6,30,1,0,0,121,0.1427,8,0,39778
gaming,Tuesday,23,5982,45,18,236,1,1,0,62292,0.1323,0,0,31130
dance,Friday,4,12113,30,24,226,1,0,0,53,0.0222,5,0,9227
gaming,Saturday,4,1486,15,6,37,1,1,0,103694,0.0996,3,0,98789
fitness,Thursday,16,11997,30,30,57,0,1,0,910,0.006,2,0,3725
gaming,Monday,8,2101,45,24,235,0,0,1,6597,0.0968,0,0,8911
comedy,Friday,5,256,30,1,180,1,0,1,1686,0.0723,4,1,1522
fashion,Monday,18,10674,60,5,113,1,0,0,189,0.0762,3,0,8478
dance,Tuesday,15,4828,30,4,131,1,0,0,15642,0.0903,9,0,9311
food,Saturday,20,682,45,13,179,1,0,0,3758,0.1127,3,0,12495
fitness,Sunday,1,95005,45,17,77,1,0,0,905,0.1108,7,0,34796
finance,Thursday,9,1236,15,3,219,0,0,0,4700,0.0114,1,0,3450
food,Saturday,15,14711,7,3,141,1,1,0,833,0.1118,9,0,8186
gaming,Monday,4,2559,60,23,42,1,1,0,13,0.1253,9,0,3671
fitness,Friday,14,79097,90,12,117,1,1,0,35,0.0149,3,0,44911
education,Tuesday,12,3204,45,22,58,1,0,1,1049,0.0518,0,1,11895
finance,Tuesday,12,241,45,28,60,1,1,0,580,0.1198,1,0,1962
dance,Saturday,12,21120,15,20,40,0,1,1,916,0.0765,9,0,18300
travel,Sunday,14,78525,30,24,273,0,1,0,555,0.1058,9,0,70108
education,Friday,13,2276,90,0,187,1,0,0,116,0.0778,2,0,4971
food,Sunday,7,16680,60,19,186,0,1,1,69,0.1468,0,0,26393
fashion,Sunday,10,6204,15,4,227,1,1,0,202,0.1407,1,1,3675
comedy,Friday,17,2467,15,23,163,1,0,0,4957,0.0458,6,0,11216
travel,Monday,23,22322,30,2,285,1,0,0,213,0.061,9,1,7393
education,Saturday,3,1164,30,29,101,0,1,0,8815,0.0675,9,0,6093
fashion,Saturday,9,5210,30,27,266,1,0,0,137,0.0201,5,0,17373
fashion,Wednesday,0,7810,30,20,123,1,0,0,11733,0.0636,1,0,8702
fitness,Saturday,4,7317,7,18,152,1,0,0,391,0.1174,0,0,2939
education,Tuesday,12,1217,45,12,178,1,1,1,592,0.1278,9,0,4882
dance,Monday,0,200243,45,6,65,1,1,1,602,0.1335,8,0,91061
gaming,Friday,22,47669,60,9,98,1,0,0,3513,0.0071,0,0,37300
finance,Saturday,7,29223,60,2,23,1,1,0,1815,0.1194,9,0,14242
finance,Monday,2,64846,30,22,248,1,0,0,1448,0.0779,4,0,10725
food,Saturday,2,5562,45,29,164,1,1,0,932,0.0349,8,0,10373
food,Friday,6,2519,30,1,93,1,0,0,351,0.0773,8,0,17018
finance,Thursday,3,692,90,6,123,1,1,0,9836,0.1274,5,0,13461
dance,Friday,2,1385,15,8,155,1,0,0,1302,0.068,2,0,3575
comedy,Friday,14,792,60,27,248,1,0,0,3457,0.1486,1,0,14313
motivation,Friday,7,1899,15,20,270,1,0,0,1636,0.0944,2,0,10099
gaming,Saturday,2,8084,15,11,57,1,1,0,471,0.076,0,0,4335
comedy,Wednesday,6,25469,30,21,194,1,1,0,132027,0.0478,2,0,102072
fitness,Friday,17,24232,30,28,200,1,0,0,12839,0.0066,1,0,25075
motivation,Tuesday,10,596,15,9,71,1,0,0,372,0.0935,7,0,2608
motivation,Tuesday,10,16990,30,26,246,0,1,0,66511,0.0887,9,0,70946
education,Monday,16,38520,60,18,97,1,1,0,7007,0.0799,6,0,11595
dance,Wednesday,5,3109,15,12,80,1,0,1,123,0.083,0,0,3302
dance,Monday,7,42444,30,9,64,1,0,0,6399,0.1273,0,0,32759
motivation,Tuesday,0,23776,15,4,4,1,0,1,2520,0.0509,4,0,3341
education,Sunday,9,504,30,28,283,1,0,0,1527,0.0848,3,0,11939
gaming,Tuesday,18,254009,45,14,293,1,0,0,8345,0.1036,7,0,140436
motivation,Thursday,2,1355,30,20,80,1,0,0,2168,0.0354,7,0,5443
travel,Friday,3,27538,90,2,86,1,0,0,19,0.1391,2,0,10910
food,Sunday,10,25801,30,7,292,1,1,0,73,0.1119,4,0,36387
food,Tuesday,14,542,60,5,280,1,1,1,198,0.0127,6,1,6554
comedy,Saturday,0,6782,45,28,196,1,1,0,59347,0.1304,7,0,46000
fitness,Saturday,8,25236,60,18,251,1,1,0,4037,0.1398,2,0,21550
food,Monday,10,532,15,16,82,1,1,0,3236,0.1201,7,0,6167
fashion,Sunday,18,5879,15,9,26,1,0,0,1360,0.0668,9,0,19333
comedy,Monday,12,29343,30,0,181,1,1,0,173,0.1492,8,0,17079
food,Friday,15,32959,60,12,134,1,0,0,59,0.023,2,0,8031
fitness,Friday,3,2404,15,26,89,1,1,0,8035,0.0828,1,0,9023
dance,Thursday,0,79210,90,9,205,1,1,0,30540,0.0297,1,0,74448
dance,Wednesday,19,51531,15,11,26,1,1,0,4251,0.0687,4,0,45294
gaming,Monday,12,7587,15,1,58,1,0,0,410,0.1395,9,0,11610
motivation,Friday,0,1501,15,9,71,1,1,0,483,0.1202,0,1,1696
travel,Monday,4,602,30,20,226,1,1,0,4386,0.1184,5,0,2624
dance,Friday,4,9697,60,22,90,1,0,0,868,0.0563,6,1,26319
education,Tuesday,13,68605,15,0,67,0,1,0,800,0.1405,4,0,20412
food,Monday,22,3771,30,0,259,1,0,0,373,0.0584,7,0,2583
education,Tuesday,13,1046,15,19,145,1,1,0,290,0.0108,5,1,6257
fitness,Monday,7,21695,30,28,62,1,0,0,862,0.0975,0,0,11284
dance,Wednesday,3,6728,15,25,179,1,0,1,46,0.0576,8,0,5644
travel,Thursday,6,12439,30,14,110,1,1,1,3784,0.0273,4,0,11716
fitness,Saturday,19,1909,45,21,190,1,0,0,26,0.1405,4,0,4069
fashion,Saturday,18,2525,30,24,245,0,0,0,9234,0.0974,0,1,30355
fashion,Saturday,14,1893,15,0,277,1,0,0,381,0.1414,4,0,3750
education,Tuesday,21,12070,15,26,296,0,1,0,864,0.0895,2,1,7340
motivation,Sunday,3,2668,45,25,122,1,0,0,3347,0.0143,9,0,2800
comedy,Friday,18,14276,60,20,56,1,1,0,616,0.0093,2,0,9646
motivation,Saturday,8,1606,60,8,159,1,1,0,250,0.1356,9,0,3824
gaming,Wednesday,20,12034,60,23,126,1,0,0,1944,0.0106,7,0,14750
motivation,Saturday,12,17444,90,6,224,0,1,1,89023,0.0942,8,0,80765
gaming,Monday,13,8926,30,15,94,1,0,0,5300,0.0482,5,0,13465
gaming,Tuesday,22,25608,15,15,5,1,0,0,240,0.1047,2,0,30151
travel,Sunday,13,2066,7,12,264,1,0,1,542,0.0463,7,0,8239
dance,Monday,21,17098,30,9,233,1,0,0,422,0.0104,2,0,16473
travel,Sunday,9,7480,45,17,287,1,0,1,139,0.111,6,0,21845
gaming,Monday,15,1144,60,8,15,1,0,0,3639,0.0501,1,0,5258
fitness,Monday,4,158,15,11,139,1,1,1,571,0.0849,5,0,2882
fashion,Thursday,22,233,30,28,296,1,0,1,2070,0.1172,7,0,16560
gaming,Thursday,5,100,45,23,194,1,1,0,5,0.1069,2,0,3501
travel,Friday,1,10583,30,12,185,1,0,0,4359,0.0555,8,0,7460
fitness,Tuesday,12,2739,15,10,124,1,0,0,335,0.1134,8,0,13526
travel,Wednesday,12,5750,45,14,16,1,0,0,146,0.1392,2,0,5380
motivation,Wednesday,18,3552,15,9,25,1,0,0,75,0.0934,2,0,3304
food,Wednesday,17,14002,60,9,212,1,1,0,174,0.107,4,0,6965
education,Monday,18,14759,90,8,0,1,0,0,466,0.1306,8,0,9299
comedy,Thursday,0,5309,30,24,290,1,0,0,6486,0.1273,0,0,7265
travel,Tuesday,7,5920,30,24,264,1,0,0,451,0.056,0,0,7011
comedy,Monday,21,6361,45,2,37,1,0,0,7827,0.1488,0,0,13184
finance,Sunday,15,60186,30,22,232,1,0,1,1967,0.0091,3,0,17593
travel,Thursday,1,133,7,15,259,0,0,0,41716,0.1481,6,0,48989
food,Thursday,7,1470,60,11,260,1,0,0,402,0.0407,1,0,3961
comedy,Saturday,5,23329,30,16,237,1,0,0,2508,0.0689,2,0,14533
gaming,Saturday,15,36106,15,24,105,1,0,1,13328,0.1331,3,0,14019
travel,Tuesday,22,10603,30,29,246,1,1,0,3868,0.0404,0,0,6449
dance,Sunday,10,3528,15,14,37,0,0,0,780,0.0376,1,0,3643
education,Tuesday,16,140197,15,24,45,1,0,0,413,0.0983,1,0,42382
food,Tuesday,22,6768,30,2,209,1,0,0,22,0.1073,5,0,7724
comedy,Monday,18,5194,30,4,92,1,0,0,679,0.0061,3,0,5365
food,Friday,10,54025,30,27,219,1,0,0,173,0.0703,6,0,39939
fitness,Tuesday,7,11567,90,12,255,1,0,0,371,0.0759,7,0,25459
education,Saturday,21,26680,60,23,136,1,0,0,1216,0.0444,1,0,15699
gaming,Friday,3,32943,7,5,230,1,0,0,48,0.0842,1,0,9122
travel,Monday,10,2513,7,25,201,1,1,0,150,0.0274,4,0,4846
travel,Friday,7,118411,30,25,65,1,1,0,2379,0.0519,3,0,124195
travel,Wednesday,8,100,30,8,37,1,0,0,87,0.1084,9,0,4931
education,Sunday,1,139,60,29,154,1,0,0,1001,0.1317,1,0,3703
dance,Friday,15,1444,30,28,104,1,1,0,66,0.0905,8,0,6618
finance,Tuesday,5,2293,15,18,254,1,1,0,3142,0.0159,8,0,3769
fashion,Monday,20,9440,30,27,15,1,1,0,4081,0.1034,9,0,25383
motivation,Sunday,20,1420,60,6,78,1,0,0,12962,0.1352,3,0,9408
comedy,Tuesday,18,4810,90,12,12,1,0,0,13231,0.0781,1,0,11786
dance,Sunday,7,3397,15,21,101,1,1,1,1897,0.0766,2,0,16163
gaming,Saturday,13,181323,30,29,151,1,1,0,32,0.1488,7,1,149530
comedy,Wednesday,23,1154,15,30,177,1,0,1,1101,0.0973,7,0,6716
travel,Saturday,15,237,30,4,86,1,1,0,2740,0.1219,6,0,3839
food,Tuesday,11,36834,7,15,87,1,0,0,1396,0.0987,3,0,12975
gaming,Tuesday,4,1359,90,3,28,1,0,0,30500,0.037,0,0,8521
comedy,Tuesday,23,4167,30,4,99,1,0,0,14696,0.0462,9,1,20968
travel,Thursday,23,1535,60,28,114,0,0,0,1155,0.1015,8,0,6795
comedy,Wednesday,18,18525,90,19,209,1,1,1,4873,0.0711,6,0,22875
food,Sunday,17,414,15,18,73,0,1,0,58,0.0636,0,1,2964
travel,Tuesday,8,100,45,22,134,1,1,0,1600,0.0083,4,0,15467
finance,Tuesday,1,50629,60,5,268,1,0,1,87,0.1332,2,0,17072
dance,Sunday,19,7672,30,3,77,1,0,0,766,0.1333,1,0,23317
fitness,Saturday,11,33886,30,24,124,1,0,0,282,0.0718,2,0,9158
motivation,Saturday,1,47666,30,0,37,0,0,1,298,0.1066,5,0,14382
education,Tuesday,9,944,45,16,268,0,1,0,215,0.0308,6,0,1527
motivation,Monday,0,5481,30,8,105,1,0,0,492,0.0781,9,0,9650
gaming,Thursday,3,12206,30,15,43,1,0,0,349,0.0686,8,0,3519
motivation,Saturday,11,4044,15,22,224,1,0,0,3891,0.1002,9,0,9150
travel,Monday,8,2802,7,1,241,0,0,0,646,0.0731,6,0,4907
finance,Thursday,3,3345,7,10,152,1,1,0,1001,0.0773,0,0,3900
fitness,Tuesday,8,34557,15,25,23,0,0,0,1962,0.0479,6,0,19695
dance,Wednesday,5,3083,30,4,123,1,1,0,1950,0.012,0,1,4726
dance,Friday,0,14478,7,12,284,1,1,1,129,0.138,7,1,12448
food,Friday,9,9176,15,19,260,1,0,1,646,0.0068,1,0,10969
education,Tuesday,13,866,45,16,145,0,0,0,1762,0.0458,1,0,3350
comedy,Saturday,21,8463,45,27,190,0,1,0,188,0.0699,0,0,17179
finance,Monday,17,308,45,28,164,1,0,0,150,0.0513,8,0,3720
comedy,Wednesday,5,10123,90,24,70,1,1,0,104,0.085,7,0,18936
fitness,Sunday,17,24440,15,14,200,1,0,1,1642,0.0719,8,0,29175
motivation,Thursday,19,36995,15,21,11,1,0,1,609,0.042,7,0,19096
dance,Tuesday,15,884,15,26,51,0,1,0,810,0.0178,3,0,2388
fitness,Wednesday,14,1872,60,28,255,1,0,0,31,0.0249,8,0,5392
motivation,Wednesday,15,8195,45,29,299,1,0,0,1263,0.0755,7,0,16788
dance,Saturday,7,2086,15,11,8,0,0,0,1395,0.1277,0,0,14110
motivation,Thursday,12,152,7,5,139,1,0,0,1857,0.0196,9,0,2419
education,Wednesday,22,1853,30,19,99,1,0,0,19619,0.1032,4,0,34918
finance,Saturday,10,8138,15,12,136,1,0,0,239,0.1199,8,0,4511
gaming,Monday,6,33575,30,17,21,1,0,0,2908,0.0451,7,0,23915
fitness,Saturday,16,102803,90,23,144,1,1,0,2140,0.1019,0,0,46507
fitness,Monday,17,6154,30,14,160,1,0,0,2725,0.1046,5,1,16079
fashion,Monday,21,13625,90,14,248,1,0,1,589,0.1076,5,0,12148
travel,Sunday,22,27706,30,7,174,1,0,0,5049,0.1342,1,0,16569
education,Sunday,18,122,30,18,87,1,0,0,255,0.0628,1,0,4162
education,Wednesday,12,784,60,22,32,1,0,1,428,0.0403,0,0,15747
comedy,Saturday,14,5911,30,13,270,1,0,0,757,0.0839,5,0,13790
motivation,Sunday,22,80878,30,6,282,1,1,0,693,0.0141,8,0,23724
travel,Monday,21,15268,45,13,225,1,0,0,2315,0.0534,7,0,7674
finance,Sunday,21,8896,60,4,111,1,0,0,1845,0.1331,4,0,4053
finance,Thursday,0,3259,7,14,81,0,1,0,1877,0.0821,7,0,4998
education,Wednesday,15,10595,15,20,212,1,0,0,15421,0.0683,1,0,4278
finance,Saturday,4,1679,30,14,7,1,1,0,723,0.0435,5,0,7117
fashion,Saturday,2,1207,60,23,133,1,0,0,9067,0.0413,1,1,14473
fitness,Friday,22,1411,90,3,117,1,1,0,130,0.0393,7,0,7095
food,Saturday,9,54877,15,0,83,1,1,0,848,0.1252,1,0,106225
gaming,Wednesday,18,1083,15,16,257,1,1,0,959,0.1478,4,0,12874
comedy,Thursday,4,2397,90,24,242,1,0,0,80,0.0825,6,0,7766
motivation,Saturday,6,11473,15,19,236,0,1,0,1199,0.0166,6,0,8268
gaming,Friday,13,1007,15,0,149,1,0,0,1382,0.1139,3,0,3359
motivation,Wednesday,2,7384,7,15,20,1,1,0,3621,0.1322,7,0,8806
dance,Monday,12,7379,15,12,133,1,0,0,2876,0.14,6,0,14246
gaming,Tuesday,12,1597,45,17,95,1,0,0,85,0.0962,9,1,7977
food,Tuesday,9,3084,30,9,12,1,0,0,11990,0.0785,4,0,12044
education,Monday,1,899,30,22,0,1,0,0,434,0.095,3,0,3186
fashion,Sunday,5,59217,60,17,149,1,0,0,327,0.0069,1,0,21199
fitness,Saturday,7,7813,15,16,116,1,1,0,2923,0.1,1,0,8090
fitness,Tuesday,3,744,7,25,151,1,0,0,6015,0.1079,3,0,3209
fashion,Sunday,11,6169,60,29,63,1,1,0,426,0.1097,7,0,10232
travel,Tuesday,14,6693,45,8,149,0,0,0,1003,0.0866,5,0,3720
dance,Monday,7,100,15,13,11,0,0,0,6783,0.1065,8,0,10317
motivation,Saturday,6,54874,15,20,89,1,0,0,170,0.0976,1,0,21790
food,Saturday,13,827,15,29,82,1,0,0,4,0.0218,6,0,5493
finance,Sunday,22,211585,30,12,249,1,0,0,3214,0.1353,0,0,393562
gaming,Monday,18,20568,7,19,32,1,1,0,6836,0.0953,1,0,21486
dance,Sunday,13,646,30,19,148,1,0,0,45,0.1105,8,1,5416
gaming,Saturday,21,2791,15,30,127,1,1,0,1053,0.0547,7,0,15511
food,Saturday,12,25866,60,13,99,1,0,0,405,0.1383,8,0,48137
comedy,Wednesday,20,3203,30,10,211,1,1,1,1418,0.0779,6,0,18392
comedy,Sunday,0,40979,30,12,73,1,0,0,17,0.1035,9,0,11159
dance,Wednesday,18,2497,7,16,95,1,1,0,86,0.1431,8,0,7850
education,Monday,0,4265,7,2,91,0,0,0,2690,0.1378,3,0,2198
food,Thursday,3,27180,45,28,174,1,0,0,840,0.0985,2,0,12725
food,Tuesday,9,14561,45,0,224,0,0,0,22226,0.029,3,0,6378
fashion,Wednesday,2,929,45,20,174,1,0,0,3558,0.1428,4,0,2666
education,Tuesday,19,10735,45,4,55,1,0,0,159,0.1477,9,0,5796
motivation,Friday,8,6643,15,24,268,1,0,0,4623,0.02,3,0,4330
motivation,Monday,2,952,45,12,34,1,1,0,33418,0.0703,3,0,8612
finance,Thursday,5,402,15,23,118,1,0,0,949,0.0845,6,0,6400
fitness,Friday,5,151,7,4,55,1,0,0,2454,0.0184,3,0,1715
comedy,Friday,22,2892,45,4,104,1,0,0,5714,0.0325,3,0,18525
motivation,Saturday,11,4459,60,22,175,1,1,0,785,0.083,8,0,8277
education,Friday,22,12188,45,11,105,1,0,0,15,0.1446,8,0,14741
food,Monday,0,21522,60,1,79,1,0,0,3333,0.009,4,0,1684
motivation,Wednesday,15,2333,90,28,162,1,0,0,5429,0.1373,8,0,12775
food,Monday,23,4232,15,22,266,1,0,0,20461,0.1353,1,0,10175
motivation,Wednesday,4,1254,90,15,50,1,0,0,121,0.1293,4,0,1742
comedy,Friday,8,5750,30,16,278,1,1,1,133,0.0597,6,1,17431
gaming,Friday,9,28094,60,29,74,1,0,0,276,0.0762,7,0,20745
motivation,Thursday,12,5896,45,4,126,1,0,0,783,0.0635,4,1,4779
education,Wednesday,14,39894,30,30,245,1,1,0,3218,0.1424,8,0,34898
motivation,Friday,11,27260,45,11,233,0,0,1,116,0.0806,2,0,21386
fitness,Saturday,4,67768,15,14,154,1,1,0,7321,0.0167,7,0,16621
comedy,Tuesday,4,6201,90,27,72,1,1,0,6618,0.0447,8,0,13914
education,Thursday,17,1884,15,5,136,1,1,0,7007,0.072,6,0,7952
fashion,Monday,11,15036,15,12,273,1,0,0,589,0.1433,4,0,29204
education,Thursday,2,2511,7,10,43,0,0,0,12,0.0875,8,0,4547
fitness,Tuesday,6,14210,15,29,246,1,1,0,26972,0.1059,7,1,35603
gaming,Wednesday,16,1490,15,25,148,1,0,0,335,0.0178,7,0,5625
comedy,Monday,18,1106,7,16,55,1,0,1,4606,0.1322,5,0,22115
fashion,Monday,17,43897,30,30,175,1,0,1,1398,0.0832,1,0,14432
fitness,Wednesday,0,794,30,8,256,1,0,0,10482,0.1386,3,0,8378
fitness,Sunday,23,30947,7,24,62,1,1,0,989,0.0696,0,0,49416
dance,Sunday,4,14113,15,15,62,1,1,1,1258,0.104,9,0,15190
comedy,Thursday,1,5823,90,16,293,1,0,1,1571,0.0733,4,0,2926
education,Friday,0,162,15,19,28,1,1,1,2527,0.0257,9,0,3356
food,Sunday,6,71266,15,30,39,1,0,0,92,0.0444,0,0,34167
gaming,Thursday,10,913,7,23,146,1,1,0,46688,0.0148,5,0,14846
food,Sunday,10,27328,15,17,87,1,0,0,952,0.0688,9,0,10350
education,Tuesday,17,1417,45,12,55,1,0,1,3463,0.0992,7,0,3268
education,Saturday,16,1226,30,28,299,1,0,0,22736,0.0403,9,0,18132
comedy,Friday,1,16374,30,10,192,1,0,0,1079,0.0761,0,0,5820
education,Thursday,6,12954,15,12,99,1,0,0,149,0.0716,5,0,6149
dance,Saturday,6,625,45,23,214,0,0,0,140,0.0823,3,0,19502
fashion,Saturday,9,65262,45,25,140,1,1,1,446,0.0318,8,0,46099
education,Sunday,21,3391,15,12,48,1,1,0,2136,0.0824,7,1,12841
food,Wednesday,20,5563,7,11,114,1,1,0,2632,0.0578,3,0,8558
education,Tuesday,2,2879,7,13,228,1,1,1,10506,0.0465,1,0,4722
dance,Tuesday,11,675,45,12,251,1,1,0,50,0.09,5,0,5685
motivation,Tuesday,2,18460,15,24,74,1,1,1,1708,0.0265,2,0,2984
motivation,Friday,10,8276,30,8,190,1,0,0,3756,0.1356,0,0,8167
fitness,Monday,11,1153,15,13,198,1,1,0,3485,0.1406,6,1,5693
gaming,Friday,3,26888,15,0,162,1,0,0,8,0.1008,3,0,18835
finance,Thursday,15,5424,7,8,138,1,0,0,521,0.049,8,0,2531
fashion,Saturday,19,5639,15,3,48,1,0,0,5582,0.0958,9,0,15162
travel,Saturday,17,120298,7,27,114,1,0,1,215,0.0922,9,0,16725
fitness,Monday,3,271,30,11,167,1,1,0,102,0.0617,2,0,1511
gaming,Thursday,21,265,30,23,276,1,1,0,3387,0.0467,9,0,14252
motivation,Monday,5,398,30,28,46,1,1,1,1994,0.0294,9,0,9367
food,Saturday,20,9457,45,13,258,1,1,0,1738,0.0365,9,0,44893
travel,Sunday,14,2575,45,8,215,1,0,0,301,0.0997,0,0,3393
gaming,Friday,0,2971,45,2,229,1,1,0,79,0.1335,1,0,5038
gaming,Tuesday,2,901,90,5,126,1,0,0,7323,0.0608,3,0,4564
fitness,Saturday,4,98464,15,2,224,0,0,0,868709,0.0227,6,0,182864
travel,Wednesday,21,180201,15,0,149,1,1,1,42,0.0069,7,0,105554
comedy,Tuesday,16,24785,30,25,286,1,1,0,8437,0.0639,3,0,40678
finance,Saturday,13,325,30,21,45,0,1,0,778,0.0387,2,0,3998
comedy,Friday,8,2045,30,20,13,0,0,0,2067,0.0518,9,0,7974
travel,Monday,2,21794,7,2,120,1,1,0,973,0.04,8,0,6772
comedy,Sunday,12,4525,30,29,190,1,0,0,88471,0.1013,7,0,68655
dance,Sunday,2,24934,90,13,165,1,0,0,220,0.0976,5,0,61040
motivation,Tuesday,10,46447,15,19,116,0,0,1,329,0.1373,8,0,32644
dance,Friday,1,152200,90,1,123,1,0,0,1277,0.1065,7,0,86466
education,Sunday,23,1512,30,11,53,1,0,0,3411,0.0289,6,0,943
comedy,Sunday,14,5689,15,25,270,0,0,0,15832,0.114,5,0,20480
education,Thursday,12,2223,30,9,198,1,1,0,2931,0.0313,9,0,15369
food,Wednesday,18,134,30,12,215,0,0,0,1721,0.086,2,0,4691
fashion,Tuesday,21,17376,30,29,112,1,0,0,453,0.0162,5,1,17878
food,Monday,15,13550,30,19,15,1,0,0,3056,0.0119,3,0,5912
travel,Sunday,17,1836,30,3,215,1,1,0,263,0.0723,4,0,1779
gaming,Thursday,6,276,7,18,134,0,1,0,1642,0.0202,6,0,16436
motivation,Friday,12,2461,15,21,42,1,0,0,709,0.0495,6,0,8349
comedy,Sunday,3,18325,15,0,251,1,0,0,153,0.0541,8,0,5049
fitness,Wednesday,8,54567,90,24,283,1,0,1,24768,0.1166,8,0,56516
fashion,Monday,9,1362,15,10,97,1,0,0,154,0.0532,5,0,8582
finance,Friday,8,36092,60,25,59,0,0,0,498,0.0767,5,0,9791
finance,Friday,6,15069,15,15,229,1,0,0,46,0.117,1,0,13696
finance,Tuesday,14,10340,7,18,130,1,0,0,783,0.0347,7,0,6033
comedy,Sunday,7,478,15,18,158,0,1,0,2610,0.1217,2,0,3670
finance,Tuesday,18,517,15,11,83,1,0,0,178,0.1256,0,0,3707
dance,Monday,10,1101,90,2,207,0,0,0,28,0.1484,3,0,2173
fashion,Sunday,4,2731,45,22,173,1,1,0,517,0.0694,4,0,9635
dance,Saturday,1,125660,90,23,287,1,1,1,801,0.0587,2,0,151229
gaming,Sunday,9,1492,60,17,80,1,1,0,685,0.1068,6,0,10196
fashion,Saturday,15,19697,30,16,17,1,0,1,26119,0.0134,4,0,16219
dance,Friday,22,2129,45,4,195,1,0,0,2142,0.0108,9,0,5098
fashion,Tuesday,12,11508,30,15,290,1,0,0,1831,0.0536,4,0,6545
gaming,Wednesday,7,4388,45,23,278,1,0,1,2121,0.1108,5,0,11418
education,Sunday,8,6759,15,13,253,0,0,1,2094,0.0219,5,0,4025
comedy,Wednesday,10,9559,30,18,141,1,1,0,451,0.0972,8,0,12871
comedy,Sunday,10,3136,30,5,164,1,1,0,168,0.0441,2,0,2006
finance,Friday,22,9643,7,2,4,1,1,0,153701,0.0995,7,0,40990
food,Tuesday,15,45299,30,30,250,1,1,0,818,0.0713,6,0,14008
finance,Monday,9,1264,60,5,149,0,0,0,1145,0.0217,8,0,3348
travel,Monday,23,41546,30,11,27,1,1,0,1200,0.0409,4,0,6362
dance,Monday,11,3049,30,19,236,1,1,0,241,0.0369,6,0,3333
fashion,Sunday,5,2520,15,29,131,1,1,0,1566,0.0289,7,0,5139
food,Sunday,11,17312,45,10,284,1,0,0,84,0.0729,8,0,6763
gaming,Wednesday,9,2659,30,30,292,1,0,0,4590,0.1434,7,0,14941
travel,Tuesday,17,8729,90,6,162,1,0,1,656,0.1004,1,0,6285
gaming,Sunday,17,7378,90,26,226,1,0,0,10472,0.1262,5,0,11220
comedy,Tuesday,3,115,60,25,129,1,1,0,3086,0.1473,3,0,3384
comedy,Wednesday,8,10421,7,0,57,1,1,0,2410,0.0834,3,0,10417
finance,Sunday,6,367,15,15,145,0,1,0,224,0.0395,8,0,6506
dance,Monday,17,421,90,15,121,1,0,0,1261,0.1395,6,0,12021
food,Monday,7,9505,60,16,191,1,0,0,4970,0.1064,5,0,20997
motivation,Friday,10,12911,60,14,244,1,0,0,1384,0.144,1,0,5151
travel,Saturday,6,43005,30,20,102,1,1,0,72,0.0994,0,0,39826
travel,Thursday,8,691,30,8,249,1,0,1,7870,0.1174,9,0,11990
finance,Saturday,7,1294,15,4,21,1,1,1,4972,0.1341,3,0,3769
comedy,Sunday,2,11337,60,19,59,1,1,0,54,0.1151,8,0,11450
finance,Tuesday,16,44520,45,7,237,1,1,0,1410,0.0866,3,0,19161
fashion,Sunday,1,6945,7,28,133,1,1,0,5600,0.0734,1,0,10608
food,Tuesday,14,1011,15,20,261,1,1,0,330,0.1244,7,0,6127
dance,Tuesday,13,73980,30,0,41,1,0,0,77,0.1169,5,1,33055
education,Saturday,17,3064,45,6,73,1,1,0,127,0.0581,0,0,1209
fitness,Thursday,15,3241,15,10,296,1,0,0,882,0.0773,3,0,2981
fitness,Friday,19,370,15,30,21,1,0,0,7053,0.0971,9,0,17007
finance,Saturday,21,18094,15,19,219,1,0,0,124,0.0091,4,0,4696
fashion,Thursday,3,22803,15,25,78,1,1,0,126,0.0409,0,1,10963
food,Monday,19,1379,90,20,234,1,0,0,597,0.0413,1,0,8150
motivation,Monday,5,114940,45,12,156,1,1,0,4338,0.1331,8,0,33999
fitness,Tuesday,5,1708,45,21,113,1,1,0,36592,0.0531,0,0,17853
food,Wednesday,10,15145,45,12,289,1,1,0,1307,0.084,7,0,10562
dance,Sunday,16,7350,30,6,95,1,0,0,284,0.1256,8,0,6654
gaming,Sunday,23,128,45,10,129,1,1,1,223,0.0427,1,0,2313
fashion,Tuesday,2,13082,90,17,108,0,0,0,17057,0.0229,1,0,8578
comedy,Wednesday,12,11130,45,30,74,1,0,0,87,0.1425,6,0,10596
food,Thursday,21,204,30,29,274,1,1,0,1615,0.1072,9,0,13241
dance,Monday,2,76542,45,30,19,1,0,0,15295,0.0307,8,0,15127
motivation,Sunday,15,11211,60,0,160,1,0,0,799,0.1239,9,0,4546
education,Saturday,14,45748,15,11,208,1,1,0,126,0.1191,8,0,50864
comedy,Wednesday,10,223,15,2,93,1,0,0,3160,0.1264,2,0,1803
education,Thursday,17,2347,60,25,81,1,0,0,1350,0.0451,6,0,4839
motivation,Monday,14,41154,90,27,103,1,1,0,2809,0.07,5,0,9984
dance,Saturday,4,292,30,0,236,1,0,0,3488,0.1056,7,0,3465
fitness,Wednesday,15,2475,30,3,259,1,0,0,3088,0.0616,7,0,7930
education,Tuesday,15,10215,15,5,159,1,1,0,1982,0.0151,7,0,1494
comedy,Tuesday,16,162,30,4,60,1,1,0,4247,0.0248,7,0,9249
finance,Tuesday,8,455,90,28,37,1,1,0,16287,0.0916,9,0,14480
travel,Sunday,22,59145,15,10,117,1,1,1,228,0.0594,5,0,38077
food,Thursday,2,5473,30,19,167,1,0,1,644,0.0058,8,0,4890
fitness,Tuesday,19,40866,60,22,68,1,1,0,5364,0.1162,4,0,79775
education,Sunday,12,6821,15,12,82,0,1,0,948,0.0654,3,0,2034
gaming,Friday,21,408649,45,10,234,1,0,0,87,0.0505,6,0,433139
food,Sunday,2,10826,30,26,41,1,1,0,2133,0.1085,2,0,11720
finance,Monday,6,48320,60,5,98,1,1,0,410,0.071,7,0,34948
motivation,Sunday,5,3155,90,18,129,1,0,0,76168,0.1058,7,0,13159
travel,Thursday,8,7181,30,24,27,1,1,1,7995,0.0069,4,0,11856
dance,Saturday,11,15605,60,14,232,1,1,1,11150,0.0064,9,0,6257
finance,Sunday,14,21037,90,20,228,1,0,0,1191,0.0862,7,0,26470
finance,Tuesday,20,4581,90,12,116,1,1,1,2040,0.1474,2,0,5140
motivation,Monday,19,4939,30,9,106,1,1,0,552,0.0445,2,0,3124
fashion,Wednesday,2,12130,30,0,294,1,1,0,205,0.104,3,0,2336
motivation,Tuesday,9,12115,15,12,159,0,0,0,177,0.03,8,0,7757
fashion,Monday,0,776,15,5,3,0,0,0,78684,0.0502,4,0,25792
fashion,Friday,18,7368,30,20,148,0,0,0,2425,0.0163,5,0,8514
fitness,Wednesday,18,8755,15,25,233,1,1,1,77,0.1327,3,1,17550
fitness,Friday,22,847,45,23,253,1,1,0,7502,0.05,8,0,12087
comedy,Saturday,22,25101,30,19,247,0,0,0,208223,0.0384,3,0,94548
education,Monday,12,10331,60,11,69,1,0,0,50,0.1109,2,0,5290
education,Friday,11,326168,60,16,202,1,0,0,3643,0.0339,1,0,124364
dance,Saturday,0,4689,15,26,147,1,1,0,116,0.0398,2,0,13037
education,Monday,18,37987,30,17,220,1,1,0,11059,0.02,0,0,24727
fitness,Monday,23,12970,45,23,185,1,0,0,15,0.1446,7,0,9907
comedy,Friday,15,156152,15,25,47,0,0,1,1283,0.0409,0,0,46146
comedy,Monday,22,857,7,7,262,1,0,0,2663,0.1494,5,0,8831
fashion,Tuesday,22,2015,60,28,295,1,0,0,68,0.0305,1,0,10318
motivation,Monday,14,912,15,13,291,1,1,0,2665,0.008,2,0,3826
dance,Thursday,15,4271,60,4,171,0,0,0,432,0.1349,8,0,5802
fashion,Saturday,10,649,60,21,30,0,0,0,34416,0.0891,8,0,10153
motivation,Monday,23,315,30,1,169,0,1,0,63,0.056,5,0,537
education,Thursday,5,105,60,26,43,1,1,0,6747,0.0794,6,0,3259
fashion,Monday,10,100,30,27,42,1,1,0,897,0.0428,4,1,2207
food,Monday,2,16018,60,24,133,0,1,0,14578,0.097,6,0,16652
education,Friday,14,2165,60,30,218,1,1,0,15264,0.0944,5,0,8531
motivation,Tuesday,0,533,7,21,85,1,1,0,662,0.0166,4,0,4434
dance,Saturday,6,1500,30,27,250,0,1,0,1002,0.137,2,0,19655
motivation,Tuesday,0,1900,30,24,264,1,1,0,6751,0.0718,1,0,4873
fashion,Wednesday,16,865,7,10,10,1,1,1,3114,0.0333,4,0,2639
fashion,Friday,8,88432,90,25,79,1,0,0,867,0.0496,7,0,81309
finance,Friday,22,62962,30,2,108,1,0,0,207,0.1306,4,0,58892
dance,Tuesday,12,85757,30,21,117,1,0,0,2277,0.0606,2,0,70118
gaming,Sunday,10,6785,15,25,251,1,1,0,118,0.0865,9,0,5496
education,Friday,19,8142,30,15,17,1,1,0,4009,0.1424,2,0,13913
comedy,Tuesday,5,1518,60,20,255,0,1,0,10108,0.0995,4,0,7329
dance,Friday,0,1069,30,15,244,1,0,0,210,0.103,8,0,7654
comedy,Monday,6,5110,45,8,152,1,0,1,476,0.041,7,0,9638
dance,Tuesday,11,15902,45,12,96,1,1,0,310,0.1019,6,0,12459
dance,Tuesday,21,42293,15,9,185,1,0,0,9025,0.0621,4,0,59856
motivation,Thursday,19,1839,30,30,29,1,0,0,1223,0.1371,8,0,8968
dance,Friday,22,515,15,16,114,1,1,0,527,0.0238,1,0,4989
finance,Friday,18,18419,7,24,240,1,0,0,4004,0.0464,5,0,10735
gaming,Tuesday,16,186,7,20,256,1,0,0,419,0.0146,6,0,2631
fashion,Monday,3,4579,90,16,112,1,0,0,729,0.0602,6,0,4182
travel,Monday,2,5771,90,9,28,1,0,0,117,0.0265,3,0,2620
comedy,Saturday,0,2485,7,7,225,0,0,0,5868,0.1275,1,0,5100
fashion,Monday,17,304,15,6,243,1,0,1,123,0.1391,0,0,1123
travel,Friday,20,2545,15,13,18,1,0,1,19261,0.1021,0,0,16067
gaming,Sunday,14,94520,60,21,111,1,0,0,1768,0.02,2,1,51169
gaming,Thursday,7,14258,30,17,211,1,1,0,801,0.0545,6,0,6181
comedy,Tuesday,0,39778,30,20,232,1,0,0,1068,0.1449,4,0,7351
comedy,Wednesday,19,549,30,18,158,0,0,0,33520,0.0248,6,0,51515
gaming,Thursday,13,7787,45,17,59,1,0,1,74,0.0857,8,0,19228
travel,Sunday,3,5761,15,13,92,1,0,0,86,0.0562,7,0,9102
dance,Wednesday,4,5966,15,9,247,1,0,0,7470,0.1499,0,0,10482
education,Thursday,22,13366,7,0,157,0,0,0,173,0.0464,3,0,3901
food,Monday,12,6407,30,8,140,1,1,0,250,0.0119,4,0,4039
fashion,Friday,23,577,60,17,219,1,1,0,452,0.1068,6,0,2726
motivation,Sunday,14,14821,15,12,88,1,1,0,10414,0.0524,7,0,18512
fashion,Wednesday,5,22327,15,26,154,1,0,0,5536,0.1003,7,0,6548
motivation,Sunday,0,52842,90,16,232,1,1,0,826,0.0202,3,0,58298
travel,Thursday,22,57215,15,29,192,1,0,0,2443,0.0808,6,0,22408
motivation,Friday,18,11586,7,22,98,1,1,0,2327,0.0594,1,0,14901
comedy,Sunday,12,628,60,24,112,1,0,0,147,0.0828,8,0,22962
education,Wednesday,5,313,45,21,106,1,1,0,169,0.1288,5,0,2723
education,Tuesday,14,3265,30,15,23,1,1,0,18,0.146,3,1,4415
comedy,Thursday,15,25720,45,23,280,1,0,0,21616,0.1142,5,0,6983
finance,Tuesday,23,22903,45,30,203,1,0,0,287,0.1162,6,1,4609
travel,Monday,22,8048,7,10,10,1,0,1,1126,0.0817,9,0,12064
finance,Tuesday,15,4601,45,22,204,1,0,0,3222,0.0191,7,0,9699
finance,Tuesday,9,151255,30,8,24,1,1,0,157,0.1017,3,0,47648
fashion,Saturday,21,13811,90,6,139,1,0,1,201,0.0264,8,0,17648
gaming,Thursday,8,4200,90,28,122,1,0,0,173,0.0406,5,0,43158
fashion,Monday,8,1537,30,21,10,1,1,0,3,0.1076,0,0,7161
gaming,Tuesday,16,799,30,0,265,0,0,0,962,0.1003,2,0,1007
food,Friday,16,670,15,8,80,0,0,0,117514,0.0506,0,0,32819
motivation,Wednesday,16,800,7,9,108,1,0,0,380,0.1169,5,0,4875
gaming,Tuesday,23,8149,30,15,207,1,1,0,401,0.1412,5,0,5609
comedy,Monday,11,4757,45,20,243,1,0,0,523,0.0841,6,1,3787
fashion,Tuesday,12,2733,30,28,275,1,1,1,2045,0.1033,0,0,16380
travel,Wednesday,11,18502,30,17,260,1,0,0,6392,0.0444,0,0,5260
motivation,Monday,13,127582,60,30,296,1,0,0,206,0.1458,4,1,66548
food,Thursday,9,1116,45,13,62,1,0,0,2765,0.0447,4,0,16109
gaming,Monday,22,1460,45,27,183,1,1,0,923,0.1337,0,0,5174
food,Thursday,18,100,7,10,31,1,0,0,1993,0.1395,6,0,5616
travel,Monday,1,4687,45,23,282,1,0,0,2704,0.1093,6,0,4046
finance,Sunday,3,3906,60,28,6,1,1,0,156,0.1227,5,0,4876
education,Wednesday,18,24514,7,3,173,1,1,0,382,0.0714,6,0,15096
travel,Wednesday,6,4203,30,29,145,1,1,0,2764,0.1383,5,0,21184
fitness,Monday,14,1705,90,18,251,0,0,0,828,0.1127,9,0,16703
travel,Sunday,14,6952,30,12,165,1,0,0,5347,0.0524,1,0,9363
food,Tuesday,23,13396,30,0,102,1,0,0,702,0.0101,4,0,1514
comedy,Wednesday,5,267,15,20,192,1,1,0,8274,0.0834,6,0,10694
fashion,Thursday,2,30103,30,18,16,1,0,0,21,0.1269,1,0,15961
comedy,Thursday,5,51603,30,14,89,1,0,0,2093,0.1298,4,0,30190
food,Friday,15,13166,15,19,85,0,0,1,83,0.1261,2,0,5853
fashion,Saturday,1,913,30,14,102,0,0,0,10329,0.0361,8,0,4431
fitness,Sunday,6,2732,15,24,81,0,1,0,813,0.0668,9,0,10160
education,Saturday,10,41322,45,10,125,1,1,0,555,0.094,0,0,11939
motivation,Saturday,6,844,90,29,37,0,1,0,210,0.1018,6,0,7870
food,Thursday,3,15238,30,22,212,1,0,0,4135,0.0535,9,0,19694
gaming,Friday,23,4485,30,26,224,1,1,0,3416,0.1054,3,0,9218
food,Saturday,19,6557,30,4,221,1,0,0,624,0.0907,4,0,15508
food,Saturday,6,1091,15,23,246,1,0,1,4150,0.0872,0,1,11357
fashion,Monday,3,8912,90,21,135,1,0,0,1704,0.1011,4,0,9581
dance,Monday,11,7834,15,9,285,1,0,0,1302,0.0925,7,0,4420
travel,Monday,4,324,15,17,230,1,0,0,5248,0.0292,5,0,7435
dance,Tuesday,22,4875,30,6,8,1,0,0,41056,0.1318,1,0,41332
fitness,Saturday,18,14839,45,0,224,1,1,0,1927,0.0399,1,0,12002
gaming,Tuesday,4,2456,30,2,106,1,1,0,1933,0.113,8,0,4384
education,Friday,18,100,15,27,186,1,0,1,6885,0.0306,0,0,7082
finance,Sunday,20,3997,60,0,220,1,0,0,163,0.1008,1,0,2819
fitness,Thursday,2,68847,30,29,94,0,0,0,760,0.1349,7,0,33049
finance,Saturday,10,2643,15,30,194,1,0,0,506,0.0064,5,0,3645
finance,Thursday,6,64316,30,16,241,1,0,0,1999,0.1471,2,0,86564
education,Sunday,16,1138,15,14,229,0,0,0,1692,0.0093,2,0,2063
comedy,Monday,8,608,30,4,4,1,1,0,36942,0.0066,8,0,69314
dance,Saturday,20,4869,45,21,3,1,0,0,21990,0.1293,1,0,40074
food,Wednesday,8,1118,45,15,263,1,0,0,53,0.1078,9,0,6498
motivation,Tuesday,9,8899,15,11,252,0,1,0,2240,0.0203,4,0,4928
finance,Tuesday,12,2513,15,18,162,1,1,0,4520,0.1409,6,0,8234
gaming,Saturday,14,69776,7,13,140,0,0,0,1297,0.1024,5,0,86865
fitness,Sunday,21,2219,15,2,295,1,0,0,390,0.0211,0,0,419
comedy,Monday,4,5776,7,18,18,0,1,1,17282,0.1298,9,0,12930
finance,Tuesday,2,14377,15,0,81,0,1,0,2122,0.0747,2,0,1470
comedy,Monday,7,27484,15,20,3,1,0,0,136,0.0453,4,0,23248
comedy,Friday,19,70499,30,0,127,1,1,0,7723,0.1246,2,0,170603
finance,Thursday,9,3220,30,25,186,1,0,1,2794,0.1121,2,0,7566
fashion,Sunday,12,2395,7,9,145,0,1,1,302,0.0953,4,0,5654
travel,Wednesday,2,156,30,2,151,0,0,0,238,0.1353,7,0,632
gaming,Thursday,21,193896,15,12,92,1,0,1,223,0.1299,9,0,144390
food,Thursday,7,9411,45,5,30,1,1,0,11701,0.0379,7,0,10967
food,Friday,8,19020,30,10,27,1,1,1,3565,0.1324,7,0,23092
gaming,Tuesday,21,13363,15,5,136,1,0,0,7423,0.0592,5,0,20510
fashion,Wednesday,20,5373,15,2,89,1,0,1,1650,0.0676,8,0,13919
food,Tuesday,11,9233,15,15,48,1,0,1,280,0.146,4,0,9039
comedy,Saturday,10,1794,45,8,257,1,0,0,223,0.1152,9,0,5464
education,Thursday,1,2853,90,7,5,1,0,1,9379,0.0516,6,0,4014
fitness,Saturday,17,888,7,26,28,1,1,0,2677,0.0989,0,0,6060
dance,Monday,8,81067,45,2,155,1,0,0,644,0.0832,3,0,47233
food,Thursday,1,13502,15,4,262,1,1,0,1144,0.0219,0,1,3874
gaming,Tuesday,1,172320,7,20,33,1,1,0,8072,0.1337,9,0,67940
education,Thursday,2,306658,7,30,236,1,0,1,3382,0.1242,1,0,150721
finance,Monday,15,392,60,13,137,0,1,0,911,0.1178,5,0,3298
travel,Friday,18,28952,30,4,56,1,1,0,999,0.0861,0,0,14027
gaming,Saturday,3,426,90,18,174,1,0,0,336,0.037,8,0,6356
comedy,Saturday,22,6763,30,4,213,1,1,0,1148,0.1332,5,0,24413
travel,Tuesday,17,8660,15,20,26,1,1,0,616,0.0562,7,0,9699
fitness,Thursday,19,484,45,19,294,1,0,0,992,0.0079,9,0,10534
fitness,Tuesday,17,1303,90,19,118,1,0,0,371,0.1474,9,1,6603
fashion,Friday,9,9401,60,1,146,1,1,0,75,0.1299,7,0,16289
motivation,Thursday,10,6750,45,24,264,1,0,0,7387,0.0953,1,0,12002
fashion,Thursday,16,785,15,30,257,1,1,0,3450,0.0068,1,0,3109
education,Tuesday,23,1399,7,6,188,1,1,0,644,0.038,2,0,1486
travel,Tuesday,22,335,15,0,230,1,0,0,576,0.0705,7,0,1570
motivation,Monday,23,563,30,20,197,0,0,0,68,0.0961,7,1,5153
finance,Sunday,19,2518,90,17,238,1,0,1,9244,0.1077,4,0,7824
comedy,Sunday,15,29068,45,9,69,1,0,0,13465,0.1193,1,0,28276
travel,Friday,19,36520,60,5,251,1,1,0,919,0.0856,3,0,22958
fashion,Sunday,12,133277,15,6,192,1,0,0,2108,0.1001,3,0,116606
dance,Monday,1,10547,45,11,24,0,0,0,151,0.1226,6,0,8851
motivation,Saturday,23,6897,60,17,69,0,0,0,1301,0.1094,3,0,7870
motivation,Thursday,1,11983,30,10,155,1,1,0,276,0.1434,9,0,24488
comedy,Tuesday,13,11778,30,21,145,1,0,0,278,0.1318,5,0,9792
food,Thursday,3,267,45,30,218,0,1,0,615,0.0296,1,0,6057
fitness,Thursday,16,147262,30,28,48,1,1,0,469,0.1424,1,0,156109
fitness,Wednesday,12,152,90,18,193,1,1,1,848,0.0346,4,0,10653
dance,Saturday,3,38862,30,24,39,1,0,1,9075,0.1487,0,0,29061
education,Wednesday,2,5439,15,30,84,0,0,0,16,0.1067,1,0,3292
education,Sunday,11,691,30,3,3,1,0,0,377,0.096,2,0,901
finance,Thursday,21,12790,15,18,289,1,0,0,3879,0.052,8,0,10097
travel,Tuesday,22,3973,30,12,246,0,1,0,1618,0.0243,8,1,4806
gaming,Thursday,7,1438,15,26,4,1,0,0,230,0.0233,6,0,7079
food,Saturday,1,408,90,18,225,0,0,0,73895,0.1307,4,0,77088
fashion,Wednesday,5,351,60,1,149,1,1,1,241033,0.0677,1,0,69912
gaming,Tuesday,21,1636,15,27,237,1,0,1,1063,0.0862,1,1,8408
gaming,Thursday,9,2448,15,8,147,0,0,0,150,0.1401,7,0,4123
motivation,Friday,11,556,30,7,102,1,0,1,663,0.042,2,0,2170
dance,Saturday,20,5267,45,20,174,1,1,0,115,0.1158,6,0,31418
fitness,Saturday,9,718,15,13,235,1,0,0,2443,0.0732,5,0,11238
finance,Friday,9,9399,7,29,33,1,1,0,3467,0.0358,5,0,24253
education,Thursday,22,45093,30,28,171,0,0,0,7868,0.1287,2,0,19772
dance,Saturday,2,8274,45,8,5,1,0,1,2437,0.1036,5,0,7285
motivation,Tuesday,19,4150,15,12,284,1,1,0,1732,0.0188,3,1,4893
fashion,Thursday,9,1876,45,17,224,1,1,0,146,0.0836,0,0,14192
finance,Thursday,8,66368,90,5,52,1,0,0,95,0.1285,7,0,42147
motivation,Wednesday,19,3469,15,22,256,1,1,1,19,0.0147,8,0,4129
fitness,Saturday,18,434696,30,21,58,1,0,1,1289,0.0654,2,0,548527
fitness,Saturday,13,584,7,30,245,0,1,0,6164,0.1218,0,0,11010
fitness,Friday,1,8281,15,2,6,0,1,0,10974,0.1295,0,1,14873
dance,Wednesday,4,62498,7,9,213,1,0,1,5855,0.1174,0,0,73894
dance,Sunday,19,1419,30,29,77,1,1,0,526,0.0493,8,0,9154
education,Wednesday,7,3213,60,9,188,1,0,1,45175,0.0785,9,0,53552
education,Saturday,6,15169,30,9,215,1,1,1,164,0.1125,4,0,16724
fashion,Thursday,5,9879,15,8,282,1,1,0,149,0.0271,2,0,3783
finance,Wednesday,10,13459,7,29,60,1,0,0,5081,0.0913,9,0,8155
comedy,Friday,11,39674,30,30,60,1,0,0,18260,0.1095,8,0,19935
comedy,Wednesday,17,2632,15,11,214,1,1,0,39549,0.1282,9,1,20137
motivation,Friday,18,65293,15,23,44,1,0,0,8056,0.0212,8,0,27917
fitness,Sunday,9,222,30,30,171,1,1,1,4765,0.0528,5,0,7297
finance,Wednesday,20,34179,60,7,220,1,0,1,5572,0.0835,4,0,14829
gaming,Friday,13,38753,7,23,94,1,1,0,628,0.1067,0,0,73241
dance,Wednesday,2,1219,45,8,43,1,0,0,220,0.1109,5,1,3302
travel,Sunday,17,360,7,16,227,1,0,0,1899,0.0417,4,0,2465
food,Wednesday,23,3236,30,7,61,1,1,1,36,0.007,8,0,4203
fashion,Tuesday,14,10166,30,17,218,0,1,0,591,0.1056,6,0,16987
fitness,Friday,5,2688,60,19,88,1,0,1,379,0.1368,2,0,6190
fitness,Sunday,9,12130,30,16,111,0,0,0,3521,0.1206,4,0,8643
fitness,Friday,11,160803,30,27,206,1,1,0,1703,0.0953,5,0,25312
dance,Friday,6,421,15,5,202,1,1,0,21438,0.1467,1,0,13182
dance,Monday,16,145,7,9,296,1,1,0,5679,0.0678,6,0,7879
food,Sunday,0,4338,30,0,32,1,1,0,305,0.0811,8,0,6159
gaming,Wednesday,17,1444,60,27,214,1,0,1,4209,0.0068,9,0,4987
finance,Friday,14,2070,30,20,11,1,1,0,34,0.1422,8,0,6848
fitness,Saturday,18,48071,45,30,1,1,1,1,4744,0.0896,4,0,99946
comedy,Monday,0,3955,15,24,148,1,0,0,246,0.0617,7,0,5027
education,Tuesday,4,4664,30,0,141,1,0,0,325,0.0115,8,1,2589
comedy,Friday,14,2238,15,8,289,1,0,0,16089,0.0576,5,0,16936
motivation,Friday,2,4583,15,19,206,0,1,0,2390,0.0055,3,0,6213
comedy,Monday,0,7968,30,2,191,1,1,1,745,0.052,3,0,3621
motivation,Wednesday,7,738413,45,23,251,1,1,0,8373,0.143,2,0,367591
travel,Saturday,11,8130,30,5,203,1,0,0,20879,0.0274,8,0,23412
education,Tuesday,21,39848,45,6,45,1,1,0,148,0.0841,9,0,11843
comedy,Friday,18,6874,45,8,260,1,1,1,263,0.0321,5,0,9893
travel,Wednesday,11,127,15,4,65,1,0,0,5554,0.1186,7,0,3222
fashion,Sunday,12,1770,45,28,149,1,0,0,2024,0.0865,1,0,13917
finance,Saturday,0,8119,15,15,69,1,1,0,26,0.0343,3,0,3330
travel,Sunday,18,18072,15,1,1,1,1,0,38768,0.1306,1,0,47129
finance,Saturday,5,7175,15,2,28,1,0,0,418,0.1187,2,0,1684
comedy,Tuesday,7,25761,15,2,255,1,0,1,146,0.1429,1,0,27206
gaming,Thursday,3,354,45,19,60,1,0,0,1122,0.0051,8,0,14251
travel,Saturday,4,5365,60,25,99,1,0,0,6661,0.0713,8,0,4024
education,Thursday,21,53655,15,22,143,1,0,0,10607,0.15,5,0,33150
comedy,Sunday,6,855,7,27,191,1,0,1,1229,0.1226,6,0,16759
fitness,Saturday,22,36940,15,9,269,1,1,0,174845,0.1255,4,0,867625
dance,Tuesday,3,33658,45,21,298,1,1,0,310557,0.0951,9,0,183529
travel,Monday,19,530,30,2,203,1,0,0,2686,0.1084,0,0,1590
education,Tuesday,3,9028,30,14,244,1,1,0,968,0.1218,3,0,5095
fashion,Tuesday,14,6541,45,13,30,0,1,0,559,0.0184,3,0,3307
fitness,Monday,20,3577,30,22,51,1,0,0,807,0.1054,7,0,14166
fashion,Monday,4,314,90,3,242,1,0,0,21811,0.1232,4,1,14600
comedy,Wednesday,23,3060,15,9,262,0,1,0,2146,0.0109,2,0,6166
dance,Saturday,8,3709,90,10,173,1,1,0,6251,0.0481,0,0,13017
travel,Sunday,1,231,15,10,99,1,0,1,4393,0.052,0,0,2186
travel,Wednesday,6,469,15,7,60,0,0,0,3687,0.1289,4,0,8414
gaming,Monday,16,926,45,30,187,1,1,1,9683,0.1182,7,1,16594
gaming,Thursday,15,744,45,22,6,1,0,0,5739,0.1002,8,0,4862
comedy,Sunday,16,8842,60,22,188,1,1,0,2845,0.1217,9,0,11648
comedy,Thursday,19,25354,15,8,82,1,1,0,43904,0.0707,9,0,92653
dance,Tuesday,22,2810,90,7,282,1,0,0,78,0.1319,1,0,6188
gaming,Friday,1,19522,15,11,123,1,0,0,1931,0.039,4,0,8929
education,Tuesday,10,27295,7,16,156,1,0,0,381,0.1072,3,0,4165
education,Tuesday,1,4215,15,22,86,1,0,1,6899,0.0401,2,0,2644
dance,Friday,0,10244,45,14,147,1,0,0,41,0.0108,7,1,7289
education,Saturday,1,3287,45,18,69,1,1,0,1748,0.0462,1,0,3524
motivation,Monday,22,651,30,27,75,1,0,0,2877,0.0765,1,0,3743
finance,Thursday,8,1281,15,19,113,1,0,0,12656,0.1273,4,0,8850
dance,Tuesday,21,8840,7,5,2,1,1,0,470,0.0788,9,0,7933
dance,Friday,1,3950,15,4,233,1,1,0,290820,0.031,9,0,155503
food,Wednesday,14,18525,30,7,166,1,1,0,339,0.149,9,0,30059
fitness,Tuesday,9,164,45,17,98,1,0,1,112,0.0442,0,0,3809
fitness,Thursday,14,253,30,20,123,1,0,0,3683,0.1479,6,0,6934
motivation,Monday,9,313,90,20,44,1,0,0,849,0.1408,8,0,11773
gaming,Tuesday,22,6634,15,14,286,0,0,0,43595,0.0837,1,0,49370
comedy,Tuesday,16,411,15,2,105,1,1,0,45,0.0183,9,0,3374
comedy,Saturday,8,8744,30,13,293,1,0,0,1177,0.1058,0,0,4029
fashion,Friday,17,19061,45,25,133,1,1,1,5632,0.1276,8,0,17969
motivation,Wednesday,3,75301,30,14,7,1,0,0,289,0.0696,1,0,13198
dance,Wednesday,8,61736,60,30,27,1,0,0,67,0.0397,8,0,20282
motivation,Sunday,15,1405,30,12,270,1,1,0,19857,0.1214,7,0,18285
motivation,Monday,3,243,7,20,222,1,0,1,204,0.084,6,0,2248
motivation,Sunday,15,1575,15,19,7,1,0,0,8845,0.0337,0,0,2938
fitness,Thursday,18,28518,45,26,133,1,0,0,172,0.1427,3,0,36022
motivation,Monday,0,2437,45,20,28,0,1,0,579,0.1425,6,0,3950
finance,Tuesday,22,4704,15,25,114,0,0,0,4986,0.0582,5,0,4968
comedy,Tuesday,5,1802,7,8,33,0,0,0,2225,0.0143,0,1,2885
fashion,Wednesday,9,84640,30,22,6,1,1,0,170,0.0965,6,0,85025
finance,Thursday,15,791,30,16,39,1,1,0,3168,0.051,1,0,4224
fashion,Friday,3,5542,15,18,61,1,1,0,14,0.0146,7,0,8624
food,Thursday,21,36128,30,24,85,1,0,0,99,0.1343,1,0,58161
fashion,Tuesday,21,135237,15,3,212,1,1,0,35994,0.1497,3,0,144479
comedy,Friday,12,1407,90,19,115,0,1,1,781,0.0558,5,0,5774
comedy,Thursday,15,27707,15,9,64,1,0,0,4609,0.113,7,0,15570
motivation,Thursday,19,1574,45,21,296,1,0,0,4349,0.0145,2,0,3911
travel,Friday,5,58623,30,2,169,1,1,0,551,0.0586,5,0,14123
food,Tuesday,10,110529,7,18,115,1,1,0,1386,0.0208,5,0,59998
dance,Thursday,23,991,30,30,115,1,1,0,105,0.013,0,0,2854
education,Friday,2,15934,7,8,220,0,1,0,1421,0.0904,5,0,4677
fashion,Saturday,19,36457,45,28,49,1,0,0,411,0.1213,0,0,63137
travel,Saturday,9,2893,30,4,78,1,0,0,71934,0.0707,8,0,83416
motivation,Tuesday,0,13172,7,13,19,1,0,0,269,0.081,3,0,2136
fitness,Friday,19,14472,15,6,36,1,0,1,3061,0.0443,4,0,16063
dance,Saturday,10,183023,45,20,258,1,0,1,634,0.1118,0,0,93473
gaming,Friday,11,141,15,5,92,0,0,0,5579,0.0574,0,0,3503
travel,Thursday,13,4444,30,23,186,1,1,0,72,0.0148,8,0,7074
fitness,Tuesday,7,517,15,30,200,1,0,1,842,0.029,5,0,3551
food,Saturday,10,5038,90,7,287,0,0,1,3586,0.0236,9,0,5469
motivation,Sunday,3,1200,30,1,47,0,1,1,1755,0.0682,9,0,3595
dance,Thursday,6,3106,45,26,252,1,1,0,2955,0.0145,5,0,34063
dance,Sunday,9,1018,7,24,45,1,0,0,208,0.1219,4,0,11380
dance,Sunday,18,6500,7,25,230,1,1,0,548,0.1367,5,0,16179
food,Monday,3,33962,15,27,94,1,1,1,1056,0.041,7,0,7500
fashion,Monday,1,2512,15,27,217,1,0,1,5217,0.0754,6,1,5719
gaming,Tuesday,20,64545,45,27,39,1,0,0,17921,0.0803,6,0,43242
food,Saturday,17,32180,30,13,202,1,0,0,26,0.1478,8,0,26462
education,Saturday,13,191247,30,21,115,1,1,0,578,0.0145,8,1,73532
gaming,Saturday,15,10305,45,6,90,1,0,0,293,0.1018,8,0,11600
comedy,Friday,21,4398,15,2,57,1,0,0,233,0.0551,0,0,2923
motivation,Thursday,10,283,7,19,9,1,1,0,1869,0.0778,5,0,9181
food,Saturday,9,1203,60,21,255,0,0,0,1170,0.0365,4,0,11890
fitness,Thursday,16,3380,30,22,248,1,0,0,116,0.0282,7,0,3652
gaming,Tuesday,13,4183,30,5,5,1,0,0,105,0.0403,9,0,8445
education,Sunday,21,336953,15,20,187,1,0,0,2762,0.0153,7,0,40953
comedy,Saturday,3,3386,30,13,234,1,1,0,123,0.0453,7,0,4796
fashion,Tuesday,18,203,7,11,182,1,1,0,273,0.1051,4,0,3096
fitness,Saturday,1,16256,60,17,286,1,0,0,6952,0.0995,9,0,32075
gaming,Monday,6,14642,30,11,122,1,0,0,1548,0.0854,9,0,11581
motivation,Wednesday,8,2151,7,30,157,1,0,0,24227,0.0051,0,0,11508
fitness,Tuesday,18,226342,60,30,12,0,1,0,885,0.0232,3,0,111991
comedy,Saturday,15,161,30,6,53,1,1,0,95399,0.1272,6,0,71066
fitness,Wednesday,21,46584,45,4,276,1,0,0,759,0.0444,1,0,39684
finance,Tuesday,15,2910,7,11,42,1,0,0,12035,0.1373,6,0,2554
travel,Friday,17,888,7,8,266,1,0,0,204,0.1318,4,0,5007
fashion,Saturday,22,369799,15,28,108,1,0,0,298,0.0275,5,0,53353
comedy,Friday,20,18509,15,10,165,1,1,0,32321,0.1352,5,0,99067
fitness,Monday,20,2872,45,3,105,1,1,0,272,0.096,4,0,8384
travel,Saturday,10,2768,45,13,50,1,1,0,710,0.0964,9,1,12585
travel,Sunday,6,8068,30,25,203,1,0,0,292,0.1286,6,1,17287
fitness,Monday,8,2139,60,11,42,1,0,0,10391,0.0637,3,0,5662
motivation,Wednesday,3,50985,15,17,282,1,0,0,97,0.1116,0,0,24382
finance,Tuesday,12,5755,60,6,84,0,0,0,14987,0.1018,8,0,5591
food,Thursday,3,30687,60,22,216,1,0,0,1789,0.1169,6,0,10194
finance,Monday,18,7145,30,0,157,1,0,0,1592,0.1007,8,0,4272
fitness,Thursday,1,23522,7,26,126,1,0,0,977,0.0166,8,0,6710
fashion,Thursday,8,55376,45,29,190,1,0,1,13380,0.0474,6,0,45529
food,Tuesday,11,101282,15,12,265,1,1,0,707,0.1413,1,0,34526
comedy,Wednesday,1,11892,45,15,59,1,1,1,264,0.0374,1,0,9268
finance,Tuesday,5,1032,15,4,282,0,0,0,3105,0.0735,3,0,679
fitness,Saturday,4,3602,30,18,61,0,0,0,924,0.0568,8,0,6740
finance,Monday,4,4688,30,24,125,1,0,0,55360,0.0175,6,0,13077
food,Thursday,19,1751,15,8,171,1,1,0,6793,0.0313,8,0,17400
education,Tuesday,21,1296,30,22,62,1,1,0,2194,0.0466,3,0,11123
gaming,Tuesday,4,6728,7,27,259,1,1,0,19308,0.0722,8,0,12348
finance,Tuesday,3,837,30,8,15,1,1,0,60,0.1318,6,0,769
comedy,Monday,8,590,60,11,178,1,0,1,3368,0.0798,7,0,3924
comedy,Wednesday,21,232,15,17,100,1,0,0,1344,0.0995,0,0,11318
dance,Sunday,9,11668,45,26,175,1,0,0,730,0.0668,8,0,17091
finance,Tuesday,15,9083,15,25,192,1,1,1,625,0.1312,7,0,15596
gaming,Monday,9,2739,45,23,272,1,0,0,10162,0.1011,0,0,18154
motivation,Thursday,9,29425,60,25,260,1,1,0,26,0.0181,7,0,20186
travel,Saturday,18,814,15,9,174,1,1,0,2821,0.0742,4,0,8420
gaming,Sunday,9,9755,60,25,233,1,0,0,62,0.1249,2,0,8835
travel,Friday,5,5418,30,28,299,1,1,0,672,0.1114,7,0,6242
travel,Sunday,16,1295,15,16,215,1,0,0,991,0.1363,2,0,4793
education,Sunday,4,2025,60,18,246,1,1,0,27804,0.038,7,0,10934
dance,Monday,5,1763,7,23,20,1,1,0,377,0.1467,4,0,6222
gaming,Friday,23,7746,7,10,242,1,0,0,1222,0.0463,7,0,10629
gaming,Tuesday,14,14302,30,15,287,1,0,0,93,0.0123,2,0,6143
education,Tuesday,18,2281,45,7,279,1,0,0,3015,0.0769,9,0,5184
finance,Sunday,17,1364,45,29,243,1,1,0,76,0.021,5,0,2737
finance,Monday,3,6291,7,25,162,1,0,0,31,0.1038,5,0,5797
finance,Friday,7,251,90,23,145,1,1,0,53,0.1356,3,0,10079
fashion,Tuesday,15,5228,45,26,66,1,0,0,621,0.1386,4,0,18829
travel,Thursday,23,81731,90,14,102,1,1,1,686,0.093,6,0,44622
fashion,Wednesday,18,1384,15,27,124,1,1,0,10608,0.0826,0,0,13061
dance,Wednesday,19,3574,45,10,116,1,1,0,23024,0.1491,7,0,35959
education,Tuesday,2,31076,60,6,250,1,0,1,21941,0.089,2,0,12203
gaming,Friday,9,19118,30,1,225,1,0,1,10953,0.1395,6,0,19683
travel,Saturday,1,5493,90,18,187,1,0,0,69623,0.1379,8,1,39353
fashion,Tuesday,3,4423,15,8,186,1,0,1,2726,0.047,1,0,4080
fashion,Saturday,5,531,15,17,75,0,0,0,2807,0.007,9,0,8688
fitness,Saturday,10,11897,90,12,272,1,0,0,42364,0.0687,9,0,36365
fashion,Friday,13,437,90,22,148,0,1,0,118,0.1299,6,0,15807
motivation,Saturday,15,119,15,0,194,1,0,0,7184,0.1262,0,0,3649
gaming,Thursday,20,30169,15,18,283,1,1,0,997,0.0925,4,1,39833
motivation,Friday,18,9863,45,12,43,1,0,0,15778,0.0277,6,0,10961
gaming,Tuesday,1,23945,90,13,169,1,0,1,11656,0.0206,4,0,13305
education,Sunday,16,1305,30,16,93,1,0,0,789,0.1434,4,0,3504
gaming,Thursday,8,11378,30,21,223,1,0,0,98,0.0661,5,0,7085
motivation,Monday,16,2229,45,19,277,1,0,0,16302,0.099,9,0,10558
gaming,Wednesday,14,2727,15,0,37,1,1,1,425,0.1364,9,1,6822
education,Tuesday,6,28360,90,4,269,0,1,0,1397,0.1311,5,0,24179
education,Tuesday,21,3753,30,29,234,1,0,0,116,0.0872,9,0,11241
dance,Tuesday,22,1403,30,19,110,1,0,0,533,0.0757,1,0,7947
gaming,Thursday,18,420,30,13,167,1,0,0,8371,0.1116,9,0,13200
fitness,Monday,2,9407,30,26,53,1,1,1,2369,0.0557,9,0,19582
finance,Sunday,0,33092,45,25,126,1,1,0,244,0.0957,8,0,17418
comedy,Friday,3,1200,90,29,274,1,1,0,25,0.0084,2,0,2029
education,Monday,17,16986,45,26,41,1,0,0,4343,0.1245,0,0,2278
food,Thursday,7,900,45,25,40,1,0,1,477,0.1497,0,1,12127
finance,Tuesday,18,18934,7,17,49,1,0,1,1555,0.1434,8,0,6742
travel,Wednesday,22,5214,60,12,158,1,1,0,834,0.0572,5,0,6802
gaming,Tuesday,22,7959,15,22,181,1,0,0,468,0.082,6,1,6422
motivation,Friday,5,1400,15,11,180,1,1,0,3788,0.0393,1,0,3364
comedy,Saturday,0,9354,15,14,165,0,0,0,193,0.0489,0,0,6949
food,Wednesday,7,1675,45,23,231,1,0,0,1479,0.0713,1,0,4728
finance,Tuesday,0,2334,90,3,205,1,0,0,2513,0.1133,2,0,1541
gaming,Sunday,18,319,45,8,49,1,1,0,16237,0.0076,2,0,25475
dance,Wednesday,10,1224,15,2,145,1,0,1,1217,0.0621,7,0,10293
travel,Saturday,20,1908,15,28,297,1,1,0,101,0.0857,3,0,13970
comedy,Monday,23,8630,30,21,144,1,0,1,4228,0.0362,0,0,4002
fitness,Thursday,14,14359,7,10,15,1,0,0,185,0.0164,1,0,8319
dance,Tuesday,22,1645,30,29,84,1,0,0,287,0.0832,8,0,27934
food,Friday,10,3655,45,14,215,1,1,0,403,0.0975,1,1,9136
comedy,Monday,18,102282,90,15,51,1,0,1,757,0.0979,8,0,36803
dance,Tuesday,20,6222,30,29,35,1,0,0,14553,0.0567,4,0,28460
travel,Monday,9,1869,15,6,106,1,0,0,4039,0.0394,3,0,3239
fitness,Friday,23,239,60,6,218,1,0,0,121,0.037,3,1,2766
dance,Tuesday,11,1056,45,21,297,1,1,0,22590,0.0109,2,0,10471
fashion,Saturday,0,985,60,8,253,1,0,0,9156,0.0318,1,0,10661
fitness,Saturday,23,172848,15,30,67,1,1,0,2522,0.1237,7,0,101329
food,Friday,6,1067,30,16,186,1,1,0,10,0.0054,5,1,15113
travel,Wednesday,16,5387,90,12,123,1,1,0,202,0.0114,8,0,4941
gaming,Friday,9,9579,15,8,29,1,0,0,1116,0.0234,1,0,6096
motivation,Wednesday,5,36016,45,28,184,1,0,1,30057,0.0659,0,0,26560
motivation,Tuesday,16,4986,15,8,288,0,1,0,15536,0.0534,7,0,8459
motivation,Wednesday,17,1961,30,19,52,1,1,1,159,0.0308,7,0,5483
comedy,Tuesday,4,1741,60,28,176,1,0,0,38,0.0211,4,0,4851
food,Tuesday,17,9334,30,27,132,1,0,0,761,0.1411,1,0,13108
travel,Sunday,16,1433,60,30,76,1,1,0,1452,0.1371,9,0,11967
fitness,Thursday,21,673,30,11,59,0,0,0,91,0.1169,4,0,4907
comedy,Tuesday,15,1960,90,20,90,1,1,1,192,0.0415,7,0,9304
food,Wednesday,7,453,30,18,297,1,0,1,75530,0.0519,3,1,37692
gaming,Thursday,23,137462,15,22,279,0,0,0,519,0.1015,1,0,71317
fashion,Thursday,12,14382,30,14,198,1,0,0,600,0.0473,2,0,14337
travel,Tuesday,23,90900,45,17,117,1,0,0,312578,0.0819,2,0,125425
motivation,Friday,15,11775,60,7,182,1,0,0,556,0.0994,8,0,5108
dance,Friday,10,76440,30,24,54,1,1,0,145,0.0803,2,0,27589
travel,Saturday,5,9522,30,5,270,1,1,0,265,0.0649,0,0,6185
education,Thursday,2,18162,60,24,4,1,1,0,1964,0.0554,6,0,6488
food,Tuesday,0,105,60,5,100,1,1,0,424,0.1178,0,0,2266
finance,Sunday,17,947,45,2,285,1,0,0,845,0.1122,5,1,893
gaming,Friday,4,5252,60,25,52,1,0,0,1006,0.106,9,0,19501
fashion,Sunday,12,5487,30,2,217,1,1,0,594652,0.0593,3,0,374247
gaming,Tuesday,9,4283,7,1,285,1,0,0,4560,0.1175,6,0,4441
travel,Tuesday,4,11107,7,4,239,1,0,0,163,0.1439,6,1,4243
finance,Thursday,13,11962,90,28,213,1,1,0,774,0.1049,6,0,11563
education,Sunday,16,23323,15,29,103,0,0,0,5464,0.0641,5,0,12645
fitness,Saturday,0,16386,30,19,221,0,1,0,9563,0.1205,6,0,10637
dance,Thursday,1,42931,90,11,188,1,1,0,44,0.0933,7,0,17416
finance,Monday,6,43565,15,5,98,1,0,0,64,0.1323,2,0,16166
food,Sunday,9,6730,60,15,96,1,0,1,2807,0.1084,4,0,12810
motivation,Friday,19,208348,60,4,72,1,1,0,306,0.1166,9,0,294467
education,Friday,6,56771,90,5,255,1,0,1,231,0.1018,8,0,44042
dance,Friday,23,1149,15,3,230,1,0,0,1594,0.0183,7,0,3070
fashion,Wednesday,15,9963,15,13,169,1,0,0,5332,0.0753,5,0,8318
motivation,Tuesday,4,178,60,28,156,1,1,0,680,0.0132,8,0,4862
travel,Thursday,11,241,15,2,221,1,1,0,22,0.0699,9,0,1782
finance,Friday,16,2000,30,16,98,1,1,0,381,0.1089,4,0,4354
dance,Monday,15,1016,45,4,219,1,1,0,107,0.0661,1,0,563
comedy,Friday,19,2022,15,21,243,1,1,0,3372,0.0052,8,0,25739
fitness,Saturday,15,8877,90,20,258,1,0,0,66236,0.0585,4,1,50549
fitness,Tuesday,18,44601,45,20,193,1,1,0,1950,0.0148,7,0,55115
education,Sunday,14,40503,7,27,149,1,0,1,2649,0.1182,7,0,19694
fashion,Tuesday,11,10339,15,5,154,1,0,0,5574,0.1186,3,0,8791
education,Sunday,20,694,15,19,21,1,1,0,16253,0.1219,3,0,5886
comedy,Sunday,9,1802,15,29,115,1,0,0,342,0.0094,0,0,3298
food,Thursday,21,15474,45,27,112,1,1,0,986,0.0097,4,0,13470
fashion,Wednesday,1,1110,7,3,210,1,0,1,7309,0.136,8,0,3617
gaming,Sunday,6,502,30,26,23,1,1,0,166,0.0229,4,0,14673
food,Sunday,12,11922,60,12,282,0,0,1,53,0.1022,4,0,21426
fashion,Thursday,2,4505,30,7,291,0,0,0,432,0.1203,5,0,7436
fashion,Friday,14,3362,15,10,55,1,0,0,13531,0.0699,5,0,20805
comedy,Saturday,0,36230,90,23,265,0,0,0,1452,0.0842,7,0,33317
travel,Monday,2,34886,15,27,53,1,0,0,431,0.038,0,0,3821
comedy,Thursday,9,121298,60,18,107,1,1,1,8362,0.1389,4,0,308943
fashion,Wednesday,14,1521,45,22,201,1,1,0,3317,0.0488,8,0,17882
dance,Thursday,21,10652,45,30,201,1,0,0,231,0.0366,2,0,7250
food,Tuesday,5,5085,45,4,217,1,0,0,750,0.0812,6,0,4153
comedy,Friday,19,9035,30,4,242,1,0,0,141,0.0326,6,1,7087
travel,Friday,14,637,60,27,177,1,0,1,1460,0.1046,9,0,26846
finance,Sunday,23,393,60,28,60,1,1,1,3915,0.0797,2,0,2985
education,Friday,20,4571,30,2,35,0,0,0,8,0.0264,6,0,3419
fashion,Friday,6,1078,30,1,45,0,1,0,142,0.0148,2,0,1168
gaming,Friday,20,26602,60,28,94,1,0,1,31482,0.0249,5,0,50179
finance,Friday,4,329,30,2,43,1,0,0,560,0.0248,7,0,5519
fitness,Monday,3,382,60,14,225,1,1,0,30255,0.0504,7,1,29013
motivation,Wednesday,21,2321,30,6,145,1,0,0,85,0.1258,5,0,2060
travel,Sunday,17,308,30,2,268,1,1,0,378,0.0133,1,0,1149
gaming,Friday,2,100388,7,14,12,1,1,0,1694,0.0236,0,0,37249
motivation,Sunday,16,3535,15,10,24,0,1,0,579,0.0489,2,0,4213
travel,Wednesday,17,1660,30,15,260,1,0,0,13779,0.0852,2,0,7856
dance,Saturday,17,11411,30,12,127,1,1,0,865,0.1156,6,0,9684
education,Friday,23,24123,30,1,38,1,1,0,4555,0.1386,3,0,8746
finance,Sunday,23,7133,45,19,156,1,0,0,123,0.0648,1,0,3436
food,Thursday,1,4347,45,11,184,1,0,0,1860,0.0203,1,0,3316
travel,Sunday,12,836,60,20,173,1,0,0,585,0.036,6,0,8324
food,Friday,21,15300,15,28,185,0,0,0,147,0.0467,7,1,11887
education,Tuesday,14,62948,30,6,280,0,1,0,2788,0.119,4,1,81288
fashion,Monday,4,3309,7,0,73,1,0,0,16720,0.1046,1,0,7932
fitness,Thursday,2,1066,30,13,294,1,1,0,333,0.0353,2,0,4987
finance,Thursday,4,6813,15,23,15,0,0,0,2554,0.1266,0,0,4295
education,Tuesday,4,4938,30,9,187,1,0,0,713,0.1296,9,0,2330
education,Friday,4,550,30,2,171,1,1,0,1358,0.133,3,0,2705
dance,Monday,2,1988,7,29,185,1,0,0,5882,0.0449,6,0,4302
motivation,Thursday,2,122918,30,10,31,1,0,0,19605,0.0244,9,0,8911
fitness,Monday,19,434,90,21,62,0,1,1,13144,0.0201,8,0,20085
finance,Thursday,22,1417,15,19,188,1,1,0,244,0.063,2,1,3625
fashion,Friday,17,890,45,29,25,1,1,0,74,0.0673,3,0,5103
fashion,Saturday,19,1044,30,20,38,1,1,0,19,0.1309,5,1,16425
comedy,Thursday,3,2204,15,25,192,0,1,0,3889,0.0438,0,0,3538
education,Saturday,0,11015,7,27,162,1,0,0,382,0.0959,4,0,3478
travel,Thursday,15,51813,15,14,52,1,1,0,9178,0.1193,9,0,56371
dance,Wednesday,7,7086,45,5,173,1,1,0,138,0.044,4,0,7503
fitness,Friday,16,1433,15,17,195,1,0,0,2676,0.0437,9,1,12665
fashion,Tuesday,7,78578,15,12,210,1,0,0,31,0.102,8,0,60650
finance,Saturday,6,118,15,14,277,0,0,1,3008,0.1103,8,0,9728
comedy,Tuesday,7,16518,30,2,187,1,1,0,2398,0.1442,0,1,19155
finance,Friday,20,774,45,14,213,1,0,0,121,0.1282,2,0,6260
dance,Sunday,23,4484,30,23,28,1,1,1,1610,0.1242,3,0,16440
travel,Tuesday,11,13542,30,23,170,1,0,0,68781,0.1054,0,0,38353
comedy,Friday,15,273,30,0,121,1,1,0,4341,0.0222,8,0,3492
comedy,Tuesday,11,6342,7,9,158,1,0,0,404465,0.1223,1,0,191121
motivation,Saturday,18,7282,30,23,85,1,0,0,1489,0.1406,4,0,11899
fitness,Wednesday,9,68337,30,26,3,1,1,0,3485,0.0617,2,0,37462
comedy,Tuesday,6,651653,30,17,1,1,0,0,423,0.0505,3,0,305686
motivation,Saturday,11,300,45,25,132,1,0,0,1794,0.0808,3,0,4006
motivation,Thursday,19,62999,45,25,78,1,0,0,155,0.1437,1,0,56003
dance,Friday,4,4590,15,28,146,1,0,0,6708,0.0124,1,0,11387
food,Monday,15,1146,15,7,165,1,0,0,218,0.1078,7,0,2016
finance,Sunday,8,9549,30,11,237,0,1,0,30712,0.1231,1,1,32908
travel,Monday,6,471,45,25,275,1,1,0,74,0.1194,9,0,5582
gaming,Friday,19,524,7,4,203,1,1,1,596,0.0872,6,0,8502
finance,Wednesday,21,216,90,0,52,1,0,0,666,0.1385,0,0,1735
comedy,Tuesday,13,13134,30,7,106,1,0,0,117,0.0245,0,0,5429
travel,Wednesday,10,8853,15,27,54,0,0,0,1753,0.0405,9,1,3675
fashion,Monday,6,1134,45,4,245,1,1,0,377,0.0495,2,0,2408
food,Sunday,9,76304,7,30,163,1,0,1,18188,0.0063,2,0,40348
fashion,Saturday,8,1490,30,16,14,1,1,1,216,0.0587,8,0,18359
fashion,Sunday,3,49482,30,14,0,1,0,1,2545,0.0283,1,1,13294
fitness,Friday,15,6122,15,3,136,1,0,0,923,0.1101,3,0,7088
finance,Friday,9,1454,60,12,150,0,0,0,715,0.0652,2,0,3045
gaming,Wednesday,18,3995,45,16,179,1,1,0,1316,0.1071,6,0,14402
dance,Saturday,23,514,15,12,231,1,0,0,4520,0.0476,5,0,5688
gaming,Wednesday,16,7259,30,24,187,1,0,1,25,0.0241,8,1,13677
fashion,Tuesday,8,5192,15,25,17,1,1,1,1206,0.0241,7,0,19438
comedy,Thursday,12,12700,60,1,224,1,1,0,210,0.0345,1,0,9515
food,Saturday,0,23920,15,23,104,1,0,0,244,0.0217,2,0,6370
education,Thursday,1,6051,30,3,205,1,0,0,1785,0.037,0,0,863
gaming,Sunday,12,344,15,24,185,0,0,0,9897,0.089,7,0,16524
fashion,Tuesday,23,26324,15,1,64,1,0,0,24398,0.0422,1,0,13903
food,Thursday,8,5046,45,11,206,1,1,1,342,0.0547,3,0,11816
travel,Monday,6,162,45,18,228,1,0,1,3,0.0126,1,0,1969
finance,Sunday,15,8581,30,17,68,1,1,0,1261,0.1344,1,1,7077
motivation,Thursday,18,9830,45,9,141,1,0,0,28,0.025,2,0,7546
fitness,Tuesday,6,2577,30,29,205,1,0,0,2650,0.0556,9,0,6307
food,Thursday,5,3442,7,4,173,0,1,0,181,0.06,4,0,2145
comedy,Friday,17,1683,7,10,196,0,0,0,2174,0.117,7,0,3739
comedy,Wednesday,18,10394,30,0,196,1,1,0,198,0.0751,9,0,8108
food,Monday,10,6323,45,27,227,1,1,1,106,0.0605,1,0,3957
comedy,Friday,11,958,60,2,270,1,0,0,112,0.1059,4,0,2531
finance,Friday,9,90431,7,16,198,1,0,0,2426,0.0916,3,0,85011
comedy,Tuesday,12,1482,30,25,14,1,0,0,77,0.0163,2,1,5248
gaming,Wednesday,11,100,15,14,285,1,1,1,3267,0.0503,9,0,3479
motivation,Wednesday,20,2106,60,13,215,1,0,0,38349,0.1469,5,0,40819
comedy,Saturday,9,31435,60,23,34,1,0,1,31010,0.0751,8,0,107210
motivation,Sunday,19,3388,15,14,68,1,0,0,45,0.0665,7,0,12418
fashion,Monday,17,259,45,15,211,1,1,0,74,0.0267,1,0,5474
dance,Sunday,3,772,45,27,45,1,0,1,2871,0.1267,0,0,7530
finance,Tuesday,23,702,15,3,247,1,0,0,129,0.0243,7,0,1399
dance,Monday,4,1744,30,18,84,0,1,0,3780,0.0202,4,1,3523
fashion,Saturday,4,3068,30,23,47,1,0,0,35,0.0687,1,0,11482
finance,Thursday,11,11955,7,28,230,1,0,0,950,0.0683,9,0,6024
food,Friday,2,6193,30,24,66,0,1,1,7246,0.1473,0,0,9037
food,Monday,7,6751,15,7,88,0,1,0,49,0.0235,7,0,4022
motivation,Sunday,21,120914,30,5,218,1,0,0,867,0.0752,7,0,86878
fashion,Friday,1,23144,60,15,51,1,0,1,844,0.0342,5,0,12209
motivation,Tuesday,17,19752,30,29,21,1,0,0,3688,0.1068,4,0,10548
fitness,Sunday,8,187,7,30,98,1,0,0,287,0.0618,4,1,6692
comedy,Thursday,12,1269,7,2,130,1,1,0,63,0.099,5,0,2861
education,Tuesday,6,277,30,7,87,1,0,0,7,0.0541,4,0,2272
fitness,Thursday,9,1231,15,28,135,0,1,0,15528,0.0869,1,0,30323
comedy,Thursday,8,20552,30,4,38,1,0,0,5823,0.073,6,0,7422
finance,Friday,21,2423,15,4,17,1,1,0,1044,0.0593,3,0,5058
motivation,Tuesday,14,33873,45,11,104,1,0,1,989,0.0829,6,0,29836
finance,Tuesday,4,17113,60,24,145,1,1,0,2566,0.0607,0,0,2743
finance,Monday,11,5381,60,0,223,0,0,0,7568,0.1219,5,0,3406
comedy,Sunday,0,35343,15,6,116,0,1,0,19,0.0768,1,0,30772
fashion,Tuesday,11,57293,45,23,0,0,0,0,31,0.136,2,0,17170
comedy,Monday,21,11135,15,10,116,1,0,0,23,0.0373,2,0,8310
travel,Wednesday,5,7434,45,9,25,1,1,0,548,0.0213,9,0,3033
food,Wednesday,18,15368,15,2,11,1,0,0,1577,0.0602,0,0,7354
food,Wednesday,18,390,45,7,293,1,0,0,8308,0.0316,4,0,16595
fitness,Saturday,15,3977,30,0,168,1,1,1,3,0.062,7,0,9506
food,Tuesday,18,4707,60,7,52,1,1,0,75,0.0351,7,0,8050
comedy,Saturday,2,2530,45,22,268,1,0,0,1424,0.1309,9,0,5359
gaming,Sunday,22,1186,30,19,247,1,0,0,1824,0.0873,6,0,9963
motivation,Tuesday,9,29628,60,10,127,1,0,0,735,0.0772,6,0,5883
comedy,Monday,17,6674,15,6,75,1,1,0,115,0.1192,7,0,4811
comedy,Saturday,12,7861,90,25,268,1,0,0,270,0.0239,7,0,24956
education,Saturday,17,63846,45,29,145,1,1,0,833,0.1293,4,0,19570
motivation,Sunday,2,3457,90,26,47,1,0,0,35,0.0751,6,0,5546
travel,Saturday,22,2441,7,15,198,1,0,0,199,0.0248,1,0,4412
food,Thursday,2,56972,15,6,70,0,0,0,69,0.1238,3,1,55263
motivation,Monday,22,335,45,12,91,1,1,0,2992,0.0718,5,0,7521
food,Wednesday,11,5389,90,9,208,1,0,0,176,0.0927,9,0,8106
fitness,Monday,19,1302,7,28,47,1,0,0,80,0.1346,2,0,7680
motivation,Thursday,6,8323,7,27,28,1,0,0,389,0.1342,1,0,14702
food,Sunday,23,13760,15,16,175,1,0,0,4941,0.1345,0,1,18175
travel,Sunday,7,15209,60,2,18,1,0,0,1047,0.0655,3,0,9289
dance,Tuesday,8,31170,45,6,46,1,0,0,9939,0.1137,1,0,21744
finance,Monday,13,3119,15,10,59,1,1,0,7315,0.0388,2,0,3184
finance,Sunday,4,3489,7,12,175,1,0,0,244,0.1255,9,0,10110
travel,Saturday,20,12681,30,4,254,1,0,0,1435,0.0545,5,0,16865
education,Sunday,18,24282,15,24,228,1,1,0,9852,0.0723,9,0,9393
dance,Sunday,20,473,45,22,146,1,0,1,417,0.1343,2,0,9267
fitness,Sunday,15,8650,30,18,297,0,1,1,1772,0.1218,2,0,11182
travel,Sunday,23,2412,45,14,238,1,0,0,180,0.1431,3,0,10347
finance,Wednesday,11,5749,60,0,187,1,0,0,698,0.0577,2,0,973
finance,Wednesday,20,2586,30,4,208,1,0,0,654,0.0269,5,0,3849
finance,Tuesday,3,1338,15,29,74,1,0,0,3844,0.137,8,0,3697
fashion,Sunday,7,785,45,30,182,1,0,0,509,0.0765,7,0,5907
travel,Monday,6,3744,15,12,86,0,0,0,1687,0.134,1,0,9230
comedy,Thursday,14,9368,60,9,270,1,1,0,2350,0.1112,2,1,8561
fitness,Tuesday,5,1660,7,28,179,1,0,0,226,0.1318,7,0,7756
finance,Monday,4,41842,60,4,244,1,0,0,490,0.0999,2,0,4301
food,Sunday,13,410532,7,22,6,1,0,1,2768,0.1228,4,1,228190
travel,Friday,20,10338,7,29,268,1,1,0,43345,0.0224,8,0,62114
fashion,Sunday,12,4563,30,0,12,1,0,0,88,0.1454,1,0,5945
travel,Wednesday,9,951,90,9,225,0,0,0,3135,0.0312,8,0,8198
fitness,Thursday,17,9567,90,17,265,1,1,0,12434,0.0086,9,0,19729
fashion,Saturday,3,70186,15,26,241,1,1,1,1327,0.082,4,0,42428
fitness,Thursday,7,163941,15,21,179,1,0,0,180,0.1082,8,0,204686
travel,Saturday,23,60662,30,7,179,1,1,0,987,0.1089,3,0,43477
comedy,Thursday,10,22425,15,19,125,1,0,0,158,0.0542,7,0,15555
fitness,Wednesday,16,10284,45,2,282,0,1,0,401,0.1143,7,0,7421
fashion,Saturday,17,744,30,18,189,1,1,0,2370,0.1272,2,0,7775
fashion,Monday,20,4107,45,18,15,1,1,0,971,0.0935,4,0,5922
fitness,Saturday,10,3332,45,1,20,1,1,0,1622,0.061,9,0,3267
gaming,Tuesday,15,4155,30,16,15,1,0,0,105,0.094,0,0,2982
travel,Monday,11,1346,60,30,268,1,0,0,323,0.13,5,0,5678
gaming,Tuesday,12,19228,15,15,32,0,0,0,3737,0.1356,8,0,13764
education,Sunday,15,3002,15,20,181,1,0,0,38,0.0096,0,0,2366
travel,Thursday,22,2593,45,9,68,1,0,0,77,0.0227,1,0,4112
fitness,Monday,20,1354,15,20,51,0,1,0,595,0.0057,6,0,12770
dance,Thursday,0,7466,7,15,64,0,0,1,389,0.0764,5,0,9036
fitness,Sunday,15,72707,60,4,299,1,0,0,5109,0.0683,9,0,12254
gaming,Friday,14,4825,30,19,227,1,0,0,9,0.0841,2,0,10103
comedy,Thursday,5,8161,30,30,221,1,1,0,929,0.1041,1,0,8198
fitness,Sunday,11,160086,45,2,271,1,0,0,17016,0.058,6,0,43202
fitness,Thursday,7,42881,15,27,17,1,0,0,2109,0.0352,9,0,21520
comedy,Sunday,6,14156,90,2,217,1,1,0,51,0.0622,9,1,30100
fitness,Tuesday,1,13124,7,1,272,1,1,0,140806,0.0063,4,0,30799
finance,Sunday,11,1659,30,20,172,1,1,0,367,0.1253,5,0,4544
dance,Saturday,20,1391,45,3,55,1,1,0,8,0.0606,8,0,10035
food,Friday,13,6339,30,21,8,1,0,0,5564,0.0953,6,0,12727
dance,Thursday,15,6635,45,17,282,1,1,0,217,0.0521,3,1,5289
fitness,Sunday,10,1064,90,1,292,1,0,0,46269,0.0941,8,0,14567
finance,Sunday,19,17429,45,23,21,1,0,0,4643,0.0834,2,0,13034
travel,Thursday,8,2983,15,5,71,1,0,0,77821,0.0352,3,0,63265
fitness,Friday,9,37390,30,2,171,1,0,0,133,0.0957,9,1,23189
gaming,Friday,16,4448,60,20,122,1,0,0,14128,0.0209,2,0,11608
finance,Sunday,11,3793,30,2,90,1,0,0,215,0.0748,9,0,1545
comedy,Monday,5,909,45,26,223,1,0,0,2180,0.1094,2,0,3952
finance,Tuesday,18,1107,30,1,291,1,0,0,1548,0.0846,0,0,1609
comedy,Friday,10,52679,15,2,251,1,1,0,17579,0.1132,4,0,19939
education,Friday,8,7975,7,16,297,1,0,0,5540,0.0446,3,0,16745
food,Wednesday,20,9904,90,13,255,0,1,0,432,0.0121,8,0,8208
motivation,Saturday,5,87655,30,6,12,1,0,0,9675,0.0131,3,0,40670
finance,Friday,23,458,15,21,117,1,1,0,912,0.044,2,1,4123
fashion,Tuesday,15,16452,60,20,177,1,1,0,4390,0.0641,5,0,4341
gaming,Saturday,19,281,30,5,160,1,1,0,1980,0.0829,9,0,10879
fitness,Saturday,15,2235,45,7,94,0,0,0,716,0.1149,4,0,3198
gaming,Thursday,5,625,15,18,167,1,0,0,77,0.1267,3,0,4558
dance,Thursday,4,23050,60,18,86,1,0,0,1647,0.1056,0,0,32669
motivation,Thursday,20,163,30,11,2,1,0,0,284,0.0722,2,0,6013
dance,Thursday,3,3248,45,4,15,1,0,0,93,0.0434,3,0,2503
education,Wednesday,1,610,7,4,129,0,1,0,5772,0.067,9,0,1456
motivation,Friday,5,1055,15,13,22,1,0,0,310,0.0446,7,0,6227
motivation,Thursday,8,1392,15,26,97,1,0,0,29,0.0955,8,0,9823
dance,Sunday,16,52806,90,16,157,1,0,0,1101,0.1236,7,0,62098
comedy,Monday,13,2688,15,15,238,1,0,0,809,0.0801,8,0,6972
dance,Thursday,6,110104,45,3,9,1,1,0,969,0.0116,9,0,65462
gaming,Friday,21,160468,7,24,21,1,1,0,966,0.1413,0,0,198572
comedy,Thursday,18,220715,15,7,183,1,0,0,146,0.0477,0,0,105078
gaming,Wednesday,0,4421,15,2,216,1,0,0,493,0.1376,2,0,1283
education,Tuesday,19,7177,45,20,213,0,1,0,8765,0.1229,3,0,15124
fitness,Tuesday,14,9704,45,4,157,1,0,0,6062,0.0649,1,0,9051
travel,Friday,17,2536,90,22,209,1,1,0,540,0.0132,9,0,5576
comedy,Sunday,2,10549,60,23,132,1,1,0,3534,0.1424,6,0,20996
education,Tuesday,17,912,7,24,52,1,0,0,1320,0.1006,8,0,5700
fashion,Tuesday,1,168,60,6,228,1,0,0,567,0.0412,5,0,5141
education,Monday,9,17773,30,30,182,1,0,0,13270,0.0824,3,1,8901
dance,Friday,10,2618,60,17,22,1,1,1,183,0.0971,5,1,11382
dance,Sunday,23,847,7,23,105,1,0,0,2024,0.0379,0,0,9995
travel,Friday,2,1063,60,7,90,1,0,1,39,0.0186,5,1,2695
education,Tuesday,6,75148,15,10,118,1,1,1,2255,0.0438,3,0,67100
food,Tuesday,7,11332,15,28,137,1,1,0,292,0.0119,2,0,6157
fitness,Tuesday,18,317,7,13,119,1,0,1,511,0.0151,5,0,5574
dance,Saturday,17,580,15,17,160,1,0,0,612,0.0277,8,0,3002
travel,Wednesday,12,2906,30,12,207,0,0,0,12,0.028,7,0,1748
fitness,Thursday,12,11585,60,5,154,1,0,0,43,0.041,7,1,3441
education,Wednesday,23,1175,45,12,262,1,0,0,5768,0.1409,8,0,9537
education,Friday,18,3600,15,25,154,1,1,0,1351,0.0885,5,0,7370
motivation,Monday,22,6040,15,0,285,1,0,0,20266,0.0663,7,0,9105
travel,Thursday,11,6269,30,10,258,1,0,0,71,0.0868,6,0,5594
dance,Monday,16,100,60,6,156,0,0,0,6017,0.0058,0,0,2213
food,Sunday,21,7324,7,9,13,1,0,0,2755,0.1347,5,0,23110
education,Saturday,11,217,30,1,76,1,1,0,11260,0.0822,3,0,12666
food,Friday,12,2935,7,30,219,0,1,0,884,0.0705,2,0,2687
education,Saturday,11,1993,30,15,231,1,1,0,1379,0.1415,2,0,6127
dance,Friday,18,705,15,4,293,1,1,0,189,0.1109,9,0,2760
fitness,Monday,13,22419,7,15,141,1,1,0,638,0.0539,7,0,7249
finance,Monday,6,649,15,29,250,1,0,0,410,0.1407,0,0,4929
fitness,Monday,12,1917,15,22,295,1,0,0,77,0.1285,6,0,3863
education,Friday,5,23902,15,25,139,1,1,1,1439,0.1434,9,0,21379
gaming,Tuesday,23,1821,30,15,141,0,0,0,7214,0.019,3,0,5361
finance,Monday,18,1254,7,26,128,0,0,0,11612,0.1435,0,0,3663
finance,Saturday,18,3033,7,30,17,0,0,1,216,0.0837,1,0,10533
food,Sunday,3,13002,15,14,242,1,0,0,1019,0.1025,6,0,10127
travel,Thursday,18,66393,60,8,163,1,0,0,837,0.0358,9,0,26950
food,Friday,8,911,30,29,95,1,1,0,20935,0.0254,0,0,15121
food,Saturday,15,1054,45,0,27,1,0,0,39049,0.0165,5,0,22672
gaming,Wednesday,3,2988,30,8,229,1,1,1,80,0.0662,3,0,1769
fitness,Sunday,5,7437,15,10,24,1,0,0,2901,0.0371,2,1,2901
fitness,Wednesday,7,1228,7,4,174,1,0,1,3172,0.0168,6,1,5344
fashion,Thursday,23,16973,30,5,160,1,0,0,734,0.1435,8,0,18211
education,Tuesday,15,942,30,29,29,0,0,0,87,0.1113,4,0,2342
gaming,Monday,4,160,60,7,164,1,1,0,4495,0.0801,5,0,4950
fashion,Friday,20,12799,60,14,207,0,0,0,12487,0.1128,6,0,32753
dance,Saturday,21,15766,30,26,101,1,0,0,367,0.0937,9,0,37443
education,Monday,9,32220,30,15,105,1,0,0,12001,0.0308,5,0,9655
education,Saturday,22,136,15,29,68,1,0,0,1105,0.0968,5,0,8613
motivation,Friday,12,1483,15,17,7,1,0,1,18842,0.1037,2,0,15628
motivation,Wednesday,13,3127,90,11,122,0,0,0,18767,0.0394,2,0,24994
comedy,Monday,6,116136,15,22,100,1,0,0,1046,0.0514,4,0,25795
comedy,Thursday,19,3690,90,27,0,1,1,0,2526,0.0606,6,0,8524
food,Tuesday,5,435,30,3,6,1,1,0,269,0.0924,5,0,7272
dance,Thursday,6,8384,30,24,110,1,0,0,42,0.0234,1,0,10995
finance,Tuesday,4,51897,15,21,185,1,0,0,1810,0.1128,2,0,19325
finance,Sunday,20,35381,45,15,215,0,1,1,58,0.0552,4,0,35748
motivation,Saturday,17,13510,30,22,122,1,1,1,72125,0.1053,6,0,60246
motivation,Monday,22,7885,30,10,200,1,0,0,10689,0.1403,5,0,21135
motivation,Monday,11,100,15,21,7,1,0,1,809,0.1311,9,1,5359
gaming,Sunday,5,5147,7,26,63,1,0,0,227428,0.1119,2,0,179227
travel,Tuesday,0,6772,30,23,135,1,0,0,310,0.033,6,0,4918
comedy,Wednesday,3,3685,15,21,185,1,0,0,500,0.1112,4,0,9625
gaming,Friday,18,17549,45,6,126,1,0,0,488,0.0972,9,0,56554
fitness,Thursday,11,3580,45,23,48,1,1,1,964,0.117,3,0,7075
finance,Sunday,14,2531,15,14,165,0,0,0,589,0.131,5,0,6331
education,Saturday,2,31894,45,16,126,1,0,0,2732,0.0502,1,0,8056
comedy,Sunday,22,2334,15,14,176,1,1,0,148,0.0984,6,1,10344
fashion,Thursday,19,5521,45,9,202,1,1,0,1416,0.0449,1,0,10155
fitness,Thursday,7,24724,7,27,156,1,0,0,370,0.0552,6,1,13472
comedy,Saturday,10,796,15,3,218,1,0,0,1243,0.0805,7,0,3988
gaming,Saturday,15,655,15,21,284,1,0,1,125,0.068,1,0,5579
dance,Monday,8,56629,45,16,288,0,0,0,194,0.0921,7,0,75351
education,Thursday,2,1691,7,3,27,1,0,0,76906,0.115,6,0,14959
comedy,Friday,4,17092,15,21,82,1,0,0,173,0.0927,2,0,15085
travel,Friday,19,201,30,22,111,1,0,0,3124,0.1456,6,1,8435
motivation,Tuesday,13,100,7,28,153,1,1,0,374,0.112,0,0,5822
motivation,Sunday,14,9467,45,21,28,1,0,1,143,0.1478,1,0,18237
education,Saturday,5,3906,30,10,212,1,0,0,1246,0.1128,4,0,10493
gaming,Monday,3,9629,60,3,101,1,0,0,192,0.0786,8,0,3920
motivation,Friday,7,143555,7,11,213,1,1,0,3090,0.0646,0,1,99403
comedy,Wednesday,18,529,15,28,154,1,1,1,854,0.1117,4,0,14496
fashion,Monday,4,5264,45,22,199,0,1,0,15869,0.1046,5,1,14259
finance,Monday,12,70223,45,9,167,1,1,0,80,0.102,2,0,9065
finance,Friday,15,687,15,13,237,1,0,1,1904,0.1097,4,1,2447
fitness,Wednesday,0,1715,30,17,158,1,0,0,2300,0.1315,1,0,5561
food,Tuesday,12,204,45,5,192,1,0,1,149,0.038,7,0,3046
dance,Friday,21,275992,7,4,166,1,0,1,290,0.0869,2,0,396757
education,Wednesday,10,100,45,1,225,1,0,0,63,0.0925,4,0,1664
fitness,Monday,20,20691,15,24,250,1,0,0,48,0.0475,0,0,10128
food,Wednesday,7,456,90,12,279,1,0,0,865,0.1483,4,0,8300
gaming,Monday,7,741,30,22,220,1,0,1,5506,0.1189,0,0,16458
travel,Sunday,23,33360,7,13,22,1,1,0,842,0.0516,8,0,25032
travel,Friday,13,1291,30,2,188,1,0,0,916,0.057,1,0,1446
dance,Saturday,12,15886,90,30,271,1,0,0,81,0.1091,5,0,23975
motivation,Friday,2,58927,45,22,26,0,0,0,16,0.0067,8,0,10751
comedy,Sunday,3,7053,15,10,209,1,1,0,2173,0.0723,2,0,4462
fitness,Thursday,19,24360,30,26,34,1,1,0,292,0.0548,5,0,41410
fitness,Thursday,14,5682,30,21,197,1,0,0,29,0.1288,0,0,5953
education,Thursday,14,6177,7,22,173,1,0,0,369,0.1197,6,0,7402
education,Friday,20,1567,15,3,217,1,1,0,1805,0.0532,1,0,5439
travel,Tuesday,12,158252,30,12,55,1,0,0,2453,0.1304,4,0,65058
travel,Friday,8,18715,30,28,151,1,1,0,1632,0.1375,4,0,22730
fashion,Sunday,9,12572,15,25,37,1,0,0,272,0.0851,0,0,15463
fashion,Sunday,11,19663,45,28,197,1,0,0,3600,0.0281,6,0,8661
motivation,Saturday,13,1452,30,7,8,1,1,0,1052,0.1167,3,1,10925
fashion,Wednesday,0,26258,15,7,177,1,0,0,190,0.0513,3,0,4418
comedy,Friday,13,80868,15,22,175,1,0,0,117,0.0815,6,0,18169
comedy,Friday,13,409,30,12,260,1,0,1,1623,0.0116,9,0,14840
fitness,Monday,7,13027,45,22,83,1,1,0,6235,0.0775,0,1,12041
finance,Sunday,15,5502,45,9,138,1,0,0,3595,0.0601,5,0,2945
comedy,Monday,13,1930,15,12,241,0,0,0,1519,0.1045,0,1,4734
food,Monday,0,686,30,12,154,0,0,0,3892,0.0109,5,0,4029
travel,Friday,15,32645,60,23,220,1,1,0,125854,0.0956,9,0,47629
education,Tuesday,17,7146,30,16,134,1,0,0,1950,0.1169,1,0,7816
fashion,Wednesday,6,3385,15,5,187,0,0,0,1502,0.0069,9,0,7092
fitness,Wednesday,14,13046,45,1,177,1,0,0,3259,0.1137,0,0,23751
dance,Sunday,23,3907,15,16,66,1,1,0,4917,0.0239,7,0,7165
education,Saturday,16,1383,15,11,68,1,1,0,75,0.1062,6,0,4021
food,Sunday,18,6198,15,25,76,1,0,0,1562,0.071,1,0,12332
fashion,Tuesday,22,4673,15,22,11,1,1,0,8166,0.085,1,0,11581
food,Tuesday,12,201,30,5,282,1,0,0,36000,0.0539,4,0,22157
travel,Wednesday,8,1582,7,4,245,1,0,0,1141,0.0406,3,1,3138
travel,Thursday,23,504,60,30,236,1,1,0,442,0.0153,3,1,5898
motivation,Monday,23,251,30,4,251,1,0,0,1525,0.1304,8,0,1874
fitness,Monday,14,11405,30,24,206,1,1,0,302,0.0935,0,0,9376
education,Wednesday,2,1474,30,8,107,1,1,0,25300,0.1475,9,0,7050
gaming,Sunday,23,32033,45,27,208,1,0,0,2869,0.1283,8,0,15813
gaming,Tuesday,0,182,30,27,292,1,0,0,987,0.1311,2,0,4011
education,Sunday,15,2875,45,21,112,1,1,1,10169,0.0917,7,1,17810
dance,Saturday,7,1621,60,28,14,0,0,1,109,0.0167,4,0,32676
fitness,Thursday,22,287,45,30,82,0,0,0,17,0.1374,9,0,19681
food,Wednesday,12,4959,30,2,64,1,0,0,2548,0.0221,2,1,2567
dance,Monday,7,335,45,22,2,0,0,0,9395,0.08,8,0,15809
finance,Friday,16,7338,30,19,235,0,1,0,825,0.1292,8,0,2606
education,Sunday,21,17986,15,4,128,1,0,0,281,0.0735,7,0,10302
food,Tuesday,22,7955,15,6,246,1,1,0,161,0.029,2,0,4638
gaming,Friday,13,9986,90,30,234,1,1,0,92,0.0591,2,0,42086
comedy,Saturday,20,31452,15,11,29,1,0,0,4147,0.1483,9,0,62157
motivation,Wednesday,20,4683,60,6,70,1,0,0,5630,0.15,9,0,11494
gaming,Sunday,6,1111,15,30,147,1,1,1,6878,0.1081,2,0,13068
fitness,Monday,14,1642,30,9,92,1,1,0,1112,0.1338,5,0,4238
travel,Sunday,15,1707,45,7,282,1,0,1,108,0.0114,1,0,2693
comedy,Thursday,18,751,15,16,216,0,0,0,262,0.045,8,1,6247
motivation,Friday,5,20162,45,4,237,1,0,0,3631,0.0585,1,0,9669
motivation,Thursday,22,12688,45,14,226,0,0,1,137,0.0067,9,1,20052
finance,Saturday,0,245,30,27,218,1,0,1,894,0.0597,7,0,5359
finance,Monday,11,1110,30,8,30,0,1,0,143,0.0185,9,0,1638
fashion,Friday,17,688,15,30,113,1,0,0,272,0.08,3,0,5333
gaming,Saturday,15,8701,30,22,101,1,1,0,109,0.0056,3,0,14520
gaming,Thursday,11,34122,7,10,92,1,1,0,1132,0.0442,4,0,15725
gaming,Thursday,19,11011,15,27,206,1,0,0,58,0.1306,0,0,11917
fashion,Friday,12,1391,60,12,228,1,0,0,239,0.0359,3,0,9844
dance,Monday,7,2767,30,17,70,1,1,0,6016,0.0144,5,0,7576
motivation,Thursday,21,400,45,16,135,1,1,0,8934,0.0412,9,1,11772
comedy,Wednesday,0,459,30,23,283,1,1,0,4194,0.125,1,0,6253
fitness,Saturday,20,22536,15,8,16,1,0,1,18598,0.0901,2,0,26173
motivation,Friday,6,66131,30,9,214,1,0,0,78,0.09,3,0,15549
finance,Tuesday,14,1357,45,4,243,1,1,0,913,0.0051,2,0,2472
food,Tuesday,21,5359,15,29,94,1,0,1,1275,0.0735,8,0,3776
travel,Monday,12,17978,60,10,120,0,1,0,54378,0.0435,5,0,19502
fashion,Wednesday,12,245,30,21,5,1,0,0,682,0.0538,4,0,8948
education,Thursday,8,744,7,14,267,1,1,0,5445,0.0918,4,0,8330
food,Tuesday,23,177822,30,1,86,1,0,0,32441,0.1318,1,0,65426
fitness,Monday,14,876,30,26,188,1,1,0,1423,0.0313,8,0,4612
gaming,Saturday,3,2562,15,20,102,1,0,0,429,0.1164,1,0,4684
finance,Wednesday,12,1660,45,27,103,1,1,0,510,0.0121,4,0,6940
finance,Wednesday,11,135,60,19,290,0,0,0,35,0.0524,6,0,2622
finance,Sunday,4,5703,45,23,66,1,0,0,437,0.0367,2,0,2196
gaming,Monday,6,4696,60,23,105,1,0,0,63,0.1378,7,0,6664
education,Monday,7,6805,60,13,247,1,1,0,5241,0.0308,4,0,6167
fashion,Sunday,4,4220,60,4,206,1,0,0,48,0.0889,9,0,5982
food,Thursday,8,2147,15,26,204,1,0,0,2403,0.0289,2,0,8018
gaming,Monday,13,1937,30,23,82,1,0,0,10672,0.0737,2,0,5723
fitness,Sunday,11,1997,7,5,81,1,0,0,4712,0.0649,2,0,6985
fashion,Thursday,3,829,30,25,286,1,0,0,417,0.011,2,0,2938
fitness,Thursday,19,1095,90,21,36,1,0,0,5052,0.1248,3,0,15891
fashion,Friday,7,854,15,28,212,0,1,0,1118,0.1181,9,0,6976
education,Wednesday,16,13796,30,14,132,1,0,1,439,0.0453,0,0,15041
travel,Saturday,7,8526,30,28,114,1,1,0,530,0.094,2,0,29298
fitness,Wednesday,20,5160,15,3,210,1,1,0,2659,0.0576,9,0,5815
gaming,Wednesday,0,162117,15,9,131,1,1,0,48,0.1165,9,0,86687
fashion,Friday,19,928,30,27,153,1,1,0,400,0.1054,4,0,6867
finance,Thursday,1,36820,15,26,293,1,0,0,2320,0.0181,7,0,6319
motivation,Thursday,3,3077,30,18,181,1,1,0,393,0.1274,7,0,6570
finance,Monday,23,6521,30,8,146,0,0,0,82,0.031,8,0,3423
dance,Friday,20,16449,30,20,221,1,0,0,184,0.0302,8,0,10688
travel,Monday,0,2080,15,25,281,1,1,0,1547,0.1114,5,0,2982
travel,Friday,6,733,30,9,126,1,1,0,2880,0.0316,9,0,13334
finance,Monday,0,987,7,3,202,1,0,1,9596,0.0227,6,0,6046
food,Tuesday,8,110,60,21,117,1,0,0,5226,0.0537,3,0,5512
education,Sunday,2,14650,15,29,60,0,0,0,5106,0.1266,2,0,15301
fitness,Wednesday,11,14029,60,3,230,1,0,1,23,0.0306,2,0,2165
gaming,Wednesday,18,85013,45,30,149,1,1,0,4944,0.0542,1,0,55588
travel,Saturday,14,10372,45,5,144,1,0,0,389,0.0465,7,0,4749
finance,Sunday,21,15984,15,25,110,1,0,0,61,0.0566,6,0,9944
finance,Thursday,15,4243,15,7,166,0,0,0,3347,0.1086,7,0,9138
education,Saturday,9,11347,30,15,188,1,1,0,1568,0.0638,5,0,13271
education,Tuesday,21,34935,7,7,48,1,1,0,6435,0.1151,9,0,24644
comedy,Saturday,5,6813,60,27,106,1,1,0,376,0.0979,9,0,10148
comedy,Wednesday,16,1923,30,15,92,1,0,0,1084,0.0574,4,0,4006
food,Thursday,20,3306,90,5,123,1,1,0,29,0.0677,0,0,3671
food,Tuesday,21,19022,45,16,139,1,0,0,55376,0.107,7,0,50961
dance,Wednesday,23,2029,7,28,10,1,1,0,75,0.0825,1,0,4797
food,Sunday,16,24350,45,0,170,1,0,0,216,0.1309,0,0,8688
fashion,Monday,20,152584,15,29,35,1,0,0,139,0.1403,8,0,87393
education,Friday,18,24900,15,18,129,1,0,0,1657,0.1091,7,0,25909
gaming,Tuesday,17,18860,15,17,60,1,0,0,201,0.1484,8,1,8454
fashion,Thursday,10,9188,60,16,48,1,0,0,9475,0.0915,4,1,9480
fitness,Saturday,23,1213,30,16,185,1,1,0,2058,0.0108,2,1,4281
finance,Sunday,6,1031,45,27,220,1,0,0,55,0.0782,7,0,2395
food,Saturday,9,1012,15,11,5,1,0,0,5217,0.0384,3,0,13616
finance,Tuesday,6,13339,30,11,299,1,0,0,6794,0.0534,0,0,3042
travel,Sunday,4,2438,30,5,174,1,0,0,255,0.0761,8,0,1394
dance,Thursday,11,4664,15,6,278,1,1,0,111,0.0478,3,0,5973
travel,Tuesday,15,10441,15,30,203,1,0,0,2434,0.0499,1,0,3089
dance,Thursday,20,1082,30,7,95,1,1,1,4094,0.0633,9,1,4101
comedy,Saturday,17,1991,45,2,281,0,0,0,147,0.0465,2,1,3045
finance,Wednesday,2,8788,15,16,134,1,1,0,6954,0.0296,5,0,4157
dance,Sunday,19,2911,90,20,32,1,0,0,348,0.116,8,0,30755
motivation,Monday,14,3444,15,7,81,1,1,0,11688,0.0623,5,0,5095
fashion,Wednesday,4,766,30,27,147,1,0,0,46,0.1256,3,0,1881
dance,Monday,12,3529,7,26,94,1,1,0,252,0.133,0,0,6605
dance,Saturday,18,96173,7,29,169,1,0,0,722,0.1139,1,1,62522
fashion,Sunday,11,2200,90,10,210,1,0,0,151,0.0625,6,0,6236
finance,Wednesday,22,623,60,19,190,0,0,0,1029,0.1096,2,0,6902
finance,Wednesday,20,27574,45,17,6,1,1,0,548,0.0275,1,0,22004
fashion,Tuesday,4,12607,60,15,33,0,0,0,721,0.1009,5,0,6275
travel,Friday,5,7206,60,24,50,1,0,0,488,0.0639,3,0,13562
motivation,Saturday,6,457,30,27,119,1,1,0,82,0.1001,0,0,4320
gaming,Thursday,9,591,60,12,137,1,1,0,1047,0.1144,8,1,9258
fitness,Saturday,15,308,30,8,105,0,1,0,853,0.0866,8,0,3649
motivation,Thursday,7,10686,30,18,281,1,0,0,145,0.0982,4,0,27756
finance,Sunday,8,30815,45,6,31,1,0,0,13334,0.036,7,1,30745
gaming,Thursday,3,11355,7,28,123,1,0,0,2058,0.0909,5,0,9515
comedy,Monday,20,164361,60,16,169,0,1,0,4625,0.0718,6,0,136583
food,Thursday,20,2218,15,7,11,1,1,0,217,0.0671,5,0,11857
dance,Thursday,7,2744,60,7,167,0,1,0,10,0.0645,6,0,4722
fashion,Tuesday,6,5953,15,28,77,1,1,0,35880,0.0501,2,0,9815
fashion,Wednesday,14,3251,15,2,33,1,1,1,1536,0.0493,2,0,2166
dance,Saturday,20,12060,7,15,208,1,1,0,2269,0.1065,9,0,25355
food,Saturday,2,1554,60,11,7,1,0,0,2082,0.0859,2,1,9747
fitness,Sunday,16,399,15,14,224,1,1,0,2435,0.0093,9,0,9397
food,Sunday,10,196,30,20,226,1,1,0,130,0.012,5,0,4277
gaming,Thursday,8,11671,30,3,174,1,0,0,140,0.0877,0,0,9483
food,Friday,4,1907,15,22,80,1,0,0,140,0.1277,8,0,4334
gaming,Saturday,9,598,90,26,281,0,0,0,3303,0.0114,8,1,42603
food,Sunday,14,1612,7,6,56,0,1,0,96,0.0785,3,0,4751
fitness,Thursday,13,165141,30,10,134,0,1,0,51,0.1284,1,0,136595
fitness,Sunday,3,665,30,23,237,1,0,1,303,0.0056,6,0,4960
finance,Monday,20,18195,15,4,216,1,1,0,636,0.045,6,0,12610
dance,Monday,19,10487,15,12,226,1,0,0,992,0.1384,5,0,14335
fitness,Sunday,1,54971,45,10,25,1,1,0,414,0.0168,7,0,7504
gaming,Monday,11,3938,60,4,186,0,1,0,2888,0.093,2,0,7446
fitness,Sunday,0,296,15,7,117,1,1,1,11315,0.0786,1,0,10757
finance,Thursday,23,29336,15,20,196,1,0,0,1209,0.027,9,0,8468
fashion,Tuesday,19,3134,90,28,115,1,1,1,11203,0.0112,0,0,12757
gaming,Friday,4,48729,7,29,101,1,0,0,3293,0.0779,2,1,23925
finance,Thursday,5,21348,30,28,162,1,0,1,162,0.1116,7,0,2751
travel,Tuesday,23,29512,30,16,177,1,0,0,201,0.0307,7,0,4067
travel,Tuesday,10,349153,15,10,279,1,1,0,182,0.1052,6,0,317744
comedy,Saturday,7,8164,45,18,285,1,1,0,748,0.0842,1,1,22030
food,Thursday,6,65982,90,17,211,1,0,0,627,0.0569,2,0,11235
dance,Thursday,3,2371,30,27,53,1,1,0,3602,0.1013,6,0,5762
education,Sunday,5,13007,45,9,66,1,0,1,801,0.0328,7,0,2084
motivation,Tuesday,15,1990,30,4,31,1,0,0,1799,0.0713,8,0,1838
finance,Tuesday,19,11644,30,28,250,1,0,0,106,0.0846,5,0,8968
fashion,Tuesday,14,9649,7,23,7,1,0,0,1778,0.0715,9,0,23986
motivation,Sunday,13,120,45,30,214,0,1,0,421,0.0626,2,0,8614
fashion,Saturday,22,1634,30,24,45,1,1,0,364,0.1124,8,0,12660
motivation,Thursday,11,7439,15,24,79,1,0,0,300,0.1001,4,0,5033
finance,Tuesday,11,100,90,0,34,1,1,0,22528,0.0977,3,0,4103
education,Monday,15,4135,45,16,188,1,0,0,103,0.1343,8,0,7069
motivation,Thursday,14,30189,90,16,88,1,0,0,4245,0.1491,9,0,49599
finance,Sunday,12,51044,15,0,135,1,0,0,999,0.0872,1,0,9848
fitness,Saturday,10,1201,60,24,33,1,1,1,72,0.0555,9,0,3281
education,Monday,16,57292,30,0,280,1,1,0,604,0.1179,3,0,16194
gaming,Sunday,20,43243,90,22,112,1,0,0,10,0.0256,5,0,22890
fashion,Wednesday,14,102,90,21,171,1,0,0,34172,0.0794,5,0,27710
travel,Thursday,13,6053,90,8,42,1,0,0,525,0.0811,9,0,3602
food,Wednesday,9,7387,90,26,12,1,0,1,10208,0.1476,4,1,12327
travel,Sunday,11,75646,7,24,173,0,1,1,16179,0.1487,9,0,55155
education,Sunday,15,8229,45,3,124,0,0,1,352,0.1209,6,0,3067
gaming,Sunday,14,60398,15,8,206,1,1,0,1162,0.0736,4,0,71063
fashion,Tuesday,9,1205,45,13,103,1,0,0,1588,0.0843,5,1,16847
gaming,Saturday,3,276,90,14,129,1,0,0,49046,0.0514,0,0,21981
motivation,Tuesday,22,1531,7,15,39,1,0,0,748,0.1253,7,0,10352
fashion,Saturday,8,84000,30,15,22,1,0,0,984,0.1132,4,0,62726
motivation,Friday,20,26020,45,12,251,1,1,0,66,0.1169,4,0,19622
finance,Tuesday,19,321396,15,13,289,1,0,0,183,0.0251,9,0,42335
education,Wednesday,8,365,15,21,201,1,0,0,403,0.0628,5,1,7126
finance,Saturday,20,32028,7,20,154,1,1,0,14804,0.0829,5,0,28451
comedy,Tuesday,23,19125,7,8,54,0,1,0,48356,0.0231,7,0,19666
gaming,Thursday,19,2940,45,30,105,1,1,0,2987,0.0585,3,0,7699
motivation,Sunday,10,19864,30,22,259,0,0,0,2212,0.0177,3,0,8609
fitness,Saturday,10,6322,7,8,199,1,0,1,4314,0.144,2,0,10059
finance,Saturday,6,11254,90,20,216,1,1,0,278,0.1139,8,0,35232
comedy,Tuesday,20,16730,45,3,46,1,1,0,17674,0.095,7,0,40863
dance,Friday,9,28686,30,9,116,1,0,0,62,0.0347,4,0,21189
travel,Tuesday,3,5746,15,2,211,0,0,0,441,0.0534,7,0,2746
fashion,Wednesday,4,120475,45,20,154,1,0,0,4050,0.026,5,0,19542
comedy,Wednesday,4,3333,30,8,262,1,0,0,418,0.0827,4,0,3893
education,Saturday,10,145912,45,18,150,1,0,1,152808,0.124,8,0,196529
finance,Saturday,8,645,45,15,211,1,0,0,4168,0.0078,8,0,6182
education,Tuesday,15,834,7,15,191,1,0,0,7840,0.02,7,0,10644
travel,Wednesday,8,927,60,16,242,1,0,0,240,0.0383,9,0,9796
fitness,Wednesday,21,27511,30,17,97,1,0,0,7555,0.1085,2,0,73678
gaming,Friday,3,1153,30,9,28,1,0,0,5541,0.1346,8,0,4116
gaming,Thursday,1,71842,90,20,188,1,0,0,25061,0.1142,5,0,24370
education,Friday,13,1905,30,18,171,1,1,0,13,0.0811,8,0,8931
motivation,Monday,2,10084,45,21,196,1,0,0,230,0.0202,0,1,3612
fitness,Sunday,17,15555,45,14,154,1,1,0,2148,0.1145,0,0,9702
gaming,Friday,20,789,15,14,139,1,1,1,2281,0.0203,5,0,5640
fitness,Tuesday,5,402,90,10,292,1,0,0,1002,0.0554,3,0,2819
comedy,Thursday,10,8177,30,7,289,1,0,0,51,0.0497,4,0,5069
fitness,Tuesday,20,2983,30,21,255,1,0,0,1624,0.0571,4,0,4389
food,Sunday,17,12054,60,15,163,1,1,1,2032,0.0528,2,1,7582
travel,Monday,11,436,30,9,133,0,0,0,1090,0.1165,8,0,3041
gaming,Thursday,4,2585,45,8,265,1,0,0,1018,0.0299,0,0,4022
fitness,Saturday,8,3542,60,14,28,1,1,1,7218,0.1276,5,0,15366
education,Wednesday,19,100,15,21,138,0,1,0,805,0.1294,1,0,2671
dance,Friday,17,29490,15,29,84,1,0,0,89,0.0762,1,0,18027
food,Tuesday,18,1257,7,4,248,1,1,0,18158,0.0204,8,0,12430
food,Monday,2,73020,60,19,232,1,0,0,16222,0.0884,9,0,12501
motivation,Wednesday,8,1412,15,1,60,1,1,0,1013,0.124,1,0,1447
fitness,Friday,3,1922,15,21,272,1,0,0,6311,0.047,8,0,6330
motivation,Wednesday,16,525,15,15,218,1,1,0,52,0.1265,7,0,3389
motivation,Friday,16,38711,15,17,285,1,0,0,821,0.1032,6,0,12403
dance,Saturday,22,11131,45,15,248,1,0,0,35,0.1482,7,0,20844
comedy,Thursday,22,61098,90,4,71,1,0,0,10396,0.1246,8,0,62610
fitness,Wednesday,1,3383,15,0,292,0,1,1,55,0.0342,9,0,3043
finance,Wednesday,8,4559,30,18,197,0,0,0,481,0.0701,8,0,6183
gaming,Wednesday,8,238,45,9,79,1,0,0,1688,0.02,2,0,17872
motivation,Thursday,4,1598,30,20,136,0,0,0,5697,0.0151,9,0,3053
travel,Monday,14,6680,90,28,212,1,0,0,3147,0.1074,0,0,14023
fashion,Friday,14,9867,30,12,106,1,1,1,10785,0.1374,7,0,23801
travel,Saturday,2,131017,15,22,206,1,1,0,5473,0.1462,9,1,47319
dance,Wednesday,18,175,90,23,151,1,1,0,15018,0.0442,3,0,17329
dance,Sunday,2,7428,30,22,132,1,1,1,32,0.0343,4,0,4095
education,Thursday,5,2496,15,22,165,1,0,0,416,0.0862,5,0,4022
comedy,Monday,3,5630,15,10,179,1,0,0,2704,0.0341,5,0,3777
gaming,Friday,23,5912,90,14,120,1,0,0,25526,0.0479,6,0,13516
motivation,Thursday,12,3483,45,1,173,1,1,0,399,0.1264,9,0,3307
travel,Saturday,12,639,30,5,67,1,1,0,55841,0.1225,2,0,62372
fashion,Saturday,10,457,60,20,186,1,0,0,2221,0.1348,1,0,5730
dance,Friday,4,3050,30,10,137,1,0,0,264,0.0749,8,0,7045
dance,Wednesday,0,381,15,14,237,1,0,1,108,0.0868,1,0,3303
comedy,Saturday,8,4010,45,8,17,0,0,0,4776,0.1167,8,0,15488
fashion,Monday,16,3114,45,11,75,0,1,0,304,0.0397,9,0,3345
fashion,Thursday,21,100,30,25,150,1,0,0,636,0.1243,3,0,18021
comedy,Monday,0,159612,7,26,107,1,1,0,1516,0.0075,0,0,114806
dance,Wednesday,2,5648,7,3,152,1,1,0,1634,0.1207,2,0,9607
gaming,Monday,14,100,45,27,36,0,1,1,50261,0.1175,9,0,30955
fitness,Monday,20,7668,60,22,145,1,1,0,2410,0.0488,1,0,10768
fitness,Tuesday,22,3408,45,26,125,1,0,0,327,0.1105,3,1,15844
comedy,Monday,9,458,60,23,284,1,1,0,246,0.036,1,0,4411
fashion,Friday,7,8576,45,13,107,1,0,0,30775,0.0886,9,1,84497
motivation,Thursday,11,901,60,21,285,1,1,1,391,0.1066,5,0,6695
comedy,Tuesday,21,6956,15,2,239,1,0,1,3531,0.1086,9,0,10234
gaming,Thursday,14,1390,30,26,101,1,0,0,1610,0.1475,0,0,8847
comedy,Thursday,8,962,30,20,219,1,0,0,2543,0.0314,4,0,12921
food,Wednesday,23,4779,15,16,6,1,0,0,17972,0.0747,8,0,8339
travel,Wednesday,9,265,45,29,215,1,1,0,1930,0.1326,0,0,10752
fashion,Tuesday,19,4236,60,12,168,1,1,1,5624,0.0864,3,0,23047
education,Saturday,8,16043,30,7,73,1,0,0,2021,0.1321,1,0,12682
education,Sunday,14,48392,90,11,292,1,0,0,442,0.0679,1,0,15591
fashion,Wednesday,22,34871,30,11,26,1,1,0,2945,0.1203,4,0,36392
gaming,Sunday,20,56161,30,11,276,0,0,0,298,0.1312,1,0,31213
food,Wednesday,20,2167,30,26,42,1,1,0,106,0.1277,4,0,3893
food,Wednesday,0,777,15,1,92,0,0,0,3509,0.1313,0,0,825
dance,Thursday,1,21325,30,28,70,1,1,0,2773,0.0368,4,0,8849
travel,Tuesday,18,1938,30,9,268,1,1,0,2259,0.0687,2,0,13023
fitness,Thursday,13,4970,90,22,108,1,0,0,1047,0.0303,1,1,6441
finance,Friday,7,18851,30,8,180,1,0,0,949,0.0312,3,1,9779
gaming,Thursday,5,186834,15,0,214,1,1,0,125,0.0757,0,0,58428
finance,Sunday,11,12731,7,28,113,1,1,1,26,0.1442,2,0,22846
finance,Sunday,14,7109,90,3,184,1,1,1,6474,0.0908,0,0,7906
fashion,Friday,13,653,30,22,124,1,0,0,6302,0.1288,7,0,7094
education,Monday,20,40329,90,13,104,1,0,1,663,0.1409,4,0,40158
education,Monday,0,10255,30,15,236,1,0,0,20818,0.0176,0,0,8305
fitness,Friday,10,2631,30,24,140,1,0,0,2980,0.0285,1,0,10849
fashion,Friday,2,2184,45,17,292,1,1,0,2155,0.0472,8,0,7035
finance,Thursday,18,2362,15,1,157,1,0,0,62007,0.0944,6,0,35183
motivation,Friday,17,5319,45,5,273,1,1,0,89,0.014,2,0,1410
education,Tuesday,19,355,30,2,116,1,1,1,997,0.1191,0,0,2012
gaming,Monday,1,44021,45,19,61,0,1,0,199,0.0142,1,0,12366
gaming,Monday,6,31647,60,18,23,1,0,0,525,0.028,6,0,12975
dance,Saturday,7,3635,15,12,59,1,0,0,958,0.0603,7,0,10369
comedy,Friday,18,2372,30,16,264,1,1,0,1003,0.0859,4,0,11212
motivation,Wednesday,21,4713,7,13,179,0,0,1,128,0.1328,3,0,10034
education,Wednesday,14,6398,15,29,231,1,1,0,1256,0.1447,9,0,6332
food,Friday,9,2863,45,21,142,1,1,0,210,0.1333,3,0,14882
education,Tuesday,21,29683,7,10,244,1,0,0,12007,0.0205,4,0,6001
dance,Wednesday,0,378,30,15,80,0,0,0,5059,0.0965,6,0,2273
gaming,Saturday,5,1364,15,10,125,1,0,0,2181,0.069,6,0,11217
finance,Sunday,12,19839,15,28,136,0,1,0,423,0.0232,3,0,6441
food,Friday,13,8810,15,17,55,0,0,0,1494,0.0855,0,0,9499
fashion,Tuesday,2,1446,15,1,212,1,1,1,4508,0.0567,4,0,2444
travel,Tuesday,10,10105,60,22,93,1,1,0,555,0.0551,6,0,7959
finance,Thursday,2,1179,30,20,291,1,0,0,45,0.0187,3,0,2928
travel,Tuesday,18,2812,90,7,127,0,1,0,4620,0.1469,6,0,15254
motivation,Wednesday,9,32166,7,13,216,1,1,0,3163,0.1103,7,0,12637
comedy,Sunday,14,26358,45,1,198,1,1,0,2084,0.0456,1,0,26443
food,Wednesday,10,8257,45,12,19,1,0,0,240,0.138,1,0,5303
fitness,Friday,14,740,15,9,54,0,0,0,7478,0.1425,4,0,3935
food,Sunday,23,2490,45,7,245,1,0,1,10913,0.1225,2,0,5546
education,Friday,12,5846,45,6,250,1,0,0,1925,0.1006,3,0,2884
gaming,Tuesday,4,67491,30,12,59,1,0,0,496,0.0596,0,0,7332
education,Saturday,3,198,45,25,162,1,1,1,517,0.068,3,0,3617
education,Monday,12,1022,30,29,201,1,0,0,497,0.071,3,0,8297
motivation,Sunday,8,37477,15,23,226,0,1,0,453,0.1426,3,0,44092
finance,Thursday,16,56857,30,26,128,1,0,0,540,0.1152,2,1,35784
fitness,Monday,1,4335,60,18,44,1,0,1,2093,0.0473,1,0,4574
fitness,Tuesday,23,78364,30,23,196,1,0,0,6587,0.0956,3,0,59113
education,Tuesday,4,1312,30,14,165,1,1,0,19974,0.0911,7,0,16188
travel,Monday,15,324,30,21,246,1,0,0,176,0.1228,2,0,1742
motivation,Thursday,6,20382,45,1,225,1,0,0,244,0.0188,5,0,6214
education,Sunday,0,50537,45,21,279,1,1,1,5933,0.1067,1,0,19092
comedy,Sunday,11,49042,7,4,259,1,0,0,176,0.053,0,0,13267
gaming,Monday,20,1038,45,18,196,1,1,0,108,0.0238,6,0,17852
finance,Friday,10,7036,30,0,106,1,0,0,166,0.1111,5,0,2389
fashion,Wednesday,11,22285,30,6,268,1,0,0,770,0.0531,9,0,4233
comedy,Saturday,18,8448,30,17,231,1,0,0,28893,0.1109,3,0,26834
travel,Friday,11,66399,45,0,100,1,1,0,849,0.0286,6,0,17809
food,Sunday,11,2370,60,0,159,1,1,0,1897,0.148,5,0,24490
food,Wednesday,13,4328,30,6,94,1,0,1,99,0.1215,1,0,9047
comedy,Saturday,1,7518,30,27,206,1,0,0,9400,0.0469,3,1,3204
education,Saturday,1,21995,30,16,234,1,0,0,6266,0.1124,8,0,14359
fashion,Saturday,3,3463,15,24,153,1,0,0,429,0.0247,7,0,5074
dance,Tuesday,19,26091,90,5,99,1,0,0,277,0.0997,5,0,37526
dance,Saturday,22,88284,30,19,237,1,0,0,7449,0.0136,0,0,25520
travel,Thursday,15,1934,30,11,106,0,0,0,698,0.0533,6,0,1858
education,Monday,9,3654,45,19,129,1,0,1,290,0.1469,0,0,4034
fitness,Sunday,12,28056,7,14,298,1,1,1,526,0.0225,7,0,14529
fitness,Thursday,1,157873,60,12,42,1,1,0,1767,0.0916,2,0,99993
finance,Monday,2,15440,45,11,62,1,0,0,4739,0.0152,8,1,3779
fashion,Friday,18,1193,45,29,72,1,1,1,2092,0.1021,4,0,23243
fashion,Friday,5,7021,7,20,185,1,0,0,1887,0.0454,5,0,4795
food,Monday,18,27676,30,1,116,1,0,0,677,0.0499,3,1,15622
motivation,Thursday,20,1138,7,20,4,1,1,0,1467,0.054,5,0,4291
travel,Monday,19,705,30,17,75,1,1,1,501,0.0347,8,0,9354
dance,Saturday,18,2641,45,27,290,1,0,0,639,0.1415,6,0,14446
travel,Tuesday,7,16112,15,3,82,1,0,1,18831,0.1363,1,0,30045
fitness,Sunday,13,417,45,9,59,1,1,1,1193,0.1312,5,1,1729
fitness,Friday,9,1411,30,10,106,1,1,0,525,0.0204,8,0,5238
comedy,Sunday,2,8043,60,29,116,1,1,1,284,0.0388,7,0,19455
finance,Tuesday,5,34994,30,20,81,1,1,1,13,0.0938,0,0,11685
fashion,Saturday,14,8286,15,5,140,1,0,0,71199,0.1457,4,0,26006
gaming,Saturday,22,9647,15,5,221,1,0,0,88556,0.0927,5,0,65995
travel,Friday,22,29997,60,8,69,1,1,0,3848,0.0524,8,0,36674
fitness,Friday,17,87121,30,19,11,0,0,0,138,0.1235,3,0,29498
motivation,Saturday,13,71247,30,12,296,1,0,0,260204,0.0246,0,0,310248
food,Wednesday,18,124,7,29,104,1,1,0,66,0.1329,5,0,12667
dance,Sunday,9,5863,30,4,206,1,0,1,2407,0.1463,8,0,18843
finance,Tuesday,14,25400,60,5,64,1,0,1,35,0.1453,5,0,24240
motivation,Sunday,3,104779,45,3,62,1,0,0,14,0.0264,6,1,12882
finance,Tuesday,22,15580,15,5,177,1,0,0,1744,0.0847,9,0,19760
comedy,Wednesday,1,1046,30,17,7,1,1,0,2248,0.0898,3,0,8637
gaming,Thursday,2,1327,15,27,158,1,0,0,1391,0.0333,1,0,4376
fitness,Tuesday,6,1396,90,12,10,1,0,0,21725,0.0843,2,0,7179
food,Sunday,22,8548,30,22,272,1,0,0,996,0.0987,0,0,3839
motivation,Monday,15,2072,45,2,94,1,0,0,5566,0.0527,1,0,3869
finance,Saturday,9,100,45,29,154,1,0,0,229,0.0508,6,0,3581
fashion,Saturday,18,589,60,9,205,1,0,1,14618,0.0137,8,0,14138
comedy,Wednesday,16,2209,90,3,114,1,1,0,17339,0.1437,8,0,14208
fashion,Tuesday,18,423,7,24,86,1,1,0,659,0.1215,8,0,4523
food,Thursday,4,553,90,30,196,0,0,0,2322,0.1151,0,0,16563
motivation,Tuesday,22,197155,60,14,97,1,0,0,271,0.0082,6,0,38573
comedy,Saturday,19,4839,30,11,18,1,0,0,705,0.0955,6,0,29736
motivation,Friday,12,2452,60,14,15,1,0,0,4791,0.0312,8,0,17325
fitness,Monday,12,16337,45,28,44,1,0,0,2891,0.1009,8,0,4137
education,Wednesday,10,38674,45,20,154,1,0,0,34,0.0951,0,0,16245
comedy,Friday,10,277370,15,24,230,1,0,0,112,0.1285,9,0,161922
fashion,Sunday,15,105838,30,25,156,1,1,0,338,0.042,4,0,40865
food,Thursday,14,10749,7,28,112,1,1,0,1702,0.009,1,0,9305
gaming,Friday,16,311,60,25,43,1,1,0,175,0.1375,5,0,11080
fitness,Sunday,21,808,90,9,109,1,0,0,64,0.1368,1,0,14342
education,Friday,17,2384,45,11,110,0,0,0,5,0.0711,5,1,1720
gaming,Thursday,18,12232,30,25,222,1,0,0,71135,0.0163,6,0,66401
dance,Friday,3,5824,45,21,264,1,1,1,1642,0.0772,5,0,21937
fitness,Wednesday,21,346,15,7,270,1,0,1,61,0.081,0,0,1984
food,Saturday,21,251,30,20,211,1,0,0,8656,0.1242,3,0,17328
finance,Tuesday,22,7833,45,20,257,1,0,0,21745,0.109,2,0,18933
comedy,Friday,4,6100,15,2,246,0,1,0,1680,0.0153,4,0,10635
motivation,Wednesday,6,3368,15,6,54,1,0,1,3812,0.1073,6,0,9157
food,Tuesday,1,11722,45,17,71,1,0,0,15026,0.0247,2,0,24390
comedy,Sunday,0,46363,30,26,295,1,1,0,3681,0.018,0,0,49947
gaming,Tuesday,11,8588,60,27,212,1,0,0,3886,0.0628,8,0,7577
motivation,Sunday,9,902,15,2,294,1,0,0,50,0.0162,5,0,2567
travel,Friday,7,154414,7,14,170,1,0,0,4,0.1252,5,0,316417
fashion,Wednesday,0,3578,30,1,245,1,1,1,6142,0.0722,3,0,2500
dance,Saturday,11,5377,45,14,140,1,0,0,700,0.0901,0,0,10590
fitness,Friday,1,1515,30,12,103,1,0,0,441,0.0886,8,0,7740
food,Sunday,9,710,45,23,104,1,1,1,7680,0.1468,9,0,12533
dance,Thursday,21,822,30,19,239,1,0,0,162,0.1378,6,0,8757
finance,Tuesday,16,553,45,9,279,1,1,0,1019,0.1281,9,1,2473
comedy,Friday,2,100,7,23,21,1,1,0,1229,0.0606,6,0,9213
comedy,Sunday,6,3709,30,23,77,1,0,0,4357,0.026,6,0,28690
food,Tuesday,11,35747,15,23,194,0,0,0,2170,0.0908,6,0,18743
education,Sunday,7,835,7,23,20,1,1,0,2172,0.0688,7,0,4060
education,Wednesday,19,492415,15,7,159,1,1,0,488,0.0377,7,0,423081
travel,Monday,11,59604,15,15,231,1,1,0,514,0.0192,2,0,24518
fashion,Friday,2,4756,90,27,43,1,0,0,2165,0.0682,7,0,8487
motivation,Saturday,16,665,15,24,296,1,1,0,403,0.0994,3,0,3366
finance,Friday,8,277,15,15,179,1,0,0,209,0.0957,6,0,3522
dance,Tuesday,9,4005,60,1,100,1,0,0,14364,0.1172,4,0,23790
education,Wednesday,21,5555,30,8,114,1,1,0,284,0.0727,3,0,2284
travel,Sunday,5,3401,30,7,212,1,1,0,438,0.0516,3,0,5608
travel,Thursday,0,33684,30,10,17,1,0,0,12748,0.0831,5,0,12537
food,Saturday,21,72747,30,25,26,1,1,0,275,0.1464,1,0,119521
finance,Wednesday,11,11508,15,0,284,1,0,0,2084,0.0115,4,0,335
gaming,Friday,4,12678,15,29,148,0,0,0,2485,0.0817,7,0,4742
motivation,Thursday,12,2784,60,20,284,1,1,0,915,0.0527,1,0,4599
fashion,Wednesday,14,4871,15,10,136,1,0,0,504,0.0203,4,0,2977
fitness,Monday,21,10310,15,17,188,1,1,1,115,0.068,6,0,18624
food,Saturday,10,2779,30,25,189,1,1,0,3849,0.098,4,0,9725
motivation,Tuesday,7,16147,15,20,198,1,0,0,9950,0.0816,9,0,41311
fitness,Wednesday,4,734,30,28,101,1,1,0,8042,0.0092,8,0,9737
fitness,Wednesday,1,1315,60,14,90,1,0,1,2302,0.089,8,0,3854
finance,Monday,11,746,60,23,223,1,0,0,21,0.0386,7,1,5865
finance,Friday,1,1475,45,8,4,1,1,0,5109,0.0545,8,1,3923
dance,Sunday,15,2930,15,8,14,1,1,0,882,0.0503,1,0,2873
travel,Sunday,20,31331,90,0,4,1,0,0,335,0.1295,2,0,26709
motivation,Saturday,2,5295,30,6,229,1,0,0,4085,0.0119,3,0,9515
food,Saturday,9,486,15,11,113,0,0,0,1723,0.0555,4,1,9580
comedy,Tuesday,18,394,30,26,3,1,0,0,8249,0.0622,9,0,26427
food,Wednesday,7,2324,45,23,183,1,0,0,2168,0.0947,1,0,19646
dance,Thursday,6,22068,7,9,212,1,0,0,643,0.1194,9,0,38713
fashion,Wednesday,0,61411,30,18,246,1,0,0,545,0.1105,3,0,13285
travel,Sunday,11,280,60,28,33,0,1,0,3724,0.1141,3,0,7321
comedy,Tuesday,4,9606,15,15,295,1,0,0,75,0.0329,4,0,11283
education,Wednesday,15,2384,45,5,195,1,0,1,402,0.1372,5,0,1168
fashion,Monday,3,2741,30,10,126,1,1,0,13,0.0651,0,0,2442
finance,Sunday,16,723,30,18,141,0,0,0,2547,0.0066,5,0,2091
fitness,Wednesday,23,3307,15,24,135,1,1,0,3984,0.1019,8,0,7483
education,Wednesday,20,667,30,28,127,0,0,0,235,0.0926,2,0,9049
food,Sunday,1,3045,30,18,173,1,0,0,123,0.0233,1,0,7385
food,Thursday,11,38826,60,17,217,1,0,1,7379,0.1442,7,0,23189
finance,Sunday,0,15309,90,24,113,1,0,0,262,0.0864,1,0,10169
dance,Monday,11,154006,90,14,11,0,0,0,3970,0.073,7,0,21880
motivation,Monday,11,12675,15,26,243,0,0,0,1066,0.0627,9,1,2386
education,Wednesday,11,6728,7,28,51,0,0,0,380,0.0354,3,0,5885
education,Saturday,18,13295,30,15,185,1,0,0,3498,0.1432,8,0,4722
gaming,Thursday,16,1216,45,13,232,1,0,0,1168,0.1068,3,1,3113
fashion,Wednesday,19,115,90,7,1,1,1,0,21782,0.0873,0,0,24774
travel,Sunday,23,20601,45,7,0,1,1,0,252,0.0965,7,0,13639
fashion,Wednesday,23,194,30,1,238,1,1,0,77,0.1269,0,0,103
motivation,Tuesday,10,37007,7,5,54,1,1,1,1061,0.0972,4,0,19877
food,Tuesday,12,18986,60,12,219,1,0,0,2843,0.0216,6,0,5974
food,Saturday,7,1065,15,12,103,1,0,0,753,0.1061,2,1,6425
food,Thursday,9,2241,7,20,276,0,1,0,40006,0.0869,5,0,20933
gaming,Friday,7,4813,60,29,9,1,0,0,12402,0.1451,0,0,15769
food,Tuesday,19,934,30,11,103,1,0,0,383,0.1114,5,0,2223
motivation,Friday,7,13003,15,1,197,1,0,0,1247,0.0549,4,0,5905
finance,Monday,8,15238,30,20,13,1,0,0,29,0.0246,1,0,9994
travel,Tuesday,6,366,7,19,167,1,0,0,8983,0.0749,3,0,6839
motivation,Tuesday,13,1117,30,24,29,1,1,0,281,0.1035,6,0,4853
travel,Thursday,1,4599,15,11,13,1,1,0,1632,0.0307,5,0,3030
motivation,Saturday,10,38293,60,16,237,0,0,0,655,0.0992,9,0,10161
food,Friday,7,15900,30,5,61,1,1,1,55,0.1247,5,0,12361
finance,Sunday,12,100,30,6,109,1,0,0,5808,0.0278,8,0,6587
education,Tuesday,20,2905,7,30,159,1,1,1,131,0.1073,1,0,22784
fashion,Tuesday,14,11508,15,27,54,1,1,0,388,0.0149,0,0,13827
fitness,Thursday,2,1164,45,5,248,1,0,0,6037,0.0062,1,0,5000
finance,Thursday,22,1012,45,20,255,1,1,0,157,0.0097,2,0,14926
education,Saturday,13,1281,15,27,21,1,0,0,21627,0.0966,8,0,24686
dance,Friday,14,2823,30,3,102,0,0,0,152,0.1461,9,0,12222
motivation,Monday,1,843,60,20,263,1,1,1,105,0.1168,8,0,4442
dance,Sunday,18,16120,30,8,235,1,1,0,1203,0.0419,4,1,24146
education,Saturday,11,1043,15,4,232,1,1,0,28802,0.0154,6,0,6060
finance,Monday,19,761,30,9,167,1,1,0,1083,0.0944,2,0,2742
motivation,Wednesday,3,2397,30,14,232,1,1,0,7806,0.0055,9,0,4575
fitness,Tuesday,2,70407,7,7,4,1,1,0,75,0.1199,1,0,23421
food,Friday,4,12651,15,22,44,0,1,0,526,0.0403,5,1,6109
motivation,Saturday,2,14185,30,3,45,1,0,0,598,0.0484,5,1,10812
motivation,Tuesday,14,8227,90,25,163,0,0,0,87,0.0549,4,0,5990
finance,Friday,18,893,30,4,168,1,0,0,45,0.1157,0,0,1812
finance,Friday,1,1552,15,6,163,1,0,1,676,0.0435,9,0,9263
education,Friday,11,1143,30,5,255,1,1,0,25834,0.0462,1,0,14624
comedy,Tuesday,4,35059,15,12,65,1,0,0,1697,0.0834,6,0,14316
motivation,Saturday,21,8363,15,18,259,1,0,0,279,0.0721,9,0,24184
fashion,Sunday,16,244,30,9,87,1,1,0,18,0.1436,1,0,1667
motivation,Thursday,13,67156,60,14,239,1,0,0,521,0.0432,4,0,17653
education,Tuesday,21,2703,60,2,58,1,0,0,455,0.0183,9,0,3413
travel,Friday,9,15931,15,17,169,1,0,0,2366,0.0834,3,0,17417
dance,Saturday,2,32669,45,13,257,1,1,0,660,0.0318,9,0,27171
food,Sunday,3,100,15,2,45,1,0,0,3880,0.065,0,0,1098
comedy,Wednesday,5,11139,15,10,1,1,1,0,5089,0.0321,4,0,9733
fitness,Monday,23,3119,90,9,128,1,0,1,953,0.1327,0,0,4764
fitness,Friday,21,100,60,28,268,1,1,0,980,0.0525,2,0,8494
fitness,Wednesday,15,639,15,16,277,1,0,0,1174,0.1174,8,0,4081
finance,Thursday,6,2168,7,12,16,1,0,0,33,0.1425,6,1,2781
fitness,Sunday,14,22520,15,24,186,1,0,0,4632,0.1414,1,0,11458
food,Sunday,20,3578,30,1,115,1,0,0,32680,0.0811,4,0,15140
dance,Friday,19,6416,60,27,258,1,0,1,1234,0.1476,3,1,31992
fitness,Sunday,10,2588,15,12,248,1,0,0,229,0.1001,6,0,5914
motivation,Wednesday,21,34829,30,18,197,1,0,1,1081,0.0236,3,0,41175
motivation,Friday,20,12554,15,4,226,0,1,0,459,0.1338,8,0,17095
finance,Tuesday,0,6588,7,15,176,0,0,0,1158,0.073,2,0,2935
food,Saturday,4,627,45,9,242,1,1,0,587,0.0271,5,0,4744
dance,Wednesday,12,6097,60,11,34,1,1,0,14,0.1198,4,0,6178
comedy,Saturday,20,734811,15,19,134,1,0,0,1327,0.0955,9,1,1065626
education,Tuesday,13,20567,15,12,9,1,0,0,93779,0.1329,7,0,55505
dance,Tuesday,8,1298,15,20,182,1,1,1,75,0.125,0,0,3882
education,Saturday,16,137919,30,15,201,1,1,0,9841,0.0514,9,0,64638
travel,Wednesday,14,1199,15,21,18,1,1,0,2443,0.0422,1,0,7992
education,Saturday,20,17778,30,20,22,1,1,0,174,0.1114,6,0,12449
fashion,Saturday,6,4522,30,25,94,1,0,0,74,0.0881,0,0,17725
motivation,Monday,21,6821,15,0,63,1,0,0,1854,0.0151,4,0,2373
food,Wednesday,21,7287,45,21,219,0,1,0,2257,0.0313,7,0,2501
gaming,Monday,11,3147,15,8,95,1,1,0,53,0.0269,9,0,5808
finance,Friday,22,2438,45,15,264,1,1,0,6993,0.0905,4,0,23310
fashion,Sunday,5,459,30,18,156,1,1,0,407,0.0174,4,0,2603
education,Saturday,20,648,60,14,206,1,0,0,2937,0.0351,8,1,4644
fitness,Friday,15,8965,7,17,273,1,1,0,4475,0.0841,4,0,19926
food,Wednesday,4,1438,45,21,245,1,1,0,6579,0.0243,0,0,3876
fashion,Saturday,8,955,7,11,198,0,0,0,151,0.041,2,0,7874
finance,Sunday,13,797456,90,13,284,1,0,0,61262,0.1365,4,0,180536
motivation,Friday,7,434009,45,2,82,1,0,0,173,0.1061,7,1,518601
food,Thursday,13,13981,15,3,132,0,1,0,6561,0.0495,9,0,21314
finance,Tuesday,11,18010,15,5,104,1,0,0,404,0.1322,1,0,7224
travel,Saturday,9,1138,60,15,236,1,0,0,1216,0.0413,3,0,3040
travel,Sunday,19,582,60,27,68,0,0,0,854,0.0904,3,0,7122
finance,Tuesday,19,2663,60,12,183,1,0,0,2790,0.0584,2,0,9157
fashion,Monday,20,4917,60,11,117,1,0,0,8920,0.1141,5,0,5810
food,Friday,12,17739,60,21,179,1,1,0,322,0.0589,9,0,15320
fashion,Monday,18,182,30,11,270,0,1,1,189,0.0411,1,0,3654
comedy,Sunday,14,234461,7,1,89,1,0,1,17,0.0931,2,0,93076
education,Saturday,7,7680,7,28,87,1,1,0,1572,0.1131,1,0,24357
comedy,Tuesday,22,301,30,12,82,1,1,0,782,0.0828,9,0,14644
travel,Tuesday,20,6525,30,2,19,1,0,0,1363,0.1089,7,0,7879
motivation,Friday,9,968,30,12,106,1,0,0,895,0.0662,1,1,6174
dance,Saturday,2,853,15,24,271,0,0,1,5003,0.1203,4,0,6639
education,Thursday,20,726,30,1,97,1,0,0,398,0.0898,3,0,2553
travel,Thursday,2,3097,15,18,231,1,1,0,2204,0.0335,0,0,2988
fashion,Friday,4,216400,30,8,56,1,1,1,1028,0.1342,6,1,146779
fashion,Saturday,15,5806,30,19,148,1,0,0,160,0.1263,5,0,6654
fashion,Friday,16,17137,15,30,234,1,1,0,277,0.1448,9,0,38572
motivation,Saturday,5,26617,60,0,136,1,1,0,6907,0.0875,0,0,28903
comedy,Sunday,19,3787,30,26,266,0,1,0,5697,0.103,8,0,12206
dance,Sunday,19,607,60,12,228,1,0,0,4806,0.1302,3,1,25175
fashion,Monday,15,276,15,1,281,1,1,0,782,0.0126,0,0,265
gaming,Friday,23,2446,15,14,201,1,1,0,12,0.1373,7,0,16622
education,Saturday,1,38525,7,18,231,0,1,0,39,0.0443,0,0,31149
food,Thursday,19,26468,7,24,18,0,0,0,648,0.0133,1,0,32312
gaming,Saturday,14,7796,15,30,15,1,1,0,52,0.0395,4,1,16282
dance,Sunday,17,9896,7,24,55,1,0,0,10823,0.09,0,0,11482
motivation,Saturday,0,3841,60,15,113,1,1,0,217,0.0119,0,0,3906
dance,Friday,18,2065,60,10,67,1,1,0,633,0.0051,5,0,12879
food,Monday,11,1301,90,14,77,1,0,0,35256,0.0977,0,0,7675
education,Monday,7,347,90,5,29,1,0,0,8615,0.0707,4,0,1800
food,Monday,5,124844,30,13,6,1,1,0,2192,0.1274,9,0,45176
finance,Monday,11,6687,30,26,151,1,0,0,1706,0.0423,4,1,3816
education,Sunday,6,2216,15,5,21,0,0,0,241,0.0457,1,0,1880
dance,Wednesday,17,130365,15,18,29,1,1,0,5025,0.0162,2,0,49481
fashion,Friday,21,183793,45,4,166,1,1,0,1678,0.0831,2,0,193221
dance,Tuesday,13,687821,60,30,147,1,0,0,836,0.0581,2,0,457601
dance,Friday,7,3143,45,10,48,1,0,0,3952,0.0543,2,0,6899
education,Wednesday,23,5939,60,3,297,1,1,1,4096,0.0714,3,0,2901
finance,Monday,19,15862,15,25,261,1,1,0,157,0.1282,9,1,43849
dance,Wednesday,21,97922,30,25,180,1,0,1,6859,0.0203,0,0,10044
gaming,Thursday,13,5495,30,27,289,1,0,0,924,0.0809,3,0,17364
travel,Thursday,4,837,90,8,121,1,0,1,1295,0.0335,3,1,4337
fitness,Sunday,8,1266,90,8,123,1,1,0,78,0.0358,7,1,7357
fitness,Friday,7,40920,30,16,265,1,0,1,83,0.0422,3,0,39657
dance,Friday,1,15030,15,7,27,1,0,0,59,0.0716,4,0,12206
gaming,Tuesday,15,3600,15,14,258,1,0,0,131415,0.0767,3,0,22854
fashion,Sunday,12,3198,30,8,76,1,0,0,102398,0.1314,4,0,41895
motivation,Tuesday,6,3600,60,4,193,1,1,1,36,0.1344,2,0,3643
motivation,Thursday,15,45719,15,3,34,1,0,0,53,0.0901,2,1,4519
education,Monday,6,1187,15,25,113,1,0,0,393,0.0458,7,1,5209
fitness,Wednesday,13,553,15,19,61,1,0,0,10039,0.1237,0,1,12354
dance,Tuesday,13,129347,90,17,51,1,0,0,3829,0.12,2,0,155890
motivation,Saturday,11,5141,30,8,115,1,1,1,83692,0.1207,1,0,39406
dance,Tuesday,0,4260,30,20,46,1,0,0,596,0.0074,9,0,4006
education,Monday,0,16445,30,26,100,1,1,0,271,0.1143,5,0,9098
fitness,Monday,11,828,15,2,278,1,0,0,1226,0.1286,7,0,1951
food,Friday,19,18975,15,21,106,1,0,0,774,0.0927,5,0,32099
travel,Wednesday,20,2467,60,8,34,0,0,1,1038,0.1139,3,0,5229
travel,Monday,14,37279,60,8,287,0,1,0,1358,0.1175,2,1,36606
motivation,Sunday,3,310,30,27,1,0,0,0,76119,0.0785,3,0,25580
travel,Tuesday,6,11061,30,28,238,0,1,0,1394,0.123,7,0,26229
food,Tuesday,15,3241,60,20,271,1,0,0,130,0.1199,8,1,5779
dance,Thursday,2,1382,45,23,143,1,0,0,613,0.1378,7,1,5172
education,Monday,6,19700,7,3,91,0,0,0,4681,0.1386,8,0,10245
food,Saturday,23,3763,30,20,220,1,1,0,3643,0.0818,7,0,12842
education,Friday,21,11371,45,6,53,1,0,1,3267,0.0096,4,1,4708
education,Wednesday,5,47967,30,6,227,1,1,0,36,0.0078,4,1,8443
fitness,Saturday,15,20428,90,28,32,1,1,0,48,0.1411,0,0,34554
dance,Friday,23,702,60,22,213,1,0,0,843,0.0539,7,0,10248
gaming,Tuesday,7,1853,7,7,135,1,0,0,2676,0.0597,1,0,2253
travel,Saturday,22,11234,45,26,247,1,0,0,208,0.0731,5,0,19823
gaming,Friday,21,20516,15,20,52,1,0,0,21773,0.0435,5,0,19117
fitness,Tuesday,5,2431,45,30,63,1,0,0,3234,0.0906,9,0,7317
education,Tuesday,9,7017,30,0,36,1,1,0,389,0.1188,3,0,9691
motivation,Tuesday,15,6938,30,26,211,1,1,0,285045,0.0423,8,0,84326
travel,Tuesday,10,8916,60,8,11,1,1,0,432,0.1127,2,0,3061
travel,Sunday,12,588,45,24,83,1,1,0,523,0.1024,7,0,7395
dance,Tuesday,5,384,60,30,93,1,0,0,477,0.0812,1,0,5424
finance,Thursday,23,100,15,22,206,1,0,0,1192,0.0522,4,0,5460
comedy,Saturday,0,5943,15,11,37,1,0,1,127,0.1316,5,0,14532
comedy,Friday,20,421,30,5,202,1,0,1,4790,0.0634,1,0,4577
comedy,Thursday,18,230062,90,12,269,0,0,0,6308,0.0593,6,0,110643
finance,Sunday,11,15953,30,28,74,0,0,0,4164,0.098,4,1,10483
dance,Thursday,23,585,7,4,127,1,1,0,443,0.1384,9,1,2547
finance,Monday,5,37920,30,20,151,0,1,0,447,0.0787,3,0,14409
comedy,Monday,17,38081,30,30,9,1,0,1,3737,0.1098,3,0,10433
fitness,Monday,12,44077,60,18,37,1,1,0,1687,0.0712,1,0,29386
food,Wednesday,6,1147,45,25,104,1,1,1,220,0.0367,8,0,13549
education,Monday,22,17834,90,0,164,1,0,1,19,0.023,0,0,5368
finance,Friday,12,45442,45,21,31,1,0,0,497,0.0248,0,0,14400
dance,Thursday,20,83078,15,23,211,0,1,0,3115,0.0081,3,0,79444
dance,Friday,7,316,30,29,13,1,1,0,2950,0.0852,2,0,9934
gaming,Saturday,20,3321,45,17,229,0,1,0,53,0.024,8,0,17992
food,Monday,16,1075,90,7,131,1,0,0,5852,0.1305,6,0,4543
motivation,Sunday,8,140846,15,23,151,1,0,0,44445,0.1475,1,0,81256
travel,Wednesday,19,11895,15,25,95,1,0,0,543,0.0769,3,0,17875
comedy,Saturday,12,24446,15,7,9,0,1,1,729,0.0702,4,1,55274
motivation,Sunday,1,11584,30,25,15,1,0,1,385,0.0555,9,0,14474
gaming,Wednesday,3,9657,15,14,166,1,0,0,541,0.0975,3,0,9806
comedy,Saturday,1,1039,45,18,95,1,0,1,12370,0.0932,3,0,16427
food,Thursday,3,2200,60,9,17,1,0,0,228,0.0548,3,0,3757
gaming,Friday,17,5589,30,23,6,1,0,0,1780,0.0548,7,0,8057
comedy,Tuesday,4,1529,30,15,183,1,1,0,632,0.0985,6,0,3538
food,Friday,18,1096,60,10,244,1,0,1,1605,0.0854,3,0,2892
fashion,Monday,9,3394,30,30,81,0,0,0,618,0.1092,0,1,2990
motivation,Sunday,17,1653,15,11,130,0,0,0,5661,0.1415,5,0,4852
motivation,Tuesday,20,5375,15,15,128,1,0,0,8794,0.118,4,0,6318
travel,Wednesday,9,2214,30,15,288,1,0,0,2317,0.0491,4,1,7991
food,Thursday,4,1432,15,27,73,1,0,0,712,0.1151,5,0,11863
finance,Thursday,16,925,30,29,58,0,1,1,5289,0.0703,7,0,1017
fashion,Wednesday,21,4968,90,19,71,1,0,0,245,0.1178,5,0,7445
fitness,Monday,12,24317,45,2,159,1,0,0,2589,0.1336,5,0,46916
comedy,Wednesday,22,15860,30,26,86,1,0,0,391,0.0412,6,0,23691
fashion,Saturday,16,314,15,8,16,1,0,1,1685,0.0396,7,0,4285
food,Sunday,8,23099,90,7,88,1,0,0,160,0.0677,3,0,11250
education,Sunday,23,15659,60,9,148,1,1,0,11702,0.0125,6,0,12734
comedy,Monday,11,24272,30,28,5,1,1,0,88,0.1044,7,0,25740
dance,Tuesday,13,34561,30,12,83,1,1,0,847,0.1137,5,0,17109
motivation,Wednesday,13,1326,45,17,83,1,0,1,57,0.0551,8,0,12687
food,Monday,7,2865,15,12,249,1,0,0,11216,0.0725,5,0,12038
dance,Sunday,22,123356,15,12,153,1,1,0,24547,0.0906,3,0,256972
travel,Tuesday,4,110843,15,14,71,1,0,0,101,0.0157,5,1,22081
gaming,Wednesday,18,4281,30,12,108,1,0,0,2097,0.1081,1,0,10133
fitness,Thursday,13,14553,15,29,111,1,1,0,606,0.0814,7,0,20795
fitness,Wednesday,8,17035,15,15,171,1,0,1,3053,0.0955,5,0,21013
dance,Friday,6,116280,7,7,186,1,1,0,25661,0.11,3,0,130320
motivation,Wednesday,7,9149,30,26,284,1,0,0,2370,0.103,6,0,15438
travel,Friday,13,554,30,26,272,1,0,0,237,0.0188,7,0,7226
education,Tuesday,21,2086,15,18,17,1,1,0,275,0.1185,2,0,5441
motivation,Wednesday,13,1383830,90,9,167,1,0,0,540,0.0935,9,0,1150519
fashion,Tuesday,10,510,30,11,81,1,0,0,255,0.1087,2,0,2408
fitness,Tuesday,13,5380,7,13,74,0,0,0,5016,0.0429,9,0,9860
fashion,Sunday,20,316272,15,5,248,1,0,0,5948,0.0371,2,0,114634
comedy,Monday,7,1164,45,20,130,1,0,0,13619,0.1248,2,0,11672
finance,Tuesday,2,100,15,23,200,1,0,0,468,0.0616,1,0,5841
food,Tuesday,22,100,7,8,295,1,1,0,11031,0.0884,4,0,4451
travel,Sunday,17,1176,30,26,67,0,1,0,31777,0.085,5,1,16116
motivation,Sunday,2,205,30,6,19,0,1,0,77,0.0898,0,1,412
fitness,Wednesday,12,31789,45,5,270,1,1,0,413,0.0151,5,0,25586
fashion,Sunday,11,7963,45,21,92,1,0,0,883,0.0489,6,0,7193
gaming,Wednesday,14,105,90,0,132,0,0,0,5679,0.0146,1,1,3144
comedy,Thursday,17,278,7,20,294,1,0,1,15998,0.0746,0,1,4001
food,Sunday,4,45809,7,13,295,1,1,0,34,0.1358,6,0,64980
food,Monday,6,6958,90,23,134,1,0,0,287,0.0614,5,0,4495
motivation,Tuesday,10,64895,30,5,32,1,0,0,10840,0.1185,2,0,28705
travel,Monday,10,36835,45,11,292,1,1,0,199,0.0467,1,0,17054
education,Friday,14,619,7,16,31,0,0,0,5412,0.1292,1,0,17930
gaming,Sunday,9,24041,7,30,42,1,0,0,3453,0.0658,1,0,15882
motivation,Tuesday,14,13536,15,30,291,1,0,1,5190,0.0565,7,0,7758
fashion,Monday,12,143,30,4,280,1,0,0,5324,0.1061,0,0,2870
finance,Sunday,13,423,15,28,107,1,0,0,467,0.0793,2,0,3731
dance,Sunday,16,395460,30,10,95,1,0,0,644,0.0539,7,0,46326
education,Thursday,12,925,30,27,65,1,0,0,549,0.0134,5,0,13017
travel,Thursday,9,10308,7,4,8,1,0,0,1720,0.0292,6,0,4754
comedy,Tuesday,0,3487,15,11,229,0,0,0,15,0.117,1,0,2675
education,Friday,0,6841,30,2,220,1,1,0,2878,0.1385,8,0,8754
fitness,Thursday,14,3928,7,23,277,1,0,0,34371,0.0295,6,0,50960
travel,Thursday,15,27926,15,30,98,1,1,0,1627,0.0876,2,0,8389
finance,Friday,11,26640,15,8,270,1,1,0,858,0.01,8,0,9729
fitness,Monday,23,6076,30,5,262,1,0,0,1270,0.0472,2,0,1373
education,Thursday,5,964,45,21,163,0,0,0,3169,0.0701,9,0,5591
dance,Wednesday,5,1765,15,1,15,1,0,0,10793,0.1117,7,0,7688
dance,Saturday,11,288,45,25,168,1,1,0,957,0.0114,6,0,6437
finance,Saturday,14,2691,60,1,20,1,0,1,785,0.1183,2,0,4076
food,Thursday,3,204,45,21,27,0,0,0,70,0.0344,4,0,4038
gaming,Monday,23,7287,7,11,82,1,0,0,1204,0.1151,6,0,5196
comedy,Sunday,3,8373,30,7,272,1,0,0,99,0.0957,2,0,5203
food,Monday,1,30015,45,1,35,1,0,0,366,0.0542,1,0,2929
dance,Tuesday,23,546,90,8,275,1,1,1,6342,0.1099,8,0,3957
dance,Wednesday,11,617,90,28,232,0,0,0,8448,0.0393,1,0,5912
fashion,Monday,6,76455,30,15,103,1,0,1,2769,0.0369,2,1,17857
fitness,Friday,19,418,30,27,5,1,1,0,12442,0.014,0,1,13457
education,Wednesday,8,197242,60,29,22,0,1,1,40,0.062,0,0,94018
comedy,Saturday,8,931,60,24,169,1,0,0,28456,0.0192,0,0,35458
finance,Wednesday,7,943,30,14,151,1,0,0,200,0.0658,9,0,6775
education,Friday,13,22405,15,13,243,1,0,0,2001,0.0064,2,0,8217
fashion,Thursday,0,13212,15,19,240,1,0,0,289,0.0275,5,0,6552
dance,Friday,22,94349,30,3,260,1,0,0,2038,0.1402,9,0,156322
finance,Friday,20,163,45,3,45,1,0,0,1136,0.1204,2,0,1802
dance,Thursday,22,12842,90,10,272,1,0,0,10668,0.0392,3,0,14116
comedy,Thursday,11,4524,60,20,74,1,1,0,151742,0.1092,1,1,58061
fitness,Thursday,1,707,15,23,282,0,0,0,6397,0.1019,6,0,4453
education,Thursday,12,145313,45,17,195,0,0,0,863,0.0307,3,0,12965
education,Thursday,3,7507,15,26,22,0,1,0,23522,0.0588,0,0,14374
food,Friday,19,4389,45,4,86,1,1,0,36,0.1375,3,0,5246
finance,Tuesday,17,11127,45,29,120,1,0,0,343,0.1121,3,1,13757
gaming,Tuesday,18,218,15,1,148,1,0,1,691,0.1153,2,0,1650
fashion,Monday,15,519,15,14,149,1,1,0,629,0.0868,7,0,1699
gaming,Tuesday,13,2700,15,10,64,1,0,0,250,0.1015,6,0,7635
food,Saturday,7,8686,7,26,159,1,1,1,4411,0.0788,9,0,21149
comedy,Tuesday,11,48744,60,23,283,1,1,0,1091,0.1124,9,0,34755
fashion,Friday,8,999,7,16,81,1,0,0,834,0.1112,2,0,5555
fitness,Thursday,5,662,7,15,6,1,1,0,18373,0.0095,3,0,6080
gaming,Thursday,17,12119,15,14,181,1,1,0,449,0.0966,7,0,4893
fitness,Sunday,1,3848,60,22,13,1,1,0,8563,0.0963,9,0,5863
gaming,Sunday,22,154,15,2,182,0,0,0,633,0.0148,2,0,487
fitness,Sunday,7,940,15,19,43,0,1,1,661,0.0645,4,0,5548
gaming,Friday,23,3543,45,29,173,1,0,0,239,0.1353,4,0,7912
fitness,Saturday,13,3723,15,14,13,1,1,0,59,0.1432,4,0,4660
food,Tuesday,5,5777,15,23,299,0,0,0,292,0.1184,4,0,7397
travel,Friday,9,473,45,18,72,1,0,0,31,0.027,8,1,9124
fashion,Monday,7,3882,15,27,222,1,0,0,1829,0.0593,9,0,31498
finance,Thursday,16,27031,60,28,1,1,0,0,584,0.0315,4,0,5684
comedy,Sunday,11,100,30,12,209,0,0,0,9587,0.0996,8,0,26433
motivation,Wednesday,16,2956,30,15,260,1,0,0,257,0.1171,8,0,6379
dance,Monday,12,246,15,22,89,1,0,0,655,0.1331,9,0,2906
finance,Sunday,18,4637,60,11,251,1,0,0,12526,0.1298,3,0,7828
dance,Saturday,11,327,30,16,46,1,1,0,6503,0.0194,8,0,12366
fashion,Monday,15,6256,15,15,162,0,1,0,1440,0.0232,1,0,1557
finance,Friday,4,91853,15,8,115,1,0,0,138,0.1369,2,0,22895
fitness,Tuesday,15,843,30,28,78,1,0,0,3545,0.1273,0,0,2044
fitness,Thursday,5,1094,45,5,7,1,0,0,616,0.0718,6,0,8549
motivation,Saturday,10,2109,90,18,22,1,0,0,387,0.0674,9,0,11968
dance,Saturday,16,8722,45,22,268,0,1,0,15717,0.0852,8,0,17991
comedy,Wednesday,22,785,30,30,278,1,1,0,20592,0.0915,2,0,50442
fashion,Monday,13,2479,15,12,30,1,0,0,186,0.0419,7,0,9512
fitness,Wednesday,5,1472,45,20,169,1,1,1,33933,0.0635,0,0,27861
travel,Tuesday,22,2122,90,23,129,1,1,1,916,0.0949,5,0,7256
food,Sunday,10,8908,30,7,156,1,0,1,5247,0.0349,5,0,5530
food,Tuesday,11,13252,15,11,21,1,0,0,42725,0.1498,4,0,11400
gaming,Sunday,12,344,15,8,125,1,0,0,791,0.046,3,0,3832
comedy,Wednesday,3,8845,15,21,168,1,0,1,1851,0.0851,2,0,5035
food,Thursday,6,1414619,30,3,165,1,0,0,4660,0.0854,3,0,384366
gaming,Tuesday,1,79189,90,12,156,0,0,0,25863,0.0705,6,0,55260
dance,Wednesday,5,1547,15,1,21,1,0,0,1141,0.04,6,0,3130
fitness,Monday,5,6231,15,2,263,1,0,0,5534,0.087,2,0,2386
fitness,Wednesday,17,4626,30,4,262,1,0,0,233,0.0182,9,0,4859
travel,Wednesday,19,11237,60,23,211,1,0,0,56,0.0611,2,0,12305
finance,Friday,7,2298,30,27,163,1,0,1,282,0.0375,2,0,5586
food,Tuesday,7,3027,15,25,135,1,0,0,280,0.023,4,0,13585
dance,Thursday,7,1318,15,17,251,1,0,0,7709,0.1392,0,0,13765
education,Thursday,7,35305,30,20,204,1,1,0,946,0.1065,9,0,67742
food,Friday,0,8601,60,13,241,1,1,0,323,0.0295,6,0,9757
comedy,Sunday,1,8720,15,24,278,1,0,0,185,0.1427,7,0,15086
finance,Saturday,11,44050,30,1,60,1,0,0,475,0.0363,6,0,5118
food,Sunday,14,45238,30,14,298,1,1,0,6867,0.0392,7,0,23755
dance,Thursday,3,32212,30,7,94,1,1,0,184,0.0243,8,0,29116
food,Wednesday,2,42860,15,15,147,1,0,0,850,0.1105,3,0,29366
comedy,Friday,13,81863,90,2,258,1,1,0,510,0.0878,2,0,63749
education,Monday,21,862,30,23,29,1,0,1,2227,0.0134,6,0,3323
fashion,Tuesday,22,2870,45,19,17,1,0,0,43557,0.0087,8,0,79665
motivation,Tuesday,7,17607,30,19,186,1,1,0,297,0.0822,8,0,24890
education,Tuesday,12,998,90,27,211,1,0,0,2068,0.0995,7,0,3932
gaming,Wednesday,22,2555,30,22,34,1,1,0,1063,0.1243,2,0,5572
food,Monday,18,6974,30,4,146,1,0,0,431,0.0743,5,1,14241
fitness,Friday,21,3247,30,3,281,1,0,0,1212,0.1031,1,0,4142
travel,Friday,4,5534,30,22,34,1,0,1,41755,0.1114,5,0,18005
fitness,Tuesday,12,625,15,11,75,1,1,0,955,0.0939,4,0,3009
education,Monday,19,4591,90,18,71,0,0,1,954,0.0561,3,0,7814
fitness,Monday,0,6255,60,14,248,1,1,0,514,0.0241,2,0,2112
dance,Monday,15,89949,15,24,56,1,1,0,2516,0.0989,7,1,51808
fitness,Thursday,22,3030,15,29,9,1,0,0,148,0.1165,9,0,6063
finance,Thursday,23,1524,15,12,212,1,0,0,1398,0.0325,5,0,1383
fashion,Tuesday,1,17735,60,4,236,1,0,0,2674,0.0768,8,0,3957
food,Monday,6,100,30,11,233,1,1,0,201,0.0626,2,0,1674
fitness,Saturday,5,2776,30,18,222,1,1,0,26789,0.0348,4,0,25659
comedy,Monday,4,1949,60,1,103,0,0,0,24896,0.0406,3,0,13793
fashion,Friday,3,7860,30,6,97,0,0,1,98258,0.0395,5,0,43555
fashion,Friday,1,46314,60,27,225,1,0,0,3438,0.0657,1,0,15157
fitness,Tuesday,9,80202,30,22,221,1,0,0,2517,0.0616,5,0,67560
fashion,Saturday,21,7665,45,27,279,0,0,0,938,0.0854,2,0,22178
travel,Monday,4,300,30,28,42,1,1,0,1256,0.0185,7,0,2316
fitness,Sunday,17,1947,30,4,152,1,1,0,7002,0.0893,9,0,7767
dance,Saturday,9,2372,90,19,289,1,1,0,1134,0.0082,9,0,19232
education,Tuesday,22,9518,30,28,223,1,0,0,811,0.0423,5,0,12236
finance,Friday,21,5438,30,10,118,1,0,0,3353,0.0778,7,0,38765
motivation,Sunday,14,1423,15,17,213,0,0,0,313,0.1046,6,0,3763
gaming,Friday,8,516,7,17,52,1,0,0,25865,0.1168,5,0,35616
fashion,Thursday,10,1029,45,6,219,1,0,0,1115,0.0102,8,1,7739
dance,Tuesday,20,963,30,9,242,1,0,0,5061,0.0829,8,0,25096
food,Tuesday,16,91020,60,22,52,1,1,0,220,0.0564,9,0,33401
food,Monday,20,1229,30,19,116,1,0,0,1005,0.1058,9,0,4290
gaming,Monday,8,5476,30,13,41,1,1,0,499,0.0461,3,0,2897
finance,Thursday,22,28090,45,19,246,1,0,0,542,0.1128,7,0,31671
fashion,Sunday,15,6980,30,19,290,1,0,0,112,0.0923,2,0,7640
travel,Wednesday,5,695,60,10,247,1,0,0,9069,0.1195,4,0,5809
gaming,Saturday,21,28945,30,1,100,1,0,0,2889,0.1477,2,0,44549
finance,Wednesday,10,9297,15,12,86,1,1,0,64,0.1367,9,0,9814
fashion,Wednesday,22,100,30,12,83,0,0,0,716,0.091,3,1,6082
dance,Tuesday,16,46272,7,8,260,1,1,0,709,0.1346,4,0,34953
education,Saturday,3,23672,15,16,220,0,0,0,2435,0.0272,7,0,5862
travel,Tuesday,14,9038,15,14,153,1,0,0,820,0.0112,9,0,10855
motivation,Saturday,0,93206,45,23,50,1,0,0,9643,0.0823,7,0,29261
food,Friday,21,22716,15,21,37,1,1,1,7541,0.1463,2,0,69413
comedy,Tuesday,19,37432,15,30,258,1,0,0,90551,0.1079,7,0,78622
dance,Tuesday,0,31746,15,28,186,1,1,0,12,0.0492,9,0,22099
food,Tuesday,8,19200,7,25,12,0,0,0,16894,0.102,3,0,50982
fitness,Sunday,11,195,7,22,222,1,0,1,5376,0.0108,1,1,7673
comedy,Thursday,3,242,15,27,86,1,1,0,772,0.0732,2,0,9896
food,Tuesday,21,22731,15,20,258,1,0,0,656,0.0394,7,0,11113
finance,Monday,12,45115,15,21,180,1,0,0,919,0.0121,4,0,8683
travel,Monday,6,1381,15,21,172,1,1,0,1800,0.0412,1,0,4288
food,Saturday,7,661,60,28,194,1,0,0,371,0.1098,6,0,4866
motivation,Friday,12,7885,45,15,244,1,0,0,44,0.0849,4,0,16024
education,Thursday,10,360,30,24,195,1,0,0,387,0.0084,5,1,4738
finance,Sunday,8,3626,60,9,61,1,0,0,644,0.0644,1,0,5747
dance,Saturday,23,2593,7,28,24,1,0,0,3429,0.1141,6,0,19305
dance,Monday,15,3281,15,19,51,1,0,0,101,0.1434,0,0,2430
dance,Thursday,9,146089,60,27,49,0,1,0,3964,0.1318,9,0,84526
dance,Thursday,10,1569,30,26,294,1,0,0,98,0.0052,9,1,12490
education,Friday,11,5410,90,11,51,1,1,0,2427,0.0367,4,0,5465
food,Thursday,13,463,90,28,39,1,0,0,3310,0.0351,8,0,11714
fashion,Tuesday,18,26706,15,4,231,1,0,1,844,0.0649,6,0,8154
food,Thursday,11,3557,90,19,59,1,0,0,1202,0.0986,8,0,14069
fitness,Friday,17,40984,90,16,215,1,1,0,4424,0.0272,8,0,29615
travel,Saturday,20,100,30,9,196,1,1,0,342,0.1378,0,0,3065
comedy,Friday,16,4426,90,5,275,1,0,0,2033,0.1177,7,0,22180
fashion,Sunday,2,6234,7,20,1,1,0,0,543,0.0658,6,0,3296
fashion,Friday,0,25355,45,19,105,1,1,1,24350,0.0897,1,1,25326
food,Monday,18,1547,15,5,215,1,1,0,3250,0.0836,2,0,7224
fashion,Tuesday,3,20257,15,11,264,1,1,0,135,0.0894,5,0,18581
gaming,Monday,22,1901,30,20,166,1,0,1,41589,0.1297,2,0,15093
gaming,Saturday,15,5818,15,18,246,1,0,0,8131,0.034,7,0,9618
fitness,Wednesday,11,25835,45,1,209,1,1,0,98,0.1041,3,1,17425
comedy,Saturday,20,921,30,12,57,1,0,0,51,0.0205,6,0,20895
motivation,Tuesday,20,18639,30,21,42,0,0,0,94,0.0716,3,0,23059
education,Thursday,12,8980,15,19,137,1,0,0,153,0.0972,1,0,10006
food,Friday,16,2695,30,10,108,1,0,0,1484,0.0068,6,0,4583
education,Wednesday,7,1476,60,14,47,1,1,0,1292,0.0207,7,0,5512
motivation,Tuesday,12,112,30,12,125,1,1,0,4767,0.0182,0,0,5682
food,Monday,19,4253,30,25,213,0,0,1,589,0.0593,4,0,15480
food,Friday,4,2703,30,2,127,1,0,0,651,0.0952,9,0,3471
comedy,Saturday,17,15528,30,13,197,1,1,0,1373,0.1494,7,1,17338
education,Monday,14,12944,30,7,201,1,0,0,10422,0.0418,0,0,12710
gaming,Tuesday,11,33732,90,27,191,0,0,1,24,0.0247,2,0,17310
dance,Tuesday,16,36030,45,8,106,0,0,0,656,0.0651,1,0,8606
education,Saturday,14,1439732,30,14,193,1,0,0,15327,0.0262,2,1,170292
travel,Wednesday,1,12389,30,22,237,1,0,1,1255,0.0086,2,0,2106
travel,Saturday,5,1044,30,17,131,1,0,0,608,0.0868,2,0,4722
food,Thursday,16,21745,45,7,82,1,0,0,215,0.1325,0,0,5882
dance,Monday,15,88488,30,10,283,1,1,0,6667,0.1298,2,0,80465
finance,Wednesday,16,11554,45,28,221,1,1,1,418,0.0196,1,0,2193
motivation,Friday,19,107,15,28,105,1,1,0,412,0.0264,8,0,22645
fitness,Sunday,8,13355,30,26,293,1,0,0,16772,0.0762,9,1,22364
dance,Thursday,4,1581,60,4,65,1,0,0,135,0.0583,7,0,2507
fitness,Wednesday,22,455,15,30,194,1,1,0,28645,0.1069,5,0,19462
education,Sunday,0,6877,90,14,187,0,1,0,1537,0.0768,6,0,4072
education,Sunday,5,315,15,14,46,1,0,0,1151,0.0079,0,0,5093
fitness,Monday,23,30997,15,26,24,1,0,0,1940,0.0463,6,1,12993
motivation,Tuesday,13,18316,30,25,65,1,0,0,1143,0.1357,7,0,15410
dance,Friday,16,4204,45,6,66,1,0,0,381,0.0792,7,0,3249
finance,Saturday,18,1825,45,20,196,1,0,0,2182,0.1207,5,0,9916
food,Monday,0,3528,15,17,245,1,1,0,411,0.0633,6,0,2827
comedy,Thursday,0,796,15,27,295,1,0,0,2581,0.1032,1,0,1502
education,Sunday,12,4278,30,11,99,1,0,0,111862,0.0295,3,0,38873
travel,Thursday,13,100,15,11,177,1,1,1,4106,0.1118,7,0,8835
motivation,Sunday,5,5765,30,3,114,1,0,0,751,0.1191,3,0,2870
comedy,Tuesday,5,6036,30,28,167,1,1,0,1828,0.0181,7,0,6803
finance,Tuesday,0,22499,30,10,118,0,0,0,578,0.0316,9,0,7533
fashion,Friday,13,8430,15,20,164,1,1,0,759,0.0721,3,1,19936
food,Saturday,2,28544,15,5,218,1,0,0,877,0.0974,8,0,39215
education,Friday,22,13156,30,20,196,1,1,0,2837,0.0974,0,0,5789
food,Tuesday,9,31753,7,9,236,1,0,0,6724,0.1019,5,0,13691
comedy,Tuesday,18,550490,30,26,168,1,0,0,74489,0.1086,0,0,675660
food,Thursday,18,10467,60,14,75,1,0,0,4011,0.0783,5,0,18511
fashion,Tuesday,18,6844,15,0,286,1,0,0,122,0.0884,3,0,4767
comedy,Wednesday,22,41634,15,16,32,1,0,0,84,0.0062,7,0,11935
education,Sunday,3,2115,7,30,298,1,1,1,958,0.0292,7,0,5671
dance,Monday,19,3965,60,2,229,1,0,0,8110,0.0773,8,0,13186
travel,Tuesday,18,10485,7,24,194,0,1,0,723,0.1131,6,0,5357
comedy,Friday,9,5599,90,10,293,1,0,1,746,0.1223,7,0,17138
gaming,Saturday,1,5553,30,17,296,1,1,0,6632,0.1107,2,0,8874
fashion,Sunday,3,24824,15,9,277,1,0,0,1039,0.0755,9,1,18095
comedy,Sunday,23,232,7,20,229,1,1,1,8680,0.0458,3,0,9955
comedy,Saturday,5,191037,30,8,95,0,0,0,54,0.0695,3,0,201441
gaming,Saturday,6,11785,30,6,170,1,0,0,2845,0.0063,5,0,9768
education,Sunday,15,2391,30,10,31,1,0,1,31,0.0917,6,1,1962
comedy,Wednesday,6,92087,15,7,44,1,1,0,1869,0.0158,8,0,12868
travel,Friday,17,5921,30,1,71,1,1,0,6642,0.0261,9,0,4108
food,Wednesday,19,6209,15,4,19,1,1,0,42,0.0958,5,0,8714
education,Tuesday,21,3339,30,8,238,1,0,0,11,0.0069,1,1,3587
travel,Monday,18,68999,15,0,198,1,0,0,6014,0.0882,9,1,25754
education,Saturday,8,4832,45,16,64,1,1,0,2694,0.0976,9,0,10381
travel,Friday,19,1798,15,9,187,1,0,0,121,0.1193,6,0,7214
fashion,Saturday,9,29667,30,7,88,1,0,0,1787,0.0149,9,0,19131
travel,Wednesday,12,41328,30,17,200,0,1,0,371,0.0054,8,0,27054
fitness,Thursday,17,88600,7,24,22,1,0,0,766,0.1162,7,0,28302
travel,Tuesday,15,15374,30,9,295,1,1,0,641,0.0471,3,0,4067
dance,Monday,21,38687,15,8,129,0,0,0,76,0.1336,1,0,88703
dance,Tuesday,16,3082,7,3,153,1,1,0,6648,0.0318,7,0,12824
motivation,Thursday,21,31145,60,1,77,1,1,1,131,0.0899,5,0,20958
fitness,Monday,12,18704,15,18,189,1,1,0,1319,0.0209,7,0,20427
fitness,Thursday,11,12769,30,9,299,1,0,0,4040,0.0634,8,0,23584
food,Tuesday,9,298,60,16,153,1,0,1,208,0.1329,2,0,9921
fitness,Wednesday,0,2443,15,2,112,1,1,0,632,0.0932,7,0,1865
food,Sunday,7,4526,60,20,116,1,0,0,396,0.105,9,0,12547
motivation,Tuesday,20,12795,15,18,4,1,1,0,34509,0.0378,7,1,11843
motivation,Tuesday,21,370025,30,18,34,1,0,0,6834,0.1388,4,1,144342
fashion,Tuesday,17,23078,45,25,271,1,0,0,5012,0.0954,5,0,12403
dance,Friday,1,1143,60,21,158,1,0,0,91202,0.0204,4,0,59138
travel,Thursday,15,2070,30,18,209,1,0,0,2217,0.0073,5,0,3194
travel,Thursday,11,59979,30,18,13,1,1,0,560,0.0073,0,0,3780
gaming,Saturday,8,1912,30,14,24,1,1,0,61,0.0124,9,0,12012
gaming,Thursday,2,30750,15,24,217,0,0,0,270,0.1372,9,1,27754
finance,Saturday,21,6069,45,17,253,1,1,0,1507,0.057,9,1,19495
education,Friday,20,3642,15,16,202,0,1,0,7064,0.0482,1,0,9357
fashion,Wednesday,3,1965,30,9,100,1,1,0,296,0.0654,7,0,3497
finance,Saturday,1,100,30,23,228,1,0,0,26038,0.0644,0,0,13350
finance,Tuesday,7,12985,60,28,198,1,0,0,50,0.0396,8,0,10241
comedy,Wednesday,9,739,30,13,177,1,1,0,517,0.0183,6,0,6569
comedy,Sunday,15,382,45,18,275,0,0,0,2459,0.0208,0,0,1428
finance,Friday,22,7677,15,22,129,1,1,0,1425,0.0919,4,0,25289
fitness,Thursday,10,31356,15,17,278,1,1,0,2845,0.0625,1,1,12039
education,Saturday,17,231,30,10,287,1,1,0,1418,0.1359,0,0,1350
fashion,Tuesday,21,29914,30,10,140,1,1,0,4009,0.0722,0,0,20566
finance,Monday,13,967,30,11,12,1,1,0,673,0.078,4,0,3336
travel,Sunday,7,15804,45,7,216,1,0,1,601,0.1396,3,0,11983
education,Monday,22,13934,15,15,185,0,0,0,210,0.0777,4,0,6209
comedy,Wednesday,14,3388,30,24,26,1,0,0,84747,0.0778,5,0,48096
travel,Thursday,16,5186,15,23,217,1,0,0,937,0.0577,0,0,5038
comedy,Monday,20,2408,15,7,13,1,0,0,2620,0.108,1,0,3788
comedy,Wednesday,17,7898,7,23,141,1,0,0,718,0.0619,1,0,6723
education,Friday,5,7773,45,13,54,1,0,0,26470,0.0903,4,0,7041
comedy,Wednesday,22,931,30,22,190,1,0,0,1072,0.0699,9,0,30929
motivation,Sunday,13,426,15,17,284,0,1,0,2111,0.0817,8,0,11448
dance,Wednesday,22,30183,30,23,88,1,1,0,191,0.1249,6,1,36588
motivation,Sunday,2,7095,30,20,44,1,1,0,37083,0.065,9,0,23153
dance,Wednesday,6,23522,60,21,131,1,0,0,1692,0.0384,3,0,8983
gaming,Tuesday,14,1470,30,3,65,1,0,0,39883,0.0877,4,0,29928
gaming,Wednesday,20,1114,7,16,278,0,0,1,329,0.1409,6,1,10918
comedy,Saturday,23,795,90,12,147,0,0,0,453,0.1055,9,0,8156
fashion,Wednesday,15,3549,7,4,144,0,0,0,382,0.0497,8,0,3740
fashion,Tuesday,15,7468,45,2,5,1,0,0,621,0.1446,9,0,5456
dance,Tuesday,7,1846,30,8,81,0,0,0,4192,0.0547,6,0,6701
travel,Friday,6,82181,15,19,122,1,1,0,18,0.1476,1,0,63468
education,Sunday,5,1547,45,25,166,1,1,0,995,0.0328,3,0,5686
comedy,Thursday,1,7691,15,17,236,1,0,0,230,0.1499,9,0,6269
education,Monday,21,1002,60,19,104,1,0,0,185,0.016,3,0,6225
motivation,Monday,12,1463,15,18,289,1,0,0,2797,0.1084,8,0,7292
fashion,Wednesday,11,4207,30,18,237,1,0,0,1998,0.1124,7,0,12271
fitness,Friday,14,1098,30,20,81,1,1,0,6161,0.1035,5,0,16115
motivation,Wednesday,8,5773,7,15,93,1,1,0,2379,0.1178,7,0,4040
motivation,Monday,1,10855,30,0,284,1,0,0,1571,0.0734,6,0,2459
dance,Sunday,16,35174,60,4,296,0,0,0,358,0.0128,7,1,5898
food,Sunday,4,703,45,23,65,1,0,0,171,0.0569,6,0,3571
motivation,Sunday,10,6648,30,30,111,1,0,0,3634,0.0981,1,1,11493
comedy,Tuesday,21,4396,45,14,170,0,1,0,657,0.0987,5,0,3467
finance,Thursday,18,176,90,25,246,1,1,0,2436,0.0333,3,0,16303
finance,Friday,23,644,15,11,65,1,0,0,1086,0.0417,3,0,4250
comedy,Tuesday,6,11555,30,24,67,1,0,0,18,0.0756,9,1,15083
food,Thursday,1,430,15,27,33,1,1,1,2884,0.1106,5,0,6427
food,Friday,15,4306,60,0,0,0,0,0,313,0.1287,7,0,3906
dance,Friday,11,107,45,13,150,1,1,0,6175,0.0175,4,0,8743
fashion,Monday,22,4083,60,17,271,1,0,0,26,0.1392,2,0,15353
education,Tuesday,14,121,90,17,257,1,0,1,48928,0.1395,0,1,19103
food,Friday,0,1655,15,5,237,1,1,0,332,0.0062,4,0,3201
fitness,Saturday,12,2235,7,0,115,1,0,0,2814,0.0784,2,0,2305
dance,Sunday,22,6133,15,26,75,0,0,0,263,0.0901,2,1,16885
gaming,Friday,5,3119,30,16,282,1,0,0,346,0.0853,3,0,4997
travel,Thursday,12,531,30,17,18,1,0,1,4318,0.0943,8,0,10550
gaming,Monday,17,549,45,14,283,1,1,0,732,0.078,3,0,2221
dance,Wednesday,2,268,15,11,34,1,0,0,841,0.0476,4,0,4160
motivation,Sunday,0,7127,30,12,240,1,1,0,5996,0.0189,9,0,7362
education,Monday,14,6582,45,19,6,1,0,0,1600,0.0352,4,0,12000
travel,Wednesday,12,16398,15,1,36,1,0,0,2687,0.1123,0,0,10004
gaming,Tuesday,4,1997,15,3,152,1,1,1,314,0.04,6,0,3001
travel,Tuesday,12,216,30,2,244,1,1,1,4159,0.1253,1,0,2176
fitness,Friday,21,2782,30,18,249,0,0,1,1370,0.0635,5,0,12300
fitness,Saturday,4,5013,90,30,114,1,0,0,2593,0.0651,3,0,11875
fitness,Tuesday,18,603,30,24,40,1,0,0,2270,0.1309,4,0,7097
dance,Friday,20,716,45,7,61,1,1,0,10499,0.0361,4,1,13685
education,Sunday,23,11066,30,11,168,0,0,0,3009,0.0325,3,0,2861
dance,Monday,17,5890,7,11,141,1,0,0,107,0.1479,1,0,4463
finance,Tuesday,20,37766,7,9,257,1,0,0,333,0.0834,7,0,12045
motivation,Monday,21,109073,15,24,87,0,0,1,1724,0.0326,0,0,41095
motivation,Monday,9,328,15,0,47,1,1,0,2432,0.029,8,0,1962
fitness,Saturday,23,2312,15,27,11,0,0,0,77,0.1299,5,0,5818
finance,Tuesday,7,6139,30,4,210,1,0,0,150,0.092,3,0,2214
food,Monday,14,9456,30,27,243,1,0,0,9770,0.0217,5,0,19429
food,Saturday,20,30594,30,27,238,0,0,0,55916,0.1336,8,0,86249
fitness,Saturday,19,18242,15,19,196,1,0,0,40,0.0694,8,0,21953
gaming,Tuesday,22,38145,30,10,256,1,0,0,1837,0.1485,2,0,48234
dance,Saturday,21,5488,30,29,234,1,0,0,1206,0.0459,7,0,46931
fitness,Tuesday,3,1585,60,8,186,1,1,0,8290,0.0817,0,0,4962
fashion,Tuesday,1,164377,60,13,200,1,1,1,2959,0.0301,8,0,25472
travel,Wednesday,23,6476,45,2,102,0,0,0,5757,0.0688,6,0,7640
motivation,Monday,5,3180,45,4,289,1,0,0,11,0.0306,9,0,1216
food,Thursday,2,713,15,23,220,1,0,0,1081,0.0495,6,0,3612
comedy,Tuesday,6,6548,7,25,186,1,0,0,179,0.0441,5,0,16348
food,Monday,9,29973,60,30,98,1,1,0,188,0.046,0,0,14864
motivation,Sunday,22,1996,30,20,244,1,1,0,94,0.1456,1,0,5960
travel,Saturday,5,3865,30,8,21,0,1,0,1731,0.0106,2,0,3913
motivation,Friday,15,7696,60,17,67,0,0,0,2136,0.077,0,0,5836
comedy,Tuesday,1,11497,30,5,64,1,1,0,3873,0.0962,4,0,5962
fitness,Saturday,23,3078,15,20,291,1,0,1,489,0.1008,4,0,9981
finance,Saturday,16,2419,15,24,216,0,1,0,17470,0.1144,5,0,19209
comedy,Saturday,12,1959,7,6,28,1,0,0,170,0.1153,6,0,12911
motivation,Saturday,0,670,45,15,192,1,0,0,62,0.1435,9,0,7402
motivation,Saturday,5,1228,30,7,55,1,0,0,1698,0.1146,8,0,3142
fashion,Tuesday,4,1170,90,22,211,1,0,0,278,0.1244,6,0,2796
fashion,Sunday,12,306,45,28,237,1,1,0,3176,0.0822,5,0,3280
education,Thursday,22,29357,15,9,199,1,1,0,294,0.1004,8,0,40880
fashion,Wednesday,17,9388,15,25,177,1,1,0,344,0.0743,1,0,7556
dance,Saturday,11,6348,30,4,152,1,1,1,292,0.0451,5,0,5385
finance,Saturday,6,51440,90,10,43,1,0,0,253,0.0504,4,0,8317
travel,Wednesday,14,17892,15,28,167,1,0,0,1092,0.0573,5,0,6127
comedy,Sunday,2,1186,60,29,286,1,0,0,1769,0.0544,9,0,3621
motivation,Sunday,15,40623,15,20,196,1,1,0,252,0.0823,0,0,38339
education,Tuesday,0,28284,15,12,73,1,0,0,105,0.0409,4,0,7502
education,Monday,15,657,60,26,170,1,0,0,2973,0.0799,7,0,2190
travel,Friday,23,24959,7,19,182,1,0,0,2382,0.1379,2,0,35883
finance,Friday,11,2119,45,1,15,0,1,0,4579,0.0639,2,0,1715
comedy,Monday,18,29580,7,13,67,1,1,1,136,0.0373,6,0,29199
food,Tuesday,7,2674,60,8,41,1,0,1,209,0.0553,6,0,6317
fashion,Friday,22,1881,60,9,109,1,1,0,5690,0.1321,1,0,11763
fitness,Sunday,11,2265,60,9,40,1,0,0,6582,0.1415,7,1,6419
education,Wednesday,14,854,15,27,5,1,0,0,483,0.1336,4,0,5121
fashion,Monday,1,342,15,9,180,1,1,0,163,0.0467,8,0,2437
fashion,Sunday,16,100,30,25,272,1,0,0,269,0.0612,0,0,4589
dance,Thursday,6,736,15,18,184,1,0,1,159,0.1464,3,0,8629
finance,Tuesday,12,559680,30,10,143,0,1,0,5409,0.052,7,0,141164
fitness,Monday,0,11624,30,10,99,1,1,0,4563,0.025,8,0,11629
food,Friday,5,140871,15,2,89,1,1,0,1290,0.0459,8,0,35140
motivation,Tuesday,12,2771,45,18,245,1,0,0,282,0.1448,9,0,8637
dance,Wednesday,10,2115,60,23,238,1,0,0,188,0.0653,0,0,4007
fashion,Tuesday,9,107987,90,21,211,1,0,0,320,0.1404,0,0,48537
fashion,Tuesday,15,9666,30,0,80,1,1,0,185,0.0201,6,0,3043
gaming,Wednesday,23,880,15,11,114,0,0,0,1725,0.1161,5,0,2335
fitness,Saturday,22,15355,15,28,275,1,0,0,5037,0.0185,6,0,27902
fitness,Wednesday,19,46704,15,14,79,1,0,0,5365,0.0336,7,0,21829
gaming,Sunday,16,376,15,13,55,1,1,0,187,0.0943,5,0,8065
fitness,Tuesday,16,11343,90,2,178,1,0,0,331,0.068,9,0,3281
fashion,Wednesday,3,423,7,19,48,1,0,0,362,0.1017,9,0,1517
education,Saturday,4,42368,15,12,259,1,0,0,8418,0.1461,9,0,31436
comedy,Sunday,22,7444,7,17,273,1,0,0,76,0.0126,6,0,26392
fashion,Monday,13,15266,15,15,291,1,0,0,1090,0.0328,6,0,10846
dance,Wednesday,19,3322,7,5,290,1,0,0,190,0.0978,6,0,3982
finance,Wednesday,9,198,30,9,29,1,1,0,747,0.135,1,0,1489
gaming,Tuesday,13,2220,30,27,251,1,0,1,4392,0.1207,2,1,25253
food,Sunday,0,26205,15,16,62,1,0,0,574,0.0725,9,0,9973
motivation,Monday,10,177820,15,16,81,0,0,0,243,0.1131,8,0,29587
food,Thursday,22,8169,30,7,168,1,1,1,4891,0.0352,0,0,19132
fashion,Thursday,17,1428,30,3,157,1,0,0,1422,0.007,7,0,2645
dance,Friday,15,12890,7,30,55,1,1,0,2877,0.0877,6,0,5840
fashion,Wednesday,17,22288,90,14,141,1,1,0,1861,0.1229,5,0,44300
finance,Wednesday,7,6241,30,0,148,1,0,0,96,0.0678,0,0,2576
education,Monday,9,5586,30,6,225,1,0,0,14917,0.0875,8,0,4776
motivation,Saturday,9,7219,60,24,24,1,1,0,736,0.0662,1,1,24965
finance,Thursday,4,5315,30,9,177,1,1,0,5912,0.0795,9,0,3396
gaming,Friday,9,8400,60,6,94,0,1,1,544,0.1332,4,0,8445
gaming,Monday,17,131875,60,0,52,1,1,0,3399,0.0743,8,1,31238
fashion,Wednesday,20,126,15,16,69,1,0,0,8280,0.0061,7,0,32660
dance,Thursday,23,3199,60,11,175,1,1,0,6405,0.121,9,0,27643
finance,Sunday,5,917,15,16,131,1,0,0,1353,0.0946,3,0,2440
travel,Friday,2,41169,15,14,212,1,0,1,556,0.1109,7,1,53011
dance,Tuesday,7,3813,60,23,210,1,1,0,65,0.1357,8,1,4043
education,Thursday,8,13459,60,15,63,1,0,0,92,0.0465,4,0,13361
gaming,Friday,4,64161,45,22,34,1,0,0,10227,0.0779,0,0,63250
fashion,Monday,1,702,15,13,11,1,0,0,211,0.0924,5,0,6334
fitness,Tuesday,1,1901,30,2,247,1,0,0,5477,0.0551,3,0,3107
gaming,Friday,6,53281,30,18,111,0,1,0,6827,0.1277,5,0,93824
motivation,Friday,16,653,15,11,90,1,0,1,2726,0.1061,0,0,2203
comedy,Wednesday,9,2020,90,18,293,1,1,0,2398,0.1113,3,0,10868
fitness,Saturday,11,275,15,17,28,1,0,0,106,0.1222,4,0,4251
fashion,Thursday,1,57185,15,29,11,1,0,0,73,0.0424,5,0,14312
travel,Wednesday,9,1726,15,13,146,1,0,0,293,0.1131,4,0,8879
fitness,Sunday,19,9247,30,19,136,1,0,1,29900,0.1172,1,0,40465
motivation,Tuesday,0,16593,45,22,156,1,0,1,17146,0.1271,2,0,30516
dance,Saturday,3,1157,15,8,258,1,1,0,1181,0.0758,4,0,5278
travel,Friday,12,159,45,2,86,1,0,0,14599,0.0781,6,0,34509
gaming,Wednesday,11,3310,15,25,157,1,0,0,169,0.0192,3,0,7910
travel,Saturday,10,3214,30,22,185,0,0,0,523,0.1286,5,0,5814
finance,Sunday,9,4407,45,11,228,1,0,0,26225,0.0824,8,0,20632
motivation,Thursday,14,4451,15,30,3,1,0,0,73449,0.0912,9,0,28125
fitness,Sunday,4,2002,30,19,56,1,1,0,5131,0.0226,6,0,7761
finance,Tuesday,16,1867,45,16,27,1,0,0,45,0.0923,2,0,1567
travel,Monday,4,8398,30,4,15,1,0,0,16302,0.0111,4,0,12116
finance,Wednesday,1,1115,30,7,12,1,0,0,641,0.1389,8,0,2084
food,Tuesday,8,4139,60,18,199,1,0,0,4652,0.1302,4,0,12036
motivation,Monday,5,1784,90,25,183,1,0,1,1337,0.0332,2,0,1253
education,Wednesday,17,8367,15,3,280,1,1,0,8209,0.0911,7,0,5236
dance,Tuesday,13,36150,45,14,157,1,1,0,1204,0.0924,6,0,26416
travel,Sunday,18,38905,7,18,258,1,0,0,257264,0.1215,4,0,324615
motivation,Tuesday,13,50047,7,14,156,1,1,0,7557,0.1148,4,0,44471
education,Saturday,7,2693,15,25,93,1,0,0,88,0.149,0,0,12126
education,Sunday,16,3133,90,13,266,0,1,0,38,0.0559,7,0,5538
fashion,Wednesday,2,500,30,29,20,1,1,0,39,0.0231,5,0,8565
finance,Tuesday,9,2652,15,15,126,1,0,0,3604,0.0882,4,1,6936
education,Friday,16,2829,15,23,111,1,0,1,7515,0.1158,6,0,3799
food,Wednesday,10,1618,90,9,233,1,0,1,5,0.0464,1,0,2590
motivation,Tuesday,7,1604,30,23,33,1,0,0,12607,0.0392,2,0,10123
comedy,Saturday,0,231,15,13,79,1,0,0,2210,0.1214,8,0,1365
comedy,Monday,12,439,60,19,82,1,1,0,27848,0.1143,4,1,12401
travel,Monday,20,5325,30,10,28,1,0,0,158,0.0345,5,0,14913
gaming,Friday,3,5697,15,1,130,1,0,0,1961,0.131,7,0,5131
finance,Wednesday,6,11725,30,27,10,1,1,0,1931,0.0245,2,0,8049
gaming,Saturday,13,3084,90,18,61,1,1,1,233,0.0208,0,0,3337
education,Tuesday,4,5018,60,2,32,1,0,0,86,0.0559,3,0,914
motivation,Tuesday,23,46672,7,3,135,1,1,0,7063,0.1335,1,0,27049
travel,Monday,10,4468,15,10,87,1,1,0,1734,0.1058,8,0,3554
fitness,Saturday,16,1575,15,12,16,1,0,0,2411,0.0622,3,0,2814
education,Sunday,4,576,30,17,90,1,0,0,16738,0.0278,8,0,17164
finance,Friday,19,20649,45,17,298,1,1,0,1012,0.1085,6,1,16722
comedy,Monday,2,229,15,18,252,1,1,0,2058,0.0919,6,0,2398
fashion,Monday,4,1086,45,11,72,1,0,1,2219,0.1482,0,0,3121
motivation,Friday,14,10440,45,0,205,1,0,1,2340,0.116,1,0,5971
dance,Wednesday,18,158,45,23,260,1,1,0,65,0.0198,6,0,6593
gaming,Tuesday,15,1626,90,5,177,1,1,0,1053,0.1106,4,0,3449
travel,Wednesday,7,6201,30,2,219,1,1,0,11123,0.0423,6,1,7399
gaming,Saturday,12,2465,15,16,172,1,1,1,848,0.1445,2,0,4356
motivation,Sunday,15,838,45,2,164,1,1,0,426,0.0078,7,0,3075
gaming,Thursday,2,1688,60,0,219,1,1,0,7608,0.0396,3,0,7322
motivation,Thursday,0,21387,15,2,291,1,1,0,1127,0.0774,7,0,8152
gaming,Thursday,8,132784,60,3,160,1,1,1,311,0.0165,5,0,99545
food,Friday,8,6317,7,5,247,1,0,0,195,0.0549,8,0,5772
fitness,Monday,21,137,7,6,70,1,1,0,984,0.0771,5,0,1351
education,Sunday,16,13664,15,22,91,1,0,0,292,0.0698,3,0,9697
education,Wednesday,23,2407,90,24,244,1,0,1,6653,0.0718,2,0,5209
finance,Tuesday,1,684,30,7,23,0,0,0,239,0.1325,3,0,1257
dance,Thursday,8,1163,7,12,44,1,0,0,1913,0.0783,6,0,7733
dance,Wednesday,23,1256,90,3,188,1,0,0,2539,0.1415,7,0,4391
finance,Thursday,18,387,45,5,285,0,1,0,3888,0.0264,1,1,3559
fashion,Sunday,12,4387,60,10,82,1,1,1,25321,0.0456,8,0,26802
education,Thursday,4,132014,15,0,221,1,1,1,73,0.1002,6,0,100179
fashion,Tuesday,8,679,15,7,218,1,1,0,3698,0.0461,6,0,7100
motivation,Saturday,12,124894,30,21,217,1,0,0,3812,0.0554,9,0,101484
motivation,Saturday,0,7148,45,1,189,1,0,0,124,0.1356,3,0,9894
comedy,Sunday,14,4157,30,7,66,1,0,1,1846,0.0831,6,1,3986
gaming,Saturday,3,2753,30,19,30,0,0,0,473,0.0535,1,0,9102
dance,Friday,3,1151,45,8,249,1,1,0,18104,0.1176,9,0,21020
comedy,Monday,19,8310,15,3,53,1,0,0,351,0.0152,2,0,4568
fitness,Friday,9,12576,45,16,9,1,0,0,713,0.0867,1,0,22796
finance,Wednesday,5,100,30,6,165,1,0,0,512,0.0195,4,0,1287
finance,Friday,23,478049,7,9,284,1,0,0,205,0.0306,0,0,91116
motivation,Wednesday,11,188,15,4,152,0,0,0,49,0.0141,1,0,173
education,Wednesday,19,1919,45,9,31,1,1,1,207,0.1357,5,0,2720
fashion,Monday,15,100,60,26,16,1,0,0,1462,0.012,5,0,6078
dance,Tuesday,2,3034,15,11,145,1,0,0,1929,0.0799,7,0,4875
comedy,Sunday,13,2141,15,20,74,1,0,0,5567,0.0376,8,0,13143
fashion,Monday,0,1956,7,19,123,1,1,0,8952,0.0606,8,0,4693
comedy,Sunday,9,8499,90,5,51,1,0,0,2443,0.0766,6,1,15781
gaming,Saturday,14,3168,45,0,189,0,0,0,5395,0.0703,9,0,7378
fitness,Saturday,6,12953,90,2,140,1,0,0,3127,0.1135,0,0,14510
fitness,Friday,3,529,60,26,87,1,1,1,121,0.1372,3,0,4525
fashion,Wednesday,13,5649,15,27,83,1,1,0,2351,0.0485,6,0,6921
fashion,Thursday,23,1576,15,6,242,1,0,0,1122,0.0086,1,0,1640
fashion,Thursday,15,2523,30,10,105,1,1,0,354,0.1346,8,0,9413
comedy,Sunday,13,7995,7,23,91,0,0,0,1123,0.1469,0,0,9855
gaming,Wednesday,2,1982,15,11,20,1,0,1,2240,0.0678,8,0,4503
food,Sunday,16,4067,15,8,5,1,0,0,732,0.0711,6,0,3528
fashion,Monday,20,615,45,0,220,0,0,0,7971,0.0259,9,0,5335
education,Tuesday,13,35310,30,3,86,1,1,0,2169,0.074,5,0,30378
dance,Monday,17,18236,15,1,179,0,1,0,6300,0.049,6,0,4544
dance,Wednesday,2,5883,30,1,245,0,0,0,13534,0.1492,1,0,7965
comedy,Wednesday,21,3175,15,16,173,1,0,0,496,0.0318,9,0,6707
fashion,Tuesday,18,4072,45,20,112,0,0,0,450,0.0599,1,0,9180
motivation,Sunday,2,33970,45,1,70,1,0,1,11087,0.0944,2,0,17689
finance,Friday,11,16053,15,3,157,1,1,0,235,0.055,5,0,11112
food,Friday,21,35014,30,24,298,1,1,0,900,0.0738,0,0,52982
education,Tuesday,4,2656,30,10,236,0,1,0,413,0.1462,3,0,2562
gaming,Friday,9,11732,7,18,186,1,0,0,151,0.0787,7,0,22383
motivation,Thursday,8,41756,15,30,242,1,1,0,2968,0.137,7,0,62203
fitness,Friday,0,927,90,23,165,1,0,1,642,0.0112,4,0,3964
motivation,Friday,12,828,7,25,33,1,1,0,171,0.0224,6,0,10482
comedy,Friday,2,8065,30,12,254,1,0,0,6977,0.142,4,0,14563
food,Thursday,18,532,60,21,219,1,0,0,77,0.0237,3,0,9785
travel,Sunday,10,187,15,25,31,1,0,0,816,0.1118,5,0,3743
travel,Friday,15,40715,15,20,256,1,0,1,6507,0.0697,7,0,13474
fashion,Saturday,5,55715,60,17,232,1,1,0,6836,0.064,9,1,22029
fashion,Thursday,23,587,15,26,214,1,1,0,2578,0.1006,0,0,852
comedy,Tuesday,2,373,45,28,241,0,1,0,188,0.1105,2,0,2845
gaming,Monday,18,1516,45,18,244,1,0,0,1511,0.1401,3,0,27946
fashion,Tuesday,5,46866,45,23,19,1,0,0,2233,0.0422,4,0,18897
finance,Monday,7,2346,90,14,209,1,1,0,453,0.1062,0,0,5341
food,Tuesday,21,5828,60,27,209,1,1,0,2328,0.0546,8,0,21076
comedy,Saturday,12,8820,45,11,71,1,0,0,57,0.1091,7,0,13444
dance,Monday,11,6720,60,24,161,1,1,0,32,0.0256,1,0,4735
fitness,Monday,9,72354,60,10,177,1,1,0,303,0.0713,4,0,35522
comedy,Wednesday,2,1345,90,26,10,1,1,1,4386,0.0316,8,1,5865
comedy,Monday,3,4088,45,22,298,1,0,0,6126,0.0538,2,0,4774
travel,Monday,0,7467,15,0,265,1,1,0,84,0.1088,4,0,3228
education,Wednesday,12,4499,45,15,7,1,0,0,20655,0.0388,8,0,13970
gaming,Friday,23,547,7,27,274,1,1,0,1312,0.1043,5,0,12475
education,Friday,3,347,15,27,192,1,0,1,49,0.0769,4,0,6669
finance,Wednesday,21,334,15,12,258,1,1,0,2012,0.0183,7,0,2533
dance,Thursday,10,18165,90,28,52,1,1,0,13967,0.0611,4,0,17551
travel,Monday,18,1122,15,5,299,0,0,0,415,0.131,8,0,2040
dance,Monday,10,11437,45,22,95,1,1,0,7740,0.1484,2,0,3564
finance,Wednesday,11,5745,30,27,91,1,0,0,19628,0.0585,0,0,8317
education,Wednesday,10,850,15,5,143,0,0,0,1189,0.013,3,0,1356
comedy,Thursday,5,889,30,9,17,1,0,0,247,0.0239,6,0,3805
fashion,Saturday,11,6255,45,26,125,0,0,0,11392,0.1193,2,0,16592
fashion,Friday,8,5652,60,28,153,1,1,0,11311,0.1001,9,0,21123
motivation,Tuesday,9,11916,7,1,5,0,0,0,88,0.0463,7,1,2420
fitness,Saturday,2,2157,15,28,87,1,1,0,894,0.0617,1,0,5024
gaming,Sunday,2,1070,45,24,268,1,0,1,4636,0.1226,8,0,17176
finance,Friday,19,5989,7,2,64,1,1,0,5178,0.0649,2,0,9125
fitness,Monday,22,63313,15,5,165,0,0,0,614,0.1146,5,0,17940
gaming,Sunday,15,167,15,15,63,1,0,1,161,0.0478,6,0,4863
fitness,Saturday,2,1166,45,5,269,1,1,0,25370,0.1101,4,0,27841
education,Wednesday,9,14225,15,23,144,1,0,0,1311,0.0726,9,0,15474
gaming,Thursday,23,7256,30,12,268,1,1,0,767,0.0841,4,0,13051
education,Friday,10,14603,90,3,5,0,0,0,338,0.0918,0,1,2489
comedy,Thursday,7,2267,45,14,120,0,0,0,732,0.0703,3,0,7536
travel,Sunday,5,270,15,5,131,1,1,0,47,0.0726,0,0,778
education,Friday,19,99577,30,0,289,1,1,0,8086,0.0435,8,0,83473
fashion,Saturday,10,34575,15,8,188,1,0,0,637,0.1479,8,0,16423
fitness,Monday,20,4705,7,11,208,1,1,0,16,0.1363,4,0,5096
motivation,Tuesday,11,1080,15,24,41,1,0,0,152,0.0815,4,0,3255
food,Thursday,15,2032,30,22,77,1,0,0,7443,0.01,4,0,4156
gaming,Thursday,17,7423,30,10,144,1,0,0,825,0.0294,6,0,5608
finance,Tuesday,12,3124,90,12,285,1,1,0,226,0.1288,5,0,1992
motivation,Thursday,21,4788,90,0,170,1,0,0,1429,0.14,1,0,11016
fashion,Thursday,2,89165,7,18,92,1,0,0,603,0.0284,9,0,4742
education,Friday,14,25915,30,27,262,1,1,0,1367,0.1115,2,0,37135
travel,Friday,21,597,7,20,22,1,0,0,2077,0.0953,4,0,6830
comedy,Tuesday,20,5644,30,3,291,1,0,1,214,0.049,6,1,3131
food,Sunday,13,1926,15,4,141,1,0,0,346,0.0682,1,0,2472
dance,Monday,17,8402,90,22,147,0,0,0,252,0.1032,3,0,11015
motivation,Saturday,13,4385,60,24,115,1,0,0,267,0.0197,0,1,13163
travel,Saturday,4,1026697,7,16,80,1,0,0,312,0.0324,6,0,349090
dance,Sunday,20,10643,45,4,24,1,0,0,613,0.0098,1,0,4194
food,Thursday,13,3860,30,18,114,1,0,0,325,0.1358,7,1,9720
finance,Monday,7,135592,30,2,93,1,1,0,1509,0.0882,9,0,24460
finance,Tuesday,22,7115,30,10,184,0,1,0,585,0.0809,0,0,5566
fitness,Sunday,14,319,45,1,282,1,1,0,266,0.1074,1,0,1887
food,Tuesday,14,3928,60,21,154,1,0,0,23,0.1483,7,0,6963
food,Friday,18,14833,45,13,173,1,0,1,180,0.03,4,0,5537
dance,Thursday,19,11756,30,5,172,1,1,1,528,0.0243,4,0,9677
travel,Wednesday,5,30010,60,18,153,1,1,0,7444,0.0477,6,1,36396
gaming,Tuesday,18,6481,90,0,13,1,0,0,953,0.1361,3,0,9978
dance,Sunday,7,5707,15,6,127,1,0,0,53,0.0647,8,0,6801
comedy,Thursday,5,393,15,1,91,0,1,0,1334,0.1201,2,0,749
finance,Monday,19,76969,45,23,270,1,0,0,443,0.0344,7,0,24745
finance,Sunday,22,2835,90,18,221,1,0,0,3435,0.0766,2,0,4288
fitness,Friday,14,842,15,0,107,1,0,0,58,0.0235,7,0,1261
comedy,Saturday,2,556951,30,25,27,1,1,0,12361,0.0649,0,0,219198
finance,Monday,9,101129,7,8,196,1,1,0,2681,0.043,9,0,26985
dance,Tuesday,14,2195,45,20,199,1,1,1,722,0.0847,9,0,24719
comedy,Tuesday,23,166,90,16,153,1,1,0,50,0.1182,6,1,5176
dance,Monday,15,1348,30,9,69,1,0,0,59,0.1411,0,0,1777
gaming,Tuesday,16,84325,30,26,159,1,1,0,4318,0.0462,1,0,31062
gaming,Sunday,18,6755,60,5,102,1,0,0,5466,0.1128,0,1,4707
finance,Thursday,10,433,15,25,235,1,0,0,8805,0.1334,9,0,3931
finance,Tuesday,15,20154,60,2,188,0,1,0,30777,0.0231,2,0,7445
travel,Friday,4,3368,30,26,108,0,0,0,4906,0.09,8,0,4795
gaming,Thursday,4,1528,30,30,254,1,0,1,2477,0.0937,0,1,10549
motivation,Sunday,13,1752,30,19,192,1,1,0,130211,0.0445,2,0,99150
motivation,Wednesday,17,51611,30,23,70,1,1,0,368,0.0083,1,0,6543
fitness,Tuesday,7,13146,90,14,268,1,0,0,896,0.0422,4,0,5188
gaming,Tuesday,4,338,90,20,208,0,0,1,50,0.0898,6,0,2372
dance,Friday,6,9517,60,27,175,1,0,0,3823,0.0335,5,0,16888
dance,Sunday,15,5965,15,21,238,1,1,0,730,0.0467,9,0,10197
fashion,Friday,22,2305,15,25,97,1,0,0,317,0.1076,4,0,14162
comedy,Saturday,13,2535,30,19,88,1,1,0,330,0.0628,2,1,6009
education,Sunday,4,1035,60,5,251,1,0,0,223,0.0145,6,0,2211
motivation,Monday,23,1491,30,2,98,1,0,0,782,0.0629,8,0,1902
finance,Monday,8,8279,90,9,153,1,0,0,61,0.15,1,0,11703
fitness,Monday,3,2982,90,11,294,1,0,0,73,0.0429,5,0,5370
education,Friday,3,13124,30,0,282,1,1,0,119,0.0435,4,0,2303
food,Monday,15,1196,60,21,295,1,1,0,317,0.0296,8,0,1716
fitness,Sunday,23,17561,90,29,30,1,0,0,433,0.0444,7,0,9802
food,Monday,16,52365,60,28,130,1,0,1,18,0.0883,8,0,13812
gaming,Wednesday,14,4855,45,15,215,1,1,0,391,0.1449,6,1,6463
food,Monday,3,12545,60,16,14,1,0,0,203,0.0931,4,0,4321
food,Tuesday,5,13458,7,9,266,1,1,0,5247,0.0644,3,0,9682
travel,Saturday,15,1990,30,11,285,1,0,0,181,0.0615,7,0,2189
travel,Friday,3,13548,15,18,290,1,0,0,8167,0.0085,1,0,19646
travel,Thursday,5,100,15,27,42,1,0,1,35730,0.0054,0,0,10236
gaming,Saturday,4,100,60,7,167,1,0,0,11312,0.1206,2,0,11788
education,Wednesday,15,2716,30,22,254,1,0,0,153,0.0761,6,0,2667
fitness,Friday,15,15371,15,7,169,0,1,0,3099,0.0098,0,0,2897
fitness,Sunday,9,4217,30,9,258,1,0,0,159,0.0465,4,0,5609
finance,Friday,8,18818,90,9,77,0,0,1,210,0.0567,4,0,6113
travel,Tuesday,3,565,60,17,84,0,0,1,240,0.1186,2,0,2976
gaming,Sunday,13,24079,7,9,148,1,1,0,1439,0.068,0,0,19172
finance,Saturday,3,92213,90,6,200,1,1,0,190,0.1194,4,0,32829
comedy,Saturday,11,1403,30,29,76,1,1,1,1184,0.0969,7,0,10087
finance,Monday,23,19688,45,3,249,1,0,0,13697,0.0098,8,0,9579
education,Sunday,9,5120,45,0,52,1,1,1,121,0.1455,5,0,6026
motivation,Tuesday,3,10886,60,10,299,1,1,0,43,0.0313,0,0,2795
food,Monday,17,91882,60,18,292,1,0,0,304,0.045,4,0,21187
travel,Monday,12,8858,15,4,293,1,0,0,19071,0.1223,1,0,15445
motivation,Friday,12,19457,30,29,108,0,1,0,4346,0.0325,0,0,13763
finance,Saturday,13,505,30,25,87,1,0,0,198,0.0632,2,0,11321
gaming,Monday,17,18408,30,7,165,0,0,0,135,0.1304,9,1,7872
food,Wednesday,0,89144,30,1,266,1,0,0,2095,0.0974,4,0,56833
fitness,Wednesday,20,932,30,1,92,1,0,1,1333,0.0488,8,0,3259
dance,Saturday,15,2747,30,23,172,1,0,0,3810,0.0984,6,0,16045
food,Wednesday,14,16899,15,13,63,1,1,0,108,0.1228,5,0,13914
education,Friday,21,11003,30,8,125,1,1,0,927,0.0636,8,0,14822
education,Tuesday,4,425,45,9,229,1,0,0,6581,0.0879,5,0,1318
finance,Thursday,5,6613,30,12,104,0,0,0,10480,0.1482,3,0,19771
comedy,Monday,5,2700,90,28,208,0,1,0,92,0.1449,6,0,7585
education,Thursday,2,859,7,0,61,1,1,0,924,0.0788,1,0,931
education,Tuesday,15,56506,30,13,239,0,0,0,618,0.0189,1,0,3251
gaming,Tuesday,11,4963,30,1,60,1,1,0,205,0.1066,5,0,3837
finance,Friday,3,28839,7,30,11,0,1,0,251,0.044,4,0,10321
food,Wednesday,0,594,15,3,136,1,0,0,3408,0.1021,5,0,1478
comedy,Wednesday,3,14187,60,27,194,0,0,0,237,0.056,1,0,14055
motivation,Tuesday,0,33224,30,18,73,1,0,0,857,0.1092,1,0,12377
dance,Friday,20,3178,30,0,135,1,1,0,2902,0.0583,0,0,6016
travel,Friday,7,2008,30,3,42,1,0,0,36493,0.1415,1,0,35173
fitness,Saturday,23,469,60,10,38,1,0,1,1995,0.0248,9,1,4064
education,Sunday,4,1030,30,12,30,1,0,0,4635,0.0149,6,0,4807
finance,Monday,1,2176,60,26,141,1,1,0,1855,0.1183,1,0,3712
travel,Sunday,11,848,15,17,43,1,0,0,726,0.0632,2,0,3768
fitness,Wednesday,21,1233,30,9,187,1,1,0,701,0.0725,5,0,9789
fitness,Tuesday,16,6532,15,4,1,1,1,1,869,0.1404,5,1,4142
motivation,Saturday,6,8103,60,0,291,1,1,0,15,0.0905,9,0,8111
motivation,Thursday,10,35014,45,13,295,1,1,0,570,0.1007,8,0,13059
motivation,Wednesday,3,1247,30,15,23,1,0,0,2634,0.0078,1,0,2274
fashion,Monday,4,5124,7,23,103,0,1,0,251,0.1022,6,0,9108
fashion,Friday,5,2317,30,25,61,0,1,0,20042,0.0613,0,0,12929
fitness,Tuesday,10,2040,15,17,152,1,1,1,1408,0.0717,5,1,7299
motivation,Wednesday,0,2782,30,26,262,1,1,0,843,0.1222,8,0,6203
gaming,Thursday,9,3452,60,2,293,1,1,0,5835,0.081,7,0,6606
education,Monday,19,7713,45,2,242,1,0,0,3388,0.1481,5,0,3630
travel,Monday,23,2711,15,3,120,1,0,1,10568,0.1205,5,0,2314
travel,Saturday,20,44765,90,6,172,1,0,0,15602,0.1106,5,0,34447
fashion,Wednesday,10,228,60,12,102,1,0,1,20549,0.0904,7,0,18003
fitness,Thursday,23,32765,30,8,159,1,1,0,2734,0.0648,1,0,28173
finance,Monday,16,2531,30,2,256,1,0,1,137,0.0127,8,0,1633
food,Tuesday,7,3498,60,16,201,1,0,1,680,0.0077,9,0,12373
food,Monday,12,4830,30,14,44,1,1,0,29085,0.0118,7,0,13698
fashion,Thursday,19,17503,30,26,63,1,1,0,1842,0.144,1,0,20420
finance,Friday,17,1007,45,9,195,1,1,0,460,0.0519,7,0,4903
fashion,Friday,21,1506,15,14,69,1,1,0,368,0.1066,0,0,8038
food,Saturday,15,12100,60,0,180,1,0,0,127,0.0912,5,0,9460
finance,Wednesday,1,231,30,27,246,0,1,0,6895,0.0879,5,0,4569
motivation,Thursday,4,4621,30,26,157,1,0,0,444,0.089,8,0,4831
fitness,Saturday,17,1169,7,21,185,1,1,0,153,0.0488,8,0,5600
travel,Sunday,2,800,15,20,230,0,0,0,192,0.1335,4,0,4170
gaming,Monday,21,257,30,9,72,1,1,1,5,0.1383,0,0,3490
comedy,Sunday,16,19734,30,6,54,1,1,0,4501,0.0985,0,1,9394
fitness,Monday,15,6541,45,6,242,1,0,0,682,0.1303,6,0,4256
motivation,Friday,5,1465,15,2,214,1,1,0,93,0.0137,3,0,615
food,Saturday,18,3654,15,6,14,0,1,0,17576,0.0196,8,0,17715
motivation,Friday,6,687,30,8,146,1,1,0,1203,0.0861,2,0,2790
fashion,Tuesday,17,1872,30,7,143,1,0,0,12,0.1277,5,0,614
finance,Sunday,13,3439,15,2,24,0,0,0,4645,0.0507,8,1,13772
travel,Sunday,5,5514,7,25,98,1,0,0,145,0.0845,3,0,3665
education,Friday,7,9953,60,4,178,1,0,0,3607,0.0064,4,0,4035
fashion,Tuesday,14,190,7,12,173,0,0,0,3011,0.1481,4,0,10232
fitness,Monday,14,10009,60,12,262,1,1,0,1443,0.1162,4,0,6085
fashion,Saturday,14,220,30,29,289,1,0,0,89,0.0574,1,0,3864
fitness,Tuesday,15,10686,45,7,57,1,1,0,93,0.1475,1,0,6191
education,Saturday,0,3347,15,17,278,1,0,0,994,0.0184,0,0,2683
dance,Sunday,10,35053,60,29,144,1,0,0,166,0.0723,0,0,12962
travel,Saturday,4,1459,15,29,121,1,0,0,12564,0.0135,3,0,6425
gaming,Sunday,4,20040,30,6,26,1,1,0,895,0.0536,2,0,9365
gaming,Tuesday,20,601,15,26,65,0,1,0,146,0.0368,3,0,14520
comedy,Sunday,5,5946,60,9,100,1,0,0,8079,0.0509,5,1,4135
motivation,Wednesday,1,125,60,9,93,1,0,0,24,0.1424,0,1,2609
dance,Sunday,5,24089,30,22,66,1,0,0,842,0.0669,7,0,31368
gaming,Friday,13,110015,15,10,249,1,1,1,3335,0.0521,7,0,65658
fashion,Tuesday,10,1398,45,11,141,1,1,0,140,0.0979,6,0,4503
motivation,Monday,3,6128,60,29,266,1,1,1,461,0.1041,3,0,5397
dance,Saturday,23,10926,30,12,39,1,0,0,284,0.1476,7,0,5705
finance,Thursday,8,301,90,7,214,1,0,0,115,0.0842,8,0,8647
finance,Tuesday,23,1276,30,16,130,1,0,1,1277,0.1141,4,0,2989
motivation,Friday,2,1141,15,23,0,1,0,0,6015,0.0604,5,0,5152
fitness,Sunday,15,374263,15,13,8,1,0,1,60324,0.0298,9,0,52417
fitness,Saturday,10,32287,45,16,143,1,0,1,5033,0.0673,7,0,26340
fashion,Wednesday,3,3325,30,18,137,1,0,1,639,0.0657,4,0,5088
dance,Monday,0,19975,15,15,296,1,0,1,10191,0.066,3,0,17138
dance,Wednesday,20,7188,15,8,178,1,0,0,114,0.1058,7,0,14486
motivation,Thursday,21,14292,30,19,277,1,0,1,375,0.0639,2,0,8408
food,Tuesday,15,737,15,9,143,1,1,0,7370,0.1434,5,0,827
finance,Saturday,18,58225,7,28,189,1,1,0,294,0.1475,8,0,64407
dance,Tuesday,15,1234,60,8,269,0,0,0,1230,0.0809,5,0,3105
motivation,Friday,10,1354,15,0,186,1,1,0,269,0.086,8,0,2490
education,Tuesday,7,14220,15,23,153,1,1,0,712,0.0641,7,0,23342
comedy,Monday,22,9157,45,2,171,1,0,0,954,0.0566,8,1,8274
education,Thursday,0,5123,60,10,246,1,0,0,2814,0.1479,9,0,8217
travel,Wednesday,20,22276,30,6,10,1,1,0,1527,0.0109,8,0,15911
fashion,Thursday,8,607,15,17,46,0,1,0,4582,0.0645,7,1,4604
dance,Saturday,11,135921,60,12,265,0,0,0,2402,0.0269,8,1,20190
travel,Tuesday,21,1995,30,22,110,0,0,0,735,0.1103,6,0,12938
gaming,Saturday,7,4191,30,22,278,1,1,0,324,0.0332,6,0,8338
travel,Wednesday,16,139760,30,24,291,1,0,0,176,0.1333,3,0,62382
motivation,Saturday,9,1370,45,17,251,1,1,0,4,0.0593,0,0,3837
dance,Friday,6,30991,30,15,75,1,0,0,871,0.138,6,0,59710
comedy,Thursday,18,3341,90,23,174,0,1,0,111,0.1481,7,0,17404
motivation,Wednesday,5,1079,30,15,108,1,0,0,190,0.1168,8,0,3286
motivation,Wednesday,20,2463,60,20,13,1,0,0,601,0.0954,0,0,9304
fashion,Sunday,23,13620,30,9,180,1,1,0,386,0.0267,8,0,9245
fashion,Wednesday,23,30506,15,8,271,1,0,0,3278,0.1403,6,0,11237
finance,Sunday,18,7376,30,7,42,1,0,0,785,0.1176,6,1,8578
finance,Monday,17,276,7,18,101,1,1,0,28384,0.0468,2,0,11138
fitness,Sunday,14,15428,15,2,112,1,0,0,88266,0.0729,0,0,101506
food,Thursday,1,3805,45,26,192,1,0,1,594,0.0148,6,1,5185
dance,Saturday,13,675,45,27,8,1,0,0,201,0.1006,9,0,33522
dance,Sunday,20,9168,15,25,148,1,1,0,32,0.0232,7,0,12116
travel,Wednesday,9,37832,30,23,223,0,1,0,42429,0.0995,5,0,22302
dance,Thursday,15,4974,15,8,109,1,1,0,257,0.1024,6,0,2961
dance,Sunday,6,25900,60,1,83,1,0,0,372,0.0521,8,0,17158
food,Sunday,7,11297,15,18,42,1,0,0,270,0.1426,7,0,15771
gaming,Wednesday,9,11562,45,29,65,1,0,0,570,0.1179,4,0,15940
finance,Friday,14,2835,30,29,108,1,1,0,422,0.077,3,0,5260
finance,Friday,7,21453,30,7,101,0,1,0,5730,0.1382,3,0,66217
comedy,Sunday,12,25476,15,17,134,1,1,0,4,0.1291,3,0,68521
dance,Friday,11,20471,30,7,85,1,1,0,753,0.1054,1,0,9277
food,Tuesday,7,2793,60,4,83,0,0,0,4610,0.0272,9,0,5882
finance,Wednesday,14,28944,45,5,226,1,0,1,275,0.0771,9,1,13003
food,Tuesday,11,9851,45,29,259,1,1,0,3556,0.1303,6,0,13549
education,Thursday,10,853,45,9,19,1,0,0,1311,0.0933,7,0,1480
gaming,Tuesday,18,2473,15,14,34,1,0,0,260,0.0841,6,0,3280
dance,Thursday,13,1891,7,27,242,0,1,0,29,0.1435,9,0,5626
comedy,Sunday,17,137,60,3,269,1,0,0,2472,0.0074,7,1,9178
travel,Thursday,12,29915,60,2,222,0,0,0,2072,0.0067,8,0,5604
finance,Thursday,3,1305551,45,23,157,1,0,1,249,0.1345,7,0,687700
education,Saturday,16,43261,30,8,284,1,1,0,5012,0.0106,4,0,18757
food,Tuesday,18,6588,30,30,35,1,0,1,415,0.0532,3,0,8923
fashion,Saturday,8,1942,15,15,297,1,1,0,8680,0.139,4,0,24447
motivation,Sunday,22,929,45,28,28,1,0,0,2010,0.1052,0,0,4708
dance,Wednesday,6,6445,60,15,254,1,1,1,21162,0.099,4,0,20867
dance,Tuesday,0,28083,30,14,141,1,0,0,2266,0.1003,5,1,4780
education,Wednesday,6,1459,15,23,133,1,1,0,1159,0.0511,8,0,6810
food,Wednesday,6,496663,15,8,143,1,0,0,25,0.0819,8,0,138893
fitness,Thursday,19,406,7,16,296,0,1,1,1220,0.0963,9,0,24896
dance,Tuesday,6,7362,30,20,244,1,1,0,679,0.0493,2,0,10802
fitness,Wednesday,7,5577,90,11,253,1,0,0,27731,0.1203,7,0,36142
fashion,Friday,15,4973,60,22,4,1,0,0,1680,0.0517,7,0,11448
education,Wednesday,2,1765,60,7,265,1,0,0,5244,0.0154,8,0,3729
food,Friday,12,5701,30,13,238,1,1,0,18174,0.0342,0,0,29162
food,Tuesday,9,2187,30,26,249,1,0,1,15979,0.0642,4,0,14499
gaming,Sunday,17,49921,90,17,290,1,0,0,921,0.1367,4,0,39296
motivation,Saturday,6,90888,30,11,30,1,1,0,77485,0.0653,6,0,374872
finance,Tuesday,20,2442,60,26,119,1,1,0,398,0.018,7,0,8010
finance,Saturday,20,254,45,13,78,1,0,0,15693,0.0335,6,0,12742
travel,Saturday,4,8705,15,19,8,1,0,0,246,0.0839,5,0,5273
comedy,Tuesday,22,8158,30,22,43,1,0,0,6124,0.0308,3,1,13313
education,Wednesday,23,5939,30,4,221,1,0,0,159,0.0143,8,0,2422
fashion,Monday,21,12827,15,0,143,1,0,0,3779,0.1087,1,0,9985
food,Wednesday,6,59086,30,12,119,1,1,1,198,0.1187,5,0,23058
motivation,Wednesday,21,22012,60,13,52,1,0,0,137,0.1283,9,0,6495
fitness,Sunday,16,12792,45,1,64,1,0,0,158,0.1274,5,0,4538
education,Thursday,3,19092,15,15,175,1,0,1,2968,0.06,3,0,7735
travel,Thursday,23,7728,30,4,69,1,1,0,2948,0.1115,2,0,5685
education,Wednesday,22,896,30,21,120,1,0,0,2923,0.0896,2,0,8159
travel,Friday,15,66891,30,0,202,1,1,0,1707,0.0084,1,0,20596
food,Sunday,18,5911,30,11,288,1,0,0,416,0.0632,2,0,6127
comedy,Saturday,9,895,45,18,179,0,0,0,259,0.0127,3,0,5015
travel,Thursday,2,645,30,21,80,1,1,0,138,0.0171,9,0,6144
food,Wednesday,2,941,15,21,54,0,0,0,122,0.0131,3,0,3122
food,Sunday,16,534,30,22,178,0,1,0,12407,0.1443,9,0,5582
comedy,Monday,9,16382,30,9,97,1,1,0,131,0.1274,6,0,24651
finance,Friday,16,3586,15,11,109,1,0,0,169,0.0687,3,0,4824
education,Tuesday,21,19866,15,29,152,1,1,0,148,0.041,8,0,21204
dance,Wednesday,16,40338,30,29,124,1,1,1,77,0.0155,7,0,30393
dance,Sunday,20,25321,60,18,90,1,1,0,2016,0.0675,0,0,23119
fitness,Wednesday,3,15386,45,15,293,1,0,0,375,0.0921,9,1,13528
fitness,Saturday,20,8246,45,16,36,1,0,0,790,0.1206,0,0,14266
dance,Friday,22,3488,30,12,4,1,0,0,868,0.0125,5,0,29459
fashion,Thursday,5,3934,7,6,149,1,1,0,1953,0.0656,3,0,5909
dance,Thursday,11,14070,15,27,171,1,0,0,1342,0.1466,9,0,18159
fitness,Thursday,21,870,60,26,261,1,0,0,11702,0.0225,5,0,40658
motivation,Tuesday,19,4460,30,2,26,1,0,1,288,0.063,8,0,3842
fitness,Sunday,16,1290,30,4,54,1,1,0,335,0.0449,9,0,4580
fashion,Friday,16,40593,15,3,248,1,0,0,917,0.0244,4,0,27877
education,Friday,9,17866,60,27,272,1,0,0,947,0.1266,7,0,29134
dance,Thursday,6,230364,90,14,258,1,1,0,56,0.1061,1,0,239111
comedy,Thursday,15,1256,15,16,265,1,0,1,46,0.0647,7,0,4518
motivation,Saturday,12,1524,45,11,190,0,0,1,827,0.0585,7,0,3965
food,Monday,2,5450,7,22,62,1,0,0,17528,0.125,1,1,7782
fashion,Monday,1,1331,30,13,103,1,0,0,21365,0.0182,6,0,6428
fitness,Wednesday,15,12935,15,28,287,1,0,0,117,0.0263,7,0,5523
comedy,Wednesday,5,4484,15,3,258,1,0,0,463,0.1364,6,0,3791
travel,Friday,5,2039,7,16,160,1,0,0,1517,0.1235,5,0,8570
finance,Friday,12,34810,90,10,170,0,1,0,2013,0.1174,2,1,22087
dance,Tuesday,6,176,60,5,108,1,0,1,156,0.0955,2,0,2462
finance,Tuesday,4,13040,7,3,139,1,0,1,33023,0.0474,7,0,16662
fashion,Monday,23,1822,30,12,92,1,0,1,350,0.1405,3,0,4638
travel,Wednesday,6,21378,15,19,102,1,0,0,2293,0.0763,9,0,13500
travel,Monday,1,32901,15,14,225,1,1,0,567,0.0457,7,1,14566
travel,Monday,16,100,60,17,159,1,0,0,573,0.058,9,0,3490
food,Wednesday,12,3357,15,16,194,1,0,0,4981,0.0074,5,0,6696
fashion,Sunday,20,5457,30,18,144,1,1,0,7863,0.042,2,0,36295
education,Tuesday,20,100,30,9,241,1,1,0,4279,0.0323,9,0,5992
finance,Saturday,15,7405,15,4,131,1,1,0,187,0.0247,1,0,2202
education,Saturday,19,1899,30,11,92,0,1,0,74,0.0097,0,0,3760
comedy,Saturday,1,560,90,24,272,0,0,0,224275,0.0379,3,0,46874
gaming,Wednesday,4,1524,45,29,191,1,1,0,2026,0.02,7,0,5857
motivation,Thursday,17,1116,15,14,21,1,1,0,182,0.0115,3,0,3247
motivation,Thursday,6,1758,60,22,193,1,0,0,7218,0.0249,7,0,29909
education,Thursday,10,6858,90,3,169,1,1,1,179,0.0343,7,0,4334
gaming,Friday,10,28745,15,7,10,1,0,0,56209,0.0653,0,0,44995
gaming,Tuesday,21,4272,15,27,180,1,1,0,485,0.0896,5,0,13388
dance,Tuesday,16,35773,15,19,231,0,0,0,6110,0.0517,9,0,45332
comedy,Sunday,15,747,15,21,28,1,0,0,1002,0.0255,7,0,10223
fashion,Sunday,12,6471,45,27,19,1,0,0,52,0.1413,7,0,6659
gaming,Friday,21,217923,15,16,4,1,0,1,153,0.0797,0,0,335180
fitness,Monday,4,280,7,29,33,1,0,0,236,0.1126,7,0,2559
motivation,Sunday,19,261,15,5,139,1,0,0,278,0.1057,8,0,3358
fitness,Saturday,15,49214,30,15,27,0,1,0,1595,0.0463,5,0,12977
comedy,Thursday,21,7309,30,25,97,1,1,0,8,0.0862,6,0,42326
gaming,Saturday,21,1664,45,4,261,1,0,0,1617,0.0923,5,0,14788
finance,Thursday,15,643,7,13,245,1,1,0,21,0.056,4,1,4261
motivation,Saturday,15,4606,30,1,18,1,0,0,2243,0.1023,0,0,4984
dance,Monday,13,6250,15,16,11,1,1,0,221,0.1196,1,0,12741
dance,Saturday,5,6306,90,28,24,1,0,1,1435,0.0578,9,0,11283
travel,Saturday,1,632,30,5,12,1,1,0,76,0.0072,1,0,1778
food,Wednesday,13,2679,15,10,75,1,1,0,311,0.0557,8,0,4351
gaming,Saturday,15,1767,7,1,258,1,0,0,18,0.0219,5,1,1150
comedy,Wednesday,22,15734,15,24,23,1,0,0,90,0.0276,2,0,8682
motivation,Tuesday,19,702,15,24,7,0,1,0,18085,0.0581,2,0,44400
food,Friday,12,5635,30,0,227,1,1,0,19066,0.0351,9,1,14520
comedy,Saturday,14,563322,60,30,122,1,0,0,91,0.1406,9,0,931653
education,Tuesday,11,621,15,4,89,0,0,1,557,0.0997,1,0,1469
gaming,Sunday,8,1280,30,7,223,1,1,0,2742,0.0802,6,1,11560
fashion,Sunday,17,4150,45,3,223,1,1,0,1288,0.0064,0,0,1714
fashion,Wednesday,20,100,30,18,256,1,0,1,346,0.02,0,1,3797
gaming,Saturday,13,376,7,4,2,1,1,0,48,0.1193,9,0,5632
travel,Saturday,19,8597,15,4,270,1,0,0,6336,0.0615,2,0,35827
travel,Monday,3,3582,60,23,147,0,1,0,397,0.0116,0,0,6345
fashion,Tuesday,7,32809,60,15,188,1,1,0,40,0.1247,2,0,39351
finance,Thursday,7,3201,7,21,186,1,0,0,1001,0.0489,8,1,5938
motivation,Thursday,21,2732,15,30,187,1,0,0,551,0.061,6,0,11126
fashion,Monday,21,1386,45,17,123,1,1,0,396,0.1463,8,0,9905
finance,Wednesday,15,2651,30,10,36,1,0,0,1412,0.0072,6,0,2834
food,Thursday,23,555,45,16,148,1,1,0,716,0.1096,8,0,3176
finance,Thursday,9,3768,15,28,105,1,1,0,10327,0.1426,2,0,7400
food,Sunday,20,855,90,2,102,0,0,1,176,0.0143,6,0,5118
comedy,Sunday,16,555,45,17,231,1,1,0,234,0.1306,5,0,3203
fitness,Friday,0,1554,15,3,145,1,0,0,5131,0.0654,1,1,2479
comedy,Tuesday,17,11070,30,18,16,1,1,0,161242,0.1323,5,0,68956
fashion,Wednesday,9,6349,15,30,158,0,1,0,117915,0.0497,2,0,86100
food,Saturday,20,16345,30,30,281,1,1,0,4740,0.1475,1,0,60149
fashion,Tuesday,3,932,45,8,277,1,0,0,543,0.0988,4,0,1464
gaming,Wednesday,0,4799,15,30,124,0,0,0,376,0.0959,4,0,2952
motivation,Thursday,3,105158,45,4,172,1,0,0,505,0.1219,1,0,70796
dance,Friday,3,60811,15,3,162,1,0,0,33,0.0683,2,1,54271
fashion,Tuesday,3,495,45,15,202,1,0,0,4297,0.0425,7,0,3190
motivation,Thursday,16,800,30,9,154,0,1,1,15408,0.0431,4,0,4416
finance,Wednesday,8,104343,45,8,260,0,0,0,837,0.0529,7,0,36360
comedy,Tuesday,18,11078,15,15,185,1,0,1,72099,0.0945,9,0,66216
finance,Saturday,12,3486,30,19,56,1,0,0,255801,0.1266,3,0,138802
dance,Tuesday,3,2851,30,21,216,1,0,0,6439,0.0774,3,0,4863
food,Thursday,4,7401,30,29,207,1,1,1,286,0.0635,5,0,10827
gaming,Tuesday,12,7570,30,25,201,1,0,0,197,0.1201,9,0,10311
motivation,Saturday,22,1882,30,16,73,1,0,0,5157,0.047,4,0,10543
gaming,Friday,15,3663,90,30,84,1,0,0,9014,0.1049,4,0,7205
fitness,Friday,21,1767,15,28,119,1,0,1,294,0.0203,8,0,18094
fashion,Thursday,4,6659,45,17,13,1,0,0,107,0.0214,5,0,4377
food,Wednesday,7,1302,30,14,128,1,1,0,35,0.0984,2,0,4925
fitness,Thursday,15,501,30,19,281,1,1,1,136,0.017,3,0,6924
education,Friday,0,69959,30,8,48,1,0,0,475,0.0275,8,0,7588
fashion,Monday,22,4336,60,5,241,0,0,0,9710,0.0955,5,0,10363
finance,Monday,5,104265,30,5,52,1,1,0,348,0.0685,7,0,11577
comedy,Tuesday,10,151,60,10,264,1,0,0,2,0.0864,6,0,2760
motivation,Saturday,15,361,7,24,68,0,0,1,295,0.1467,0,0,5984
dance,Sunday,4,11387,45,27,39,1,0,0,563,0.0966,0,0,4724
dance,Sunday,15,4342,15,19,183,1,1,0,539,0.0907,9,0,10012
finance,Sunday,6,611,30,2,132,1,1,0,6,0.0601,6,0,5635
travel,Tuesday,18,38013,30,22,55,1,0,0,554,0.0965,1,0,31095
dance,Monday,0,1026,30,11,254,1,0,0,15368,0.0069,8,0,6849
motivation,Friday,8,42505,30,14,4,0,1,0,431,0.0858,9,0,20936
finance,Tuesday,17,4329,15,6,68,1,1,0,284,0.015,8,0,910
food,Sunday,12,716,30,24,51,0,1,0,234,0.0369,1,0,11489
dance,Sunday,14,1474,30,30,97,1,1,0,1489,0.0867,8,0,10593
gaming,Thursday,2,58097,15,21,160,1,1,0,52,0.1019,8,1,13831
finance,Sunday,23,2875,15,17,270,1,0,0,113,0.0608,9,1,2520
motivation,Saturday,9,28288,45,21,64,1,0,0,10344,0.0658,5,0,15772
gaming,Sunday,8,61132,45,14,242,1,0,0,4197,0.0772,4,0,33017
fashion,Thursday,12,4252,15,7,261,1,0,0,370,0.1151,9,0,24224
fashion,Sunday,15,3288,15,21,211,1,1,0,2900,0.0076,1,0,8872
dance,Saturday,2,2370,15,8,153,1,1,0,174,0.0698,5,0,6509
gaming,Friday,21,9262,60,14,233,1,1,0,169,0.0071,8,1,29302
comedy,Tuesday,22,73915,45,15,139,1,1,0,163,0.0513,2,0,132918
fashion,Saturday,14,539,7,19,114,1,0,0,47,0.0804,2,0,8509
comedy,Thursday,16,7291,60,2,129,1,1,0,907,0.0166,3,0,8714
food,Tuesday,13,6745,7,26,177,1,0,0,58707,0.0754,9,0,24869
finance,Tuesday,6,191,15,4,94,1,1,0,20,0.1391,3,0,914
fitness,Thursday,19,994,60,2,100,0,0,0,31952,0.1044,0,0,13494
motivation,Monday,15,1438,60,26,195,1,0,0,4,0.1184,1,0,3846
finance,Sunday,20,19443,45,27,289,1,0,0,2975,0.0892,5,1,4794
motivation,Saturday,7,26638,30,1,207,1,0,0,26,0.135,4,0,43239
gaming,Thursday,3,168,15,1,94,1,0,0,3048,0.0263,9,0,2587
food,Friday,19,15530,60,3,102,1,0,0,215,0.0702,3,0,18491
education,Wednesday,23,12306,45,2,7,1,0,0,4611,0.0916,9,0,2838
dance,Thursday,14,13920,15,8,135,1,1,0,219,0.1317,8,0,33350
motivation,Sunday,4,6470,30,29,97,1,1,1,2941,0.0497,1,0,14050
motivation,Sunday,12,27195,60,22,260,1,1,0,711,0.0052,7,0,16723
gaming,Tuesday,5,40487,60,21,146,1,1,0,12286,0.1463,3,0,38746
comedy,Tuesday,4,259,45,25,184,1,0,0,743,0.0088,8,0,3369
finance,Thursday,16,4502,45,11,231,1,1,0,1658,0.0271,3,0,3524
education,Wednesday,6,3108,7,23,100,0,0,0,1225,0.0662,1,0,7315
travel,Thursday,5,1752,30,8,146,1,0,0,6285,0.077,5,0,4119
dance,Wednesday,1,2168,45,18,204,0,1,0,7052,0.126,8,0,18726
fitness,Wednesday,10,6878,7,11,45,1,0,0,1178,0.0699,6,0,1915
travel,Sunday,6,476,60,15,103,1,0,0,34,0.0844,0,0,4517
finance,Sunday,21,16434,90,25,221,1,1,0,154,0.034,8,0,6169
dance,Sunday,20,2529,15,22,117,1,1,0,5225,0.0875,5,0,20300
motivation,Friday,7,23726,60,24,4,1,1,0,49,0.0555,8,0,20334
fitness,Sunday,4,1610,45,0,210,1,0,0,249,0.0193,1,0,852
comedy,Saturday,17,1460,30,9,54,1,1,0,320,0.1422,6,0,8324
education,Tuesday,21,896,60,24,18,1,1,0,681,0.0168,7,0,6215
comedy,Tuesday,15,1626,15,29,87,1,1,0,511,0.1033,7,0,24229
food,Wednesday,13,1161,45,22,246,1,1,0,1169,0.1367,4,1,10339
gaming,Tuesday,11,10748,15,9,116,0,0,0,127,0.031,6,0,3777
dance,Monday,16,32363,45,29,169,1,0,0,190,0.0394,6,0,7857
comedy,Wednesday,4,9878,30,3,149,1,1,0,37828,0.0669,2,0,12279
travel,Tuesday,13,4275,15,28,294,1,1,0,17906,0.0477,1,0,16742
gaming,Monday,5,11806,30,30,207,1,0,0,3025,0.1151,4,0,6882
comedy,Friday,14,4602,15,10,282,1,1,0,3708,0.054,3,0,17591
fashion,Tuesday,6,5174,15,27,173,1,0,0,1828,0.1479,7,0,10961
food,Monday,13,2830,15,21,126,1,0,0,951,0.1295,4,0,5933
finance,Thursday,17,22156,45,10,155,1,0,0,185,0.1348,8,0,10261
education,Saturday,0,100,60,10,179,1,0,1,19172,0.0142,6,0,9507
food,Thursday,5,105,90,21,86,1,0,0,44297,0.0306,0,1,21615
gaming,Monday,2,31225,60,5,266,1,1,0,348,0.0296,1,0,26032
fashion,Wednesday,4,3450,60,14,81,1,0,0,9464,0.1024,7,0,11073
dance,Sunday,11,25617,7,1,63,1,0,0,438,0.0067,9,0,7382
travel,Sunday,10,1644,45,20,118,1,1,1,213,0.1219,7,0,8421
education,Sunday,12,100071,45,22,162,1,0,1,429,0.0843,1,0,46450
education,Wednesday,15,3843,15,21,292,1,1,0,482,0.0871,6,0,2621
food,Tuesday,17,11035,45,2,177,1,1,0,3386,0.0829,7,0,1435
gaming,Sunday,16,2197,30,26,29,1,0,0,416,0.0826,3,0,2085
dance,Thursday,16,977,60,27,160,0,1,0,5605,0.0337,2,1,10886
motivation,Wednesday,10,214,45,4,2,0,1,1,235,0.0461,9,0,2395
fashion,Wednesday,19,20216,90,28,23,1,1,0,899,0.0757,8,0,23726
motivation,Sunday,9,10014,15,23,58,1,0,0,105,0.1033,1,0,33972
travel,Thursday,15,5817,7,10,236,1,0,0,74,0.0444,2,0,2797
dance,Friday,1,633,90,20,239,1,0,0,2110,0.1219,7,0,2785
dance,Wednesday,16,62808,7,11,159,1,1,0,1257,0.1225,1,0,55663
fashion,Sunday,21,5946,30,25,59,1,1,0,403,0.0447,4,0,23909
fitness,Saturday,19,17416,30,2,239,0,1,0,158,0.0862,9,0,31437
motivation,Monday,9,4888,60,8,58,1,0,0,99,0.0556,7,0,9298
comedy,Tuesday,12,691,15,26,52,1,0,0,2072,0.0326,6,1,3386
education,Wednesday,11,29330,7,2,63,0,0,1,254,0.1219,3,0,9906
fitness,Saturday,14,11063,30,1,120,1,0,0,26649,0.1488,9,0,20983
comedy,Saturday,6,3545,30,5,118,1,1,0,1459,0.087,8,0,14651
gaming,Wednesday,21,10727,15,23,285,1,0,0,2948,0.1375,1,0,35436
fashion,Friday,20,21409,60,5,17,1,0,0,17240,0.0981,6,0,30361
gaming,Monday,12,16128,45,16,4,0,1,0,196,0.087,6,0,19582
education,Tuesday,11,225,60,7,159,1,0,1,2529,0.0746,6,0,1719
finance,Wednesday,11,336,15,0,141,1,1,0,2813,0.0392,6,0,1506
comedy,Tuesday,1,18382,45,24,17,1,0,0,366,0.0172,4,0,5330
fitness,Thursday,4,1403,90,7,67,1,1,0,47,0.0691,0,0,6672
comedy,Saturday,1,744,30,21,113,1,0,0,13,0.0864,3,0,3476
comedy,Saturday,22,9602,15,14,21,0,0,1,168,0.0789,4,0,17276
fashion,Wednesday,19,704,90,17,19,1,1,0,9622,0.1059,9,1,32607
gaming,Wednesday,12,2074,30,12,262,1,1,0,215,0.0329,3,0,1957
motivation,Thursday,2,22790,60,24,97,1,0,0,7055,0.0564,6,0,13576
finance,Friday,10,321,15,7,104,1,1,0,225,0.0653,1,0,1434
fashion,Wednesday,15,418,45,28,285,1,1,0,1131,0.032,1,1,3088
travel,Saturday,0,270,60,19,4,1,0,1,2982,0.1364,1,0,10262
fashion,Tuesday,18,1043,30,17,128,1,1,0,8127,0.1038,9,0,32116
education,Monday,10,5703,15,12,158,1,0,1,411,0.0183,2,0,3184
finance,Sunday,8,1613,15,13,250,1,0,0,287,0.1084,4,0,4145
dance,Tuesday,13,73572,15,14,275,1,0,0,19,0.0844,9,0,19777
travel,Friday,8,11154,30,5,82,1,0,0,438,0.081,8,0,11463
food,Monday,6,4751,45,0,117,1,0,0,793603,0.1485,2,0,334492
fashion,Tuesday,15,48114,15,6,28,0,0,0,669,0.0946,5,0,14740
comedy,Tuesday,2,447,15,0,137,1,0,0,60,0.135,5,0,926
motivation,Thursday,18,23384,30,14,156,1,1,0,765,0.1375,5,0,20338
dance,Sunday,3,3212,30,28,30,1,1,0,4552,0.0197,4,0,9278
fashion,Friday,6,2165,30,5,285,1,0,0,312,0.0062,1,0,1661
fashion,Saturday,22,14763,45,4,152,1,0,0,117,0.0681,0,0,20162
fitness,Thursday,11,2339,60,11,57,1,1,0,166900,0.1165,4,0,43379
fitness,Monday,17,6818,15,25,86,1,0,0,2307,0.1245,7,0,7071
dance,Sunday,4,4105,30,29,122,0,0,0,23464,0.1192,9,1,16849
gaming,Saturday,22,8532,30,2,190,1,0,0,492,0.0699,4,0,13210
fitness,Thursday,22,1972,7,21,292,1,1,1,38055,0.1137,2,0,44941
comedy,Sunday,21,26060,30,19,27,1,0,1,6733,0.1092,2,0,50846
travel,Friday,9,124,60,13,154,1,0,0,3048,0.0505,1,1,4008
food,Wednesday,11,15577,7,27,229,1,1,1,93,0.0295,6,0,7600
finance,Wednesday,7,163,7,5,36,0,0,0,251,0.0951,1,0,1312
food,Monday,18,1266,45,3,5,1,0,0,2697,0.1032,5,0,4045
food,Wednesday,14,12584,45,14,224,1,1,0,547,0.0874,7,0,21386
finance,Thursday,0,131,30,16,32,0,0,0,2310,0.0359,7,0,3349
fitness,Monday,2,6632,45,4,88,1,1,0,422,0.0451,1,0,2448
dance,Saturday,17,416,90,23,39,1,0,0,2547,0.1077,5,0,10494
finance,Friday,17,858,15,5,168,1,0,0,295,0.1446,2,1,980
education,Monday,1,790,15,9,297,1,0,0,2698,0.142,8,0,4438
gaming,Saturday,4,437,15,8,17,0,1,0,145,0.0804,2,0,1311
travel,Monday,0,218,45,3,14,1,0,0,552,0.1336,0,0,1140
motivation,Tuesday,9,204462,30,25,131,1,0,0,713,0.0093,8,0,55825
fitness,Tuesday,19,3538,90,8,289,1,1,0,180,0.1299,7,0,11413
gaming,Monday,9,529,45,7,293,1,1,1,303,0.074,1,0,2284
finance,Sunday,4,1786,30,2,208,1,0,0,1920,0.1183,9,1,3253
education,Wednesday,17,5250,15,29,278,1,0,0,4517,0.0058,9,1,3669
motivation,Tuesday,20,2485,30,21,275,1,0,0,1810,0.1309,2,0,6622
travel,Sunday,14,502,15,19,276,1,0,1,3021,0.0913,6,0,6072
travel,Sunday,19,973,60,0,75,1,1,0,1301,0.0398,5,1,2966
fitness,Friday,7,41534,30,24,297,1,1,0,273,0.0554,7,0,50306
finance,Saturday,16,393,15,19,111,1,0,1,34,0.0341,9,0,7281
gaming,Thursday,11,135,30,26,265,0,0,0,380,0.0665,4,0,7331
dance,Tuesday,20,2444,15,29,71,1,1,0,859,0.0529,4,0,12142
gaming,Monday,11,151,30,4,20,1,1,0,312,0.0825,1,0,2252
gaming,Wednesday,0,955,7,2,187,1,0,0,24482,0.1231,5,0,7215
travel,Thursday,3,516,30,3,120,1,0,0,1906,0.1474,4,0,4143
dance,Saturday,7,524,30,28,140,1,0,1,913,0.0415,8,0,22694
dance,Sunday,0,5570,30,24,203,1,1,0,3275,0.0204,2,0,8602
fitness,Saturday,14,7806,45,30,208,1,0,0,62624,0.0624,4,0,61581
motivation,Tuesday,17,1152,7,22,8,1,1,0,624,0.0258,2,0,4856
fashion,Saturday,0,4146,30,23,184,1,0,0,159,0.126,8,0,12262
food,Saturday,10,1053,30,18,295,1,1,0,2087,0.0777,8,0,7940
food,Wednesday,22,10112,30,14,200,1,0,0,110,0.0949,9,1,9981
travel,Sunday,1,343,90,18,63,1,0,0,162,0.0268,6,0,3185
fashion,Wednesday,0,6617,15,30,24,1,0,0,18920,0.1137,0,0,12751
motivation,Wednesday,11,7585,45,15,155,1,0,1,14641,0.1462,8,0,6041
fashion,Monday,15,329312,30,29,220,1,0,1,4025,0.0749,8,0,138507
fitness,Saturday,21,208,30,22,291,1,1,0,2391,0.1446,9,0,5911
gaming,Saturday,21,585586,45,7,138,1,0,0,95,0.01,4,0,195442
travel,Saturday,9,19187,15,13,20,1,0,0,217,0.0102,1,0,7421
dance,Friday,17,131816,45,4,153,1,0,0,15460,0.1442,0,0,75395
travel,Wednesday,14,25071,7,0,67,1,0,0,397,0.1065,1,0,9725
food,Thursday,16,899,30,18,40,1,0,0,221,0.0324,3,0,854
motivation,Tuesday,9,16060,45,4,14,1,0,0,750,0.0578,3,0,5443
fashion,Sunday,2,1483,15,2,278,1,0,0,3477,0.0786,0,0,1431
motivation,Thursday,20,4193,45,30,168,1,0,0,724,0.1069,7,0,7596
fitness,Sunday,15,593,15,29,133,1,0,0,768,0.1271,9,1,30405
travel,Monday,5,1448,45,16,198,0,0,0,14,0.017,7,0,1529
finance,Monday,2,24699,30,6,237,1,0,0,951,0.1002,7,0,8255
travel,Sunday,8,10811,45,16,111,1,1,1,8061,0.0741,4,0,12431
dance,Saturday,10,31058,60,25,51,1,0,0,956,0.0917,9,0,15441
travel,Thursday,20,397,30,12,136,1,0,1,68862,0.0787,1,0,23520
education,Saturday,12,169,15,21,254,1,1,0,258,0.0704,3,0,9765
fitness,Friday,17,35706,60,21,114,1,0,0,411,0.0348,0,1,21025
comedy,Monday,21,31251,15,13,157,1,0,0,286,0.0735,9,0,16442
fitness,Monday,23,7192,30,22,299,1,0,0,271,0.0325,0,0,5806
fashion,Thursday,21,10452,90,11,263,1,1,0,3209,0.0115,9,1,9594
comedy,Monday,3,23320,45,10,98,1,1,1,632,0.0592,2,0,9506
fashion,Friday,21,6814,15,0,120,1,1,0,53566,0.0086,3,0,68370
fashion,Friday,23,12913,15,26,89,1,1,0,1797,0.0866,2,0,7320
dance,Friday,7,21304,15,2,29,1,1,0,191,0.0155,2,0,9552
dance,Tuesday,12,4153,30,11,229,0,1,0,150,0.0684,7,0,7291
gaming,Friday,9,2638,15,8,138,1,0,1,30741,0.1471,3,0,30093
food,Friday,1,9776,45,1,253,1,0,0,1705,0.0064,2,0,1638
gaming,Tuesday,7,289614,30,13,30,1,1,0,14920,0.0582,8,0,515059
gaming,Saturday,5,1068,90,4,161,0,1,0,1260,0.1026,0,0,1889
food,Wednesday,15,2263,60,2,155,1,0,0,1132,0.028,7,0,4287
finance,Monday,17,208,60,11,116,0,0,0,15987,0.0863,4,0,6905
comedy,Friday,16,10749,15,11,190,0,1,0,2311,0.0424,7,0,6399
motivation,Monday,5,1893,30,28,175,1,0,0,2261,0.0373,9,0,5926
gaming,Thursday,12,395,15,20,4,1,0,0,487,0.1348,2,0,3885
travel,Monday,22,4383,15,6,11,1,1,0,6265,0.0345,5,0,7956
travel,Sunday,13,72427,30,0,58,1,0,1,945,0.0596,6,1,49968
fashion,Saturday,20,2608,60,2,298,1,0,0,361,0.0296,7,0,5371
food,Tuesday,9,3075,7,10,249,1,1,1,81224,0.0462,6,0,53895
fashion,Monday,23,67526,15,12,92,1,0,0,602,0.0475,6,0,10896
education,Monday,10,4870,15,21,110,0,1,0,225,0.0524,1,1,3049
education,Monday,12,559,45,22,294,1,1,0,10666,0.098,2,0,7965
motivation,Wednesday,11,16986,90,9,16,1,1,1,4261,0.1127,5,0,9326
dance,Wednesday,8,37207,7,18,219,1,1,0,291,0.079,2,1,13035
dance,Thursday,3,3426,30,3,298,1,0,0,936,0.0935,8,1,6667
food,Tuesday,6,6216,60,21,4,1,0,0,4179,0.1229,8,0,33039
food,Monday,23,463,15,4,128,1,1,0,1673,0.1499,5,0,2107
gaming,Monday,21,1025,45,10,111,1,0,0,5281,0.0712,0,1,5170
education,Monday,1,2698,15,8,23,1,0,0,1082,0.1408,0,0,2052
gaming,Monday,6,5644,30,12,28,1,1,0,5631,0.0761,3,0,18062
dance,Wednesday,8,1610,30,27,131,0,1,1,591,0.1184,9,0,20449
comedy,Saturday,4,2521,45,16,43,1,1,0,301,0.0881,7,0,13201
comedy,Saturday,14,3932,15,14,206,0,1,0,9009,0.1332,2,0,21190
food,Thursday,17,815,15,12,215,1,1,0,1962,0.0701,3,0,4860
fashion,Sunday,3,3029,15,20,243,0,1,0,4332,0.1059,5,0,7667
dance,Friday,18,39367,30,10,30,1,0,1,12691,0.0726,8,0,34114
comedy,Tuesday,19,1681,60,0,265,1,0,1,348,0.1293,3,1,3237
dance,Saturday,6,970,60,7,10,1,1,0,3180,0.1492,2,0,8257
fitness,Sunday,7,209656,7,22,81,0,0,1,113548,0.0403,9,0,191675
travel,Monday,16,7376,60,4,155,1,1,0,796,0.0738,9,0,1922
education,Saturday,12,1222,7,21,165,1,1,0,98,0.0168,8,0,9259
gaming,Thursday,23,15651,30,15,207,1,1,0,5676,0.0254,6,0,4024
dance,Friday,20,7793,45,3,23,1,1,0,39,0.1397,8,0,22648
travel,Saturday,22,1761,7,24,294,1,1,0,122,0.0838,9,0,22112
fitness,Thursday,10,4500,7,29,178,0,0,0,1110,0.0623,5,0,8426
gaming,Wednesday,0,2908,15,18,49,1,0,0,1035,0.1024,3,0,2970
dance,Friday,1,29206,45,17,6,1,0,0,1597,0.0862,4,0,25911
food,Thursday,16,16754,30,22,99,0,0,0,90559,0.0469,9,0,54364
travel,Sunday,4,103,30,28,80,1,0,0,1298,0.0379,1,0,10128
gaming,Saturday,5,151030,60,1,240,1,1,0,345,0.0906,2,0,110359
dance,Wednesday,23,2924,45,12,180,0,0,0,304,0.0323,4,0,6110
travel,Sunday,6,109125,45,15,292,0,0,0,440,0.0252,2,0,24431
fitness,Thursday,20,17834,30,21,82,1,0,1,96,0.0512,2,0,10105
dance,Thursday,14,7683,7,26,53,0,0,1,3361,0.1299,8,0,25432
dance,Sunday,18,4148,15,7,89,1,0,0,2005,0.0103,3,0,11260
dance,Saturday,15,704891,45,18,202,1,0,0,2789,0.1258,3,0,322686
motivation,Friday,12,3014,45,2,30,0,1,0,5439,0.095,0,0,2904
food,Wednesday,4,1467,90,18,192,1,0,0,3784,0.0109,6,0,5982
fitness,Monday,2,1726,15,16,99,1,0,0,69,0.0923,9,0,4172
gaming,Tuesday,2,4924,15,8,88,1,0,0,624,0.0668,8,0,4639
motivation,Friday,18,4908,15,20,122,1,1,0,678,0.127,7,1,21338
fashion,Wednesday,13,29948,15,24,46,0,1,0,17231,0.1365,1,0,60385
motivation,Sunday,15,19241,30,20,145,1,1,0,20541,0.0465,5,0,16696
education,Thursday,21,19285,90,22,2,1,1,1,467,0.1187,9,0,14894
education,Sunday,16,3258,30,16,17,1,0,1,151,0.0499,9,0,3277
dance,Wednesday,3,16609,30,24,80,1,0,1,1505,0.0479,4,0,7317
motivation,Sunday,12,20057,45,0,152,1,0,1,579,0.0329,7,0,8420
fashion,Sunday,7,4260,7,30,298,1,1,0,927,0.1034,0,0,8280
motivation,Tuesday,18,8123,60,3,66,1,0,0,12471,0.0429,8,0,10775
food,Saturday,4,20011,30,22,88,1,1,0,1877,0.0724,8,0,16709
food,Tuesday,1,7187,15,26,134,1,0,1,420,0.1228,6,0,4702
fashion,Monday,14,8534,30,14,201,0,0,0,293,0.1198,7,0,10308
motivation,Monday,1,61868,30,11,178,1,0,0,62,0.129,8,0,51251
travel,Tuesday,10,7289,7,24,78,1,1,0,3377,0.0284,4,0,5124
food,Friday,12,1645,15,16,84,1,0,0,1928,0.0901,1,0,4816
food,Friday,22,436,30,11,20,1,1,0,3384,0.1377,0,1,8605
comedy,Sunday,9,6024,15,15,164,1,0,1,1060,0.0111,4,0,6539
motivation,Sunday,2,2706,15,29,27,1,0,1,132,0.1202,7,0,5432
food,Thursday,4,21056,30,12,236,0,0,0,1225,0.0407,9,0,5340
fitness,Monday,2,84107,30,10,287,1,0,0,10710,0.1021,3,0,16680
motivation,Thursday,5,770,45,14,184,1,0,0,1232,0.109,3,0,2287
education,Monday,12,997,90,28,154,0,0,1,29300,0.1392,3,0,10646
comedy,Tuesday,9,4705,45,15,122,1,0,1,1816,0.0788,7,1,6411
food,Friday,18,1164,30,5,86,1,1,0,56127,0.128,6,0,91270
comedy,Sunday,7,3295,60,26,201,1,0,0,66038,0.0116,0,0,71444
education,Friday,17,1872,30,25,39,1,0,0,182,0.066,9,0,8577
fashion,Tuesday,2,801,15,10,168,1,1,0,300,0.0687,5,0,1411
fashion,Thursday,23,21733,15,14,69,0,1,1,439,0.0831,3,0,11424
motivation,Thursday,23,5627,45,4,279,1,0,0,36,0.0748,1,0,2978
education,Wednesday,16,132543,45,2,26,1,1,0,2773,0.1454,2,0,126265
finance,Sunday,7,9378,90,25,130,1,1,0,2625,0.0164,3,0,7261
finance,Sunday,9,49979,30,1,276,0,0,0,1610,0.0434,9,0,8088
motivation,Sunday,1,1323,60,0,294,1,0,0,94,0.1455,6,0,2502
dance,Monday,11,1294,7,14,287,1,0,0,26290,0.0696,0,0,8459
comedy,Thursday,22,267685,30,1,253,1,0,1,25,0.0878,0,0,490709
comedy,Tuesday,5,1642,60,27,84,1,1,0,77,0.0167,2,1,6409
fashion,Thursday,1,890,15,28,8,1,0,0,6453,0.0462,1,0,5531
finance,Friday,20,596,15,19,49,1,0,0,2062,0.0107,2,0,5705
gaming,Monday,22,154562,30,5,0,0,1,0,321,0.0249,2,0,65808
food,Sunday,23,2997,45,11,3,1,1,0,1224,0.0968,0,0,1684
food,Saturday,2,10158,7,20,3,1,0,0,1419,0.1157,5,0,10053
food,Wednesday,16,6454,30,15,89,1,1,1,11558,0.1312,7,1,8192
fashion,Monday,6,1336,15,13,161,1,1,1,96,0.0415,4,0,6677
education,Friday,20,2883,30,3,154,1,1,0,1966,0.0533,0,0,2586
travel,Sunday,4,22521,90,7,14,0,0,0,9485,0.0876,9,0,19133
finance,Friday,22,541,15,11,31,1,0,0,148,0.0171,6,0,6824
finance,Friday,0,16539,7,22,62,1,0,1,989,0.122,9,0,11704
gaming,Sunday,7,64943,30,13,107,1,0,0,974,0.0751,8,0,79162
comedy,Friday,11,8318,30,19,13,0,0,0,43,0.145,6,0,4035
dance,Tuesday,13,54182,15,25,22,1,1,0,1967,0.022,8,0,38466
motivation,Wednesday,15,416,30,12,110,1,0,0,2216,0.0243,9,1,3773
comedy,Saturday,9,182,90,28,159,1,0,0,21862,0.0555,8,0,32440
education,Friday,14,7606,15,4,40,1,1,0,1050,0.035,1,0,2908
motivation,Friday,20,1710,15,11,281,1,0,0,2632,0.106,7,0,4536
finance,Thursday,23,23903,30,9,143,1,1,0,20835,0.1423,6,1,27411
education,Wednesday,14,2810,30,20,287,0,1,0,303,0.018,6,0,7278
motivation,Monday,9,6405,7,18,152,1,1,0,103,0.0401,1,0,13695
gaming,Wednesday,20,5686,30,12,81,1,0,1,1399,0.0395,0,0,19914
gaming,Wednesday,6,6022,90,8,225,0,1,0,739,0.0788,3,0,3791
fitness,Sunday,2,1850,15,10,151,1,1,1,914,0.0705,6,1,4045
travel,Sunday,1,421,30,4,258,0,1,0,470,0.1104,5,0,1936
gaming,Sunday,5,3312,7,27,78,1,1,0,204,0.1112,9,0,12982
finance,Saturday,20,66841,30,12,194,1,0,0,7104,0.088,1,0,90817
dance,Wednesday,8,1642,30,9,222,1,0,0,1052,0.0907,6,0,4081
food,Saturday,9,1626,30,17,265,0,1,0,97826,0.1271,9,0,59911
fitness,Friday,3,6527,30,28,229,0,1,0,137,0.0626,8,0,16816
food,Sunday,2,590,15,14,149,1,1,0,60639,0.0068,1,0,10925
travel,Friday,8,29919,45,19,135,1,0,1,1968,0.0359,9,0,12682
motivation,Sunday,23,701,30,11,122,1,0,1,1138,0.0101,4,0,3975
fashion,Tuesday,21,2919,15,3,109,1,0,0,121,0.0621,1,0,6634
gaming,Saturday,16,474508,90,4,142,1,1,0,291,0.0569,0,0,99347
dance,Saturday,13,628,7,7,69,1,1,1,13592,0.0193,6,1,17392
travel,Monday,9,69582,45,4,53,1,0,1,5,0.1145,1,0,48944
food,Thursday,12,6113,30,0,39,1,1,0,30,0.0852,5,1,11158
fitness,Wednesday,11,7880,30,17,196,1,0,0,43,0.0377,6,1,6243
gaming,Monday,0,1144,15,30,26,1,0,0,11408,0.1151,0,0,2853
finance,Saturday,21,20697,15,18,298,1,0,0,4278,0.1019,8,0,11951
gaming,Monday,18,2543,7,18,179,1,1,0,144,0.0328,5,0,14646
fitness,Tuesday,18,622,45,9,45,1,1,0,426,0.1475,1,1,5274
fitness,Thursday,5,67520,45,21,141,0,0,0,1421,0.0307,0,1,8012
fashion,Saturday,12,2453,45,8,97,1,0,0,8428,0.1169,0,1,14379
gaming,Saturday,18,172,60,25,125,0,1,0,144,0.1454,1,1,11163
gaming,Wednesday,12,3030,60,0,57,1,0,1,1431,0.1102,8,0,1671
fashion,Sunday,21,21047,30,21,176,1,1,0,550,0.1015,1,0,9876
education,Thursday,20,15788,45,24,206,1,1,0,892,0.136,0,0,21453
education,Tuesday,3,1550,7,19,284,1,0,0,182,0.044,3,0,6872
motivation,Friday,23,846,60,25,153,1,0,1,1668,0.0452,8,0,7344
education,Monday,1,420,60,2,26,1,0,0,229,0.098,7,0,477
comedy,Wednesday,14,4717,7,12,162,0,0,0,1327,0.1329,6,0,3611
gaming,Saturday,11,6449,30,5,249,1,1,0,24959,0.0945,7,0,26702
dance,Friday,6,17608,60,5,187,1,0,1,8843,0.1467,1,0,45922
gaming,Tuesday,19,3758,15,28,89,1,1,0,17669,0.0373,4,0,18582
comedy,Thursday,17,3563,30,17,130,0,0,1,2064,0.1248,6,0,5444
comedy,Monday,22,2977,15,30,297,1,1,0,10568,0.1395,0,0,24076
food,Wednesday,12,6469,30,4,12,1,0,0,29,0.0669,5,0,7888
gaming,Saturday,16,3863,7,16,28,1,1,0,36,0.1445,6,0,11575
travel,Saturday,3,26645,15,28,264,1,1,0,146,0.0343,7,0,9105
comedy,Friday,13,8600,15,24,31,1,0,0,168,0.1432,4,0,25606
dance,Friday,19,5969,60,24,149,1,0,0,8918,0.1359,7,0,24614
fashion,Monday,12,4559,30,2,85,1,1,0,53,0.0146,9,0,3249
motivation,Thursday,2,902,30,4,57,1,0,0,72,0.0806,0,0,708
food,Tuesday,17,4908,30,30,56,1,0,0,859,0.0817,3,0,5107
fashion,Sunday,13,1534,15,2,24,1,1,0,1442,0.0133,5,0,4946
food,Thursday,14,9170,90,22,189,0,0,0,6311,0.0107,3,0,3847
dance,Thursday,2,3374,60,12,75,1,0,1,642,0.0057,4,1,3506
fitness,Thursday,0,98298,30,14,224,1,1,0,760,0.0811,1,0,34226
gaming,Sunday,23,506,30,16,182,1,1,0,6466,0.0723,6,0,12946
finance,Monday,16,100,30,14,153,1,0,0,181,0.1414,8,0,1681
travel,Sunday,2,7956,15,4,268,1,0,0,1401,0.0546,6,0,3453
fashion,Monday,13,1544,7,21,277,1,1,0,3428,0.1004,0,0,9149
gaming,Sunday,2,6567,30,13,22,1,0,1,522,0.0061,1,0,4524
travel,Tuesday,12,531,90,10,13,1,1,0,6132,0.1012,7,0,16583
fitness,Thursday,14,152684,15,27,93,1,0,0,197,0.1375,0,0,95910
finance,Monday,17,2451,30,13,51,1,1,0,24951,0.0564,1,0,19030
travel,Sunday,13,1374,7,6,40,1,0,0,584,0.0505,4,0,9122
travel,Tuesday,20,147692,15,2,163,0,1,1,455,0.0958,5,0,137797
fashion,Sunday,2,22306,30,22,5,1,0,0,59,0.0526,0,1,11258
education,Saturday,18,59941,15,19,137,1,0,0,116,0.0634,0,0,42782
finance,Tuesday,7,3605,60,9,98,1,0,1,216,0.0446,1,0,5094
gaming,Thursday,3,5347,30,10,223,1,0,1,114,0.055,2,0,4353
fitness,Wednesday,3,1678,15,29,29,1,0,0,103,0.1035,8,0,9381
finance,Thursday,18,1360,30,5,224,1,1,0,1197,0.1387,2,1,4615
dance,Wednesday,10,10065,45,4,260,1,1,0,3649,0.0896,7,0,17861
education,Tuesday,0,2532,7,19,246,1,0,1,1918,0.0065,5,0,1559
dance,Saturday,7,267660,30,21,78,0,0,0,1,0.0433,9,0,155596
fitness,Saturday,14,22393,45,12,184,1,1,1,136,0.1431,4,0,54079
fashion,Monday,0,145782,15,11,298,1,0,0,10659,0.137,8,0,33563
fashion,Saturday,6,100,60,18,179,1,0,0,74,0.0218,7,0,12864
fitness,Friday,20,149008,15,18,76,1,0,0,860,0.1367,2,0,201425
food,Tuesday,19,100,15,20,261,1,0,0,122,0.1449,6,0,15384
fitness,Monday,19,507,30,26,228,1,0,0,14925,0.0521,3,0,12315
education,Saturday,23,209,15,4,1,0,1,0,223,0.1066,7,0,1910
comedy,Tuesday,10,7612,45,24,16,1,0,0,4339,0.0862,6,0,6603
fashion,Thursday,13,4756,30,30,11,1,1,0,257,0.0539,2,0,8609
motivation,Saturday,21,20554,15,19,181,1,0,0,8,0.0272,6,0,33152
education,Sunday,15,4191,60,20,6,1,0,0,2812,0.0582,5,0,5431
education,Wednesday,13,44586,45,27,245,1,0,0,23,0.1395,5,0,18078
education,Tuesday,11,917,30,8,156,0,1,1,176,0.1226,9,0,2111
travel,Monday,16,46476,30,3,173,1,0,0,45787,0.0529,2,0,15718
education,Thursday,13,4650,15,28,180,1,0,0,573473,0.0844,3,0,196338
fashion,Friday,9,341310,45,14,280,1,0,0,1141,0.0639,3,0,132529
comedy,Thursday,23,23610,60,30,236,1,0,0,184,0.0726,5,0,10536
comedy,Saturday,13,2845,15,2,156,1,0,0,1154,0.1154,8,0,4187
education,Wednesday,17,4622,30,22,250,1,0,1,79,0.0837,4,0,4163
dance,Thursday,21,799,30,6,220,0,0,0,471,0.0313,7,0,3343
fashion,Friday,8,9384,15,23,222,1,1,0,27032,0.044,4,0,58243
fashion,Sunday,16,2842,45,19,210,1,0,0,1667,0.0873,5,0,5530
finance,Monday,5,18097,7,19,133,1,1,0,63,0.1055,5,0,9074
gaming,Tuesday,7,442,15,13,258,1,0,0,2472,0.0787,3,0,7103
food,Wednesday,12,2715,7,13,34,0,0,0,35,0.0949,9,0,2227
food,Friday,17,609,30,8,182,1,1,0,25,0.1195,9,0,3627
dance,Saturday,4,681,15,25,160,1,1,1,5072,0.0841,4,0,22543
food,Saturday,5,14630,60,22,92,1,1,1,238,0.1467,3,0,11113
finance,Saturday,20,37201,45,2,196,1,1,0,25514,0.0392,1,0,116184
fitness,Wednesday,18,100,7,30,205,1,1,0,133,0.1384,1,0,8479
food,Thursday,3,140276,45,28,17,1,0,1,12772,0.0409,7,0,52972
fashion,Wednesday,6,61534,45,8,233,1,0,0,29235,0.0821,3,0,52916
fitness,Saturday,3,435,15,28,65,1,0,1,1497,0.0711,8,0,12316
food,Sunday,10,21770,7,20,243,1,1,0,598,0.0591,5,1,21106
fashion,Friday,11,2146,15,3,275,1,1,0,330,0.1446,4,0,3190
fashion,Tuesday,13,4119,15,16,198,0,1,0,373,0.0445,6,0,5165
education,Tuesday,12,14526,60,24,17,1,0,0,44,0.1029,5,0,4853
comedy,Wednesday,9,11660,30,5,71,1,1,0,3949,0.1216,3,0,23353
dance,Saturday,17,1752,60,15,154,1,0,0,3682,0.0336,9,0,10493
finance,Monday,15,1738,45,26,169,1,1,0,693,0.1461,8,0,2606
travel,Sunday,4,1933,15,17,281,1,0,0,1164,0.0843,5,0,3475
gaming,Wednesday,7,38449,60,12,150,0,1,0,442,0.1376,2,0,36999
food,Saturday,13,172,15,6,260,1,0,0,96,0.1013,3,0,1879
food,Thursday,4,3672,7,2,79,1,0,0,80,0.0992,3,0,1999
fitness,Tuesday,23,83331,30,30,105,1,1,0,351,0.0551,7,0,12992
fitness,Tuesday,7,17442,15,5,10,1,1,0,500,0.1167,4,1,11266
gaming,Sunday,5,32589,15,23,207,1,0,0,11058,0.0093,7,0,7850
food,Tuesday,15,3764,45,2,129,1,1,0,4175,0.0856,7,0,4721
motivation,Monday,3,605,60,28,170,1,1,1,23877,0.0097,5,0,5975
finance,Saturday,11,5432,15,27,32,1,0,0,4360,0.0495,4,0,4875
food,Saturday,10,1422,15,11,23,1,0,0,46,0.019,1,0,8455
comedy,Sunday,2,272456,30,4,196,0,0,0,56,0.1372,0,0,230881
gaming,Saturday,11,3697,45,29,45,1,0,0,131,0.0961,6,1,11928
motivation,Sunday,4,15481,15,21,273,1,1,0,541,0.1019,9,0,21947
finance,Saturday,5,105272,60,16,230,1,0,0,232,0.1284,9,0,58138
food,Monday,18,682,45,9,132,1,1,0,4376,0.1113,6,0,3633
travel,Friday,17,100,30,6,263,1,1,0,11579,0.023,1,0,3080
education,Wednesday,15,11873,60,3,84,1,1,0,97,0.0945,2,0,1239
comedy,Wednesday,22,16663,60,9,4,1,1,0,41,0.1468,7,0,28992
travel,Saturday,10,2332,15,26,268,1,1,0,29401,0.036,3,0,10269
fitness,Thursday,4,613,15,30,220,1,0,0,1742,0.0949,4,0,3921
fitness,Tuesday,8,8584,45,6,193,0,1,0,375,0.0867,6,0,6994
food,Monday,2,4709,90,22,68,1,1,0,25929,0.0618,7,0,9426
fitness,Thursday,7,8777,45,10,287,1,0,0,13231,0.1434,0,0,17019
comedy,Thursday,5,639,30,20,175,1,1,0,335,0.0567,6,0,4728
finance,Saturday,3,8818,45,7,238,1,0,0,6253,0.0186,2,0,4123
fashion,Monday,11,21486,15,7,178,1,0,0,10988,0.1446,4,0,6084
dance,Wednesday,11,326,90,4,255,1,1,0,5867,0.1107,0,0,4851
gaming,Tuesday,20,68101,30,4,210,1,1,0,13852,0.0547,2,0,153381
finance,Wednesday,15,7770,90,6,226,1,1,0,164,0.0457,4,0,4113
fashion,Thursday,9,22735,30,21,71,1,0,0,1155,0.1396,0,0,70852
motivation,Tuesday,21,491,90,3,64,1,1,1,29464,0.0447,1,1,13031
comedy,Friday,13,16791,15,1,165,1,1,1,502,0.0829,2,0,15540
travel,Thursday,12,254,45,23,213,1,0,0,301,0.0362,7,0,6873
fashion,Wednesday,8,891,90,18,16,1,0,0,1369,0.1493,4,1,7728
comedy,Wednesday,6,7895,30,1,172,1,1,0,46,0.1166,4,1,15762
education,Saturday,11,2990,45,15,128,0,0,1,2106,0.0873,2,0,1543
travel,Wednesday,4,5164,15,11,2,1,0,0,39,0.1131,8,0,3551
fitness,Monday,17,157833,30,14,247,1,0,0,13815,0.1379,8,0,144566
fitness,Thursday,3,5020,60,9,69,1,1,0,42,0.1447,1,0,4037
travel,Sunday,1,17631,15,22,51,1,0,0,5993,0.119,7,0,21076
motivation,Sunday,2,4358,45,25,258,0,0,0,254,0.1281,0,0,6405
motivation,Tuesday,11,4131,45,5,238,1,0,0,132,0.0627,4,0,2216
motivation,Wednesday,2,844,15,23,93,0,0,0,1155,0.0618,6,0,4088
fashion,Saturday,3,9534,15,12,46,1,0,0,1995,0.1222,7,0,9997
gaming,Saturday,5,471588,30,29,74,1,0,1,1318,0.1151,7,0,97932
fashion,Wednesday,11,5756,15,5,90,1,0,1,2164,0.1356,5,0,6351
food,Monday,18,3039,60,22,85,0,0,0,4367,0.0243,6,0,6816
dance,Saturday,9,38263,45,1,5,1,1,0,19,0.1052,3,0,24119
travel,Sunday,0,30978,30,25,229,1,0,0,1437,0.0989,9,0,19376
finance,Tuesday,16,10832,15,13,42,1,1,0,71,0.1208,6,0,6691
dance,Thursday,15,2821,45,17,197,1,1,0,86,0.0086,6,0,9850
education,Friday,8,38559,30,5,181,1,0,0,121,0.1248,8,0,23702
fashion,Monday,20,6109,15,24,168,0,0,1,21,0.0523,1,0,11026
fashion,Saturday,8,25457,30,29,202,0,1,0,1072,0.1046,7,0,36869
comedy,Thursday,22,1124,60,18,193,1,1,0,31,0.0944,8,0,14323
dance,Friday,8,1709,7,26,30,1,0,0,2465,0.0688,2,0,14231
comedy,Wednesday,11,5851,30,25,101,1,0,0,22868,0.1132,7,0,8288
finance,Wednesday,22,531,90,13,63,1,0,0,25074,0.1444,0,0,18736
comedy,Tuesday,8,2525,7,29,90,1,1,0,123,0.0519,9,0,10622
dance,Friday,14,491,60,12,249,1,1,0,102,0.1135,4,0,6986
travel,Wednesday,1,304,30,7,182,1,0,0,5232,0.0506,0,0,2876
education,Wednesday,10,394268,15,30,279,1,0,0,1228,0.1276,0,0,415510
fashion,Sunday,10,1642,7,4,204,1,0,0,945,0.0684,5,0,999
finance,Saturday,7,1923,7,12,88,1,1,0,80,0.0701,4,0,4972
fashion,Tuesday,22,5678,15,5,292,1,0,0,1395,0.1169,4,0,10782
food,Thursday,5,726,7,21,284,1,1,0,6186,0.0769,1,0,2836
education,Wednesday,20,1992,15,26,158,1,0,0,233,0.0437,9,0,8984
gaming,Sunday,19,133510,7,27,129,1,1,0,2772,0.1494,8,0,215579
comedy,Monday,6,9363,45,25,247,1,0,0,1509,0.0949,4,0,5636
fitness,Monday,2,28996,60,26,139,1,1,0,297,0.0985,2,0,10703
dance,Thursday,7,83488,60,28,188,1,0,0,990,0.0988,6,0,160456
fashion,Friday,17,7180,30,18,90,1,1,0,135,0.1331,5,1,4384
comedy,Tuesday,16,3300,90,10,55,1,0,0,6073,0.0317,5,0,5190
finance,Sunday,10,372,7,26,225,1,1,0,139,0.0136,4,0,3079
fashion,Saturday,1,2467,15,15,164,1,0,1,331,0.0611,3,0,5270
gaming,Sunday,20,3668,15,4,35,1,0,0,6668,0.0869,5,1,9249
education,Monday,23,1149,45,11,28,1,0,1,384,0.0464,6,0,2590
education,Monday,18,79332,60,16,79,1,0,0,168,0.1049,7,0,37932
fashion,Thursday,6,35743,30,1,168,1,0,0,1583,0.0157,1,0,13061
finance,Friday,17,28968,30,9,32,0,0,1,39759,0.1197,3,0,37932
education,Friday,7,3987,45,14,92,1,0,1,11250,0.1091,6,0,17950
education,Thursday,13,765,15,18,111,1,0,0,3715,0.036,2,0,6071
gaming,Sunday,6,53658,30,19,208,1,0,0,8009,0.0483,4,0,15486
dance,Monday,20,8988,30,28,193,1,0,0,3080,0.122,9,0,19923
finance,Sunday,3,19762,15,24,263,1,0,0,1732,0.1171,6,0,17521
finance,Sunday,16,14982,7,16,246,1,0,0,6822,0.123,8,0,4469
travel,Tuesday,4,8596,45,18,117,0,1,0,2195,0.0517,5,0,2977
travel,Monday,11,179747,30,18,227,1,0,0,985,0.1456,1,0,132720
education,Friday,8,1505,15,12,8,1,1,0,1591,0.1087,8,0,3493
fitness,Saturday,19,2818,30,30,198,1,0,0,2130,0.0145,5,1,13358
travel,Sunday,12,94285,90,12,276,1,1,0,2023,0.0743,9,0,48045
education,Monday,17,5697,30,15,128,1,0,0,2275,0.1014,1,0,7419
motivation,Sunday,19,3917,15,21,61,1,1,0,152,0.0295,0,0,8472
food,Tuesday,8,3116,30,20,1,1,0,0,725,0.1358,3,0,10514
food,Wednesday,3,16692,30,2,171,1,0,0,87,0.1143,1,0,6176
finance,Monday,20,3252,7,3,244,1,0,0,1854,0.0168,6,0,8087
fitness,Thursday,7,2657,15,26,87,0,0,0,2182,0.1374,6,0,6642
gaming,Wednesday,0,16204,30,6,82,1,0,0,15309,0.0636,2,0,12825
dance,Sunday,16,5813,30,2,4,1,0,1,1999,0.0706,9,0,12022
travel,Thursday,8,798,15,8,38,1,1,0,522,0.1186,0,0,5955
motivation,Thursday,19,5206,45,7,74,1,0,0,472,0.0984,1,0,5198
education,Thursday,12,60485,90,28,100,1,0,0,3989,0.0684,7,0,9662
fitness,Monday,1,19487,60,17,140,1,1,0,280,0.0426,3,0,6772
finance,Friday,12,75535,45,20,92,1,1,0,1490,0.0799,2,0,108967
travel,Sunday,8,1317,30,13,118,1,0,1,7385,0.089,9,0,8062
fitness,Wednesday,19,33739,60,19,287,1,1,0,62922,0.0965,6,0,82787
travel,Tuesday,5,1529,60,27,108,1,0,0,11060,0.0927,9,0,6904
dance,Friday,0,534,60,28,42,1,0,0,383,0.0945,3,0,6899
dance,Sunday,4,1158,15,4,135,1,0,0,246,0.074,1,1,3167
gaming,Monday,2,6226,7,2,216,1,0,0,3867,0.0865,2,0,3864
food,Thursday,3,31266,90,9,155,1,0,0,715,0.0469,3,0,25520
comedy,Tuesday,0,8593,90,30,38,1,0,0,56,0.028,0,0,9793
comedy,Sunday,13,3729,30,10,281,1,0,0,195761,0.093,7,0,151394
travel,Wednesday,8,766,90,16,25,1,0,1,1550,0.0118,7,0,7337
gaming,Sunday,23,17493,45,7,31,0,1,0,13341,0.0145,4,0,15074
comedy,Friday,3,27848,30,8,45,0,1,0,562,0.0409,5,0,8051
finance,Saturday,17,8407,30,7,155,0,1,1,1029,0.0332,3,1,2580
comedy,Friday,13,739,30,19,243,1,1,0,1484,0.0592,2,0,12781
fashion,Sunday,3,21071,30,27,34,1,1,0,635,0.0588,2,0,20933
education,Tuesday,9,44758,90,1,277,1,1,1,240,0.0219,3,0,8859
gaming,Sunday,2,77608,30,3,241,1,0,1,88881,0.0407,5,0,93603
finance,Sunday,22,2235,60,29,258,1,0,0,2230,0.0057,1,0,7386
fitness,Monday,6,10778,60,15,45,1,0,0,46,0.0559,5,0,5757
finance,Wednesday,9,1877,7,8,236,1,0,0,1344,0.1205,7,0,3577
food,Tuesday,12,934,7,25,7,1,0,0,61,0.0436,8,0,9563
fitness,Sunday,3,84945,45,8,259,1,0,0,202,0.0983,3,0,44981
motivation,Thursday,17,13578,15,20,270,1,1,0,1357,0.0192,4,0,7649
education,Wednesday,10,50359,45,4,43,1,0,0,3224,0.0068,7,0,7345
education,Friday,3,542,15,25,237,0,0,0,7,0.0773,9,1,2460
education,Tuesday,23,8259,30,2,166,1,0,0,33917,0.0719,1,0,13222
education,Friday,13,12270,15,13,75,1,1,0,293,0.0328,9,0,8403
travel,Sunday,17,1098,15,14,156,1,0,0,699,0.0466,1,0,8281
education,Friday,7,71546,7,5,200,1,0,1,23554,0.0094,8,0,27066
education,Friday,9,3159,90,15,233,1,1,0,33623,0.1207,5,0,82651
education,Monday,4,11120,30,22,231,0,1,0,317,0.0487,9,0,4889
gaming,Friday,22,1825,60,27,211,1,1,0,9194,0.0368,8,0,21596
travel,Thursday,6,572,90,30,153,1,1,0,1506,0.1217,9,0,9286
dance,Thursday,11,25425,60,9,212,1,0,0,221685,0.0107,6,0,54895
finance,Wednesday,2,9723,30,13,86,1,1,0,285,0.0463,4,0,8354
finance,Sunday,3,7533,45,30,17,1,0,0,29714,0.0431,8,0,14874
fitness,Saturday,9,2978,15,11,190,0,1,1,340,0.0431,8,0,11754
gaming,Friday,3,9258,7,8,53,1,0,0,128,0.0067,1,0,6832
fashion,Friday,14,48013,60,22,215,1,0,0,597,0.1405,7,0,45415
finance,Tuesday,9,1435,7,18,41,1,0,0,41,0.1303,7,0,4609
comedy,Monday,20,13473,90,11,229,0,0,0,170,0.0651,1,0,11462
fashion,Saturday,21,7076,45,12,229,0,0,0,578,0.0696,9,0,7549
education,Wednesday,15,3526,30,22,181,1,0,1,661,0.081,6,0,1671
education,Saturday,14,254,15,12,140,1,1,0,6855,0.0744,0,0,3198
travel,Friday,18,4809,45,16,287,1,0,0,5674,0.118,4,0,28789
fashion,Tuesday,19,16495,30,1,81,1,0,0,1021,0.0758,4,0,8604
comedy,Sunday,18,8805,45,19,166,1,1,0,33,0.0324,9,0,26853
travel,Monday,17,368,30,22,53,1,1,0,15,0.022,4,1,2716
fitness,Sunday,11,46383,7,30,72,1,0,0,380,0.1381,1,0,11788
fashion,Wednesday,15,95440,15,8,212,1,0,0,206,0.012,2,0,18178
gaming,Saturday,0,4035,15,30,170,1,1,0,335,0.1351,5,0,6137
education,Wednesday,15,314877,7,20,269,1,0,0,28114,0.1051,0,0,115948
education,Friday,1,1104,7,30,218,1,0,0,325,0.0637,5,0,7160
food,Wednesday,23,497,15,7,135,1,0,0,194,0.0321,5,0,1968
travel,Sunday,14,791,45,6,34,0,1,0,1089,0.05,6,0,5190
dance,Tuesday,6,7640,30,4,145,1,0,0,387,0.0818,8,1,4022
dance,Wednesday,0,200,15,28,182,1,0,0,3619,0.1002,8,0,30665
travel,Thursday,4,2808,30,18,77,1,1,0,1792,0.1053,3,0,6261
gaming,Tuesday,9,967229,30,2,252,0,0,0,44680,0.0699,1,0,598273
motivation,Saturday,21,328,30,12,235,1,0,0,611,0.0592,4,0,10984
travel,Monday,20,1835,30,5,76,0,0,0,52153,0.1164,0,1,25696
gaming,Monday,3,761,30,25,72,0,1,1,4428,0.1392,4,0,5337
fitness,Friday,13,2943,15,10,26,1,1,0,3168,0.1376,9,0,19010
education,Friday,12,2626,30,3,37,1,1,0,20,0.085,2,0,2511
comedy,Thursday,0,1472,15,2,253,1,0,0,15,0.0165,6,0,2417
motivation,Saturday,15,3709,30,3,85,1,0,1,43,0.0156,6,0,3540
fashion,Sunday,22,15363,60,2,30,1,0,0,1680,0.0634,2,0,8291
motivation,Monday,8,59493,30,12,204,1,0,0,4956,0.1113,4,1,38033
comedy,Monday,21,2945,45,14,192,1,1,0,3194,0.0771,8,0,5159
food,Monday,15,4966,60,11,229,0,0,0,1182,0.096,3,0,5668
education,Sunday,18,11314,15,14,180,1,1,0,6678,0.1273,1,0,38110
dance,Monday,14,531,60,30,244,1,0,0,11954,0.0108,2,0,20905
gaming,Wednesday,13,3733,7,25,39,1,0,0,591,0.139,0,0,15526
travel,Saturday,19,1978,60,10,156,1,1,0,3348,0.053,4,0,7349
travel,Tuesday,9,27268,15,10,167,1,0,0,2363,0.0118,8,1,8184
dance,Tuesday,20,115068,15,12,157,1,1,0,5500,0.1261,1,0,134677
motivation,Thursday,11,1213,30,11,129,1,0,0,2111,0.1405,2,0,3455
education,Wednesday,0,49216,60,5,81,1,1,0,1859,0.1165,2,0,15406
finance,Monday,20,355,15,28,155,1,1,0,327,0.1217,6,0,3564
gaming,Monday,16,7053,45,22,174,1,0,0,1654,0.1313,9,0,18457
fitness,Friday,8,7847,45,19,287,1,0,0,555,0.0807,6,1,8694
comedy,Friday,22,340,15,18,87,1,0,0,129,0.1037,0,0,17298
motivation,Thursday,18,1106,30,18,101,1,1,0,1998,0.0465,2,0,9212
fashion,Monday,17,928,30,26,247,0,0,0,141,0.0412,0,0,3049
food,Thursday,6,463,15,2,205,1,0,0,1006,0.0933,8,0,4926
travel,Wednesday,8,100,45,15,88,1,1,0,527,0.1115,6,0,12666
motivation,Tuesday,21,3384,90,8,287,1,1,0,356,0.0626,4,0,1703
food,Monday,20,4204,45,26,95,1,1,0,18226,0.063,6,0,22661
comedy,Saturday,11,4145,90,26,158,0,0,1,29044,0.1434,2,0,26650
travel,Sunday,6,19501,7,13,113,1,0,0,605,0.0802,2,0,14623
travel,Wednesday,13,150,7,29,23,0,1,0,8060,0.148,0,0,11655
finance,Monday,14,2475,60,27,162,1,0,0,46,0.1301,4,0,3896
motivation,Sunday,14,492850,60,30,285,1,1,0,103,0.0978,6,0,181796
education,Saturday,5,24249,15,2,54,1,1,1,970,0.0063,2,0,3770
dance,Friday,20,24500,30,2,63,1,0,0,129,0.0479,4,0,10803
dance,Thursday,13,788,60,23,32,1,0,0,2324,0.0656,9,0,16849
fitness,Friday,1,3454,15,19,45,1,0,0,1948,0.0997,0,0,7079
fashion,Tuesday,7,100,15,6,218,0,0,0,997,0.0624,6,0,4707
food,Friday,12,14099,45,18,288,0,0,0,124792,0.125,7,0,72569
motivation,Monday,22,61116,90,23,195,1,1,0,2289,0.1011,7,0,37216
gaming,Saturday,5,361,45,2,252,1,0,1,3470,0.0553,0,0,6405
fashion,Friday,4,610,45,20,285,0,0,0,2896,0.1187,3,0,9545
finance,Monday,4,4639,15,0,235,1,0,0,180,0.0489,8,0,2274
travel,Tuesday,0,6476,45,11,78,1,0,0,54203,0.0141,1,1,7093
education,Sunday,8,1853,15,20,91,1,0,0,66,0.03,0,0,11808
motivation,Saturday,5,1132,90,5,95,1,0,1,1939,0.0054,5,0,3894
fashion,Friday,19,1154,30,6,227,1,0,0,4859,0.1257,0,0,8484
fashion,Thursday,6,4499,30,1,285,0,0,0,7842,0.0959,5,0,10738
education,Thursday,8,14115,60,17,234,1,0,0,588,0.0877,0,0,10717
fitness,Saturday,4,4497,7,29,101,1,1,0,4851,0.101,5,0,9580
food,Thursday,13,3786,90,24,251,1,0,0,134,0.0998,8,0,10966
food,Friday,4,207,30,14,139,1,0,0,30972,0.087,4,0,22381
fashion,Friday,7,23405,15,14,142,1,1,0,791,0.1271,3,0,47509
comedy,Saturday,6,4480,15,9,239,1,1,0,406,0.0689,7,0,21204
fashion,Friday,12,2239,60,16,265,0,0,1,306,0.1217,3,1,4703
fashion,Sunday,12,7779,60,17,60,1,0,0,1987,0.1191,3,0,9829
education,Monday,7,1076,7,17,22,1,1,0,46,0.0339,8,1,7187
travel,Tuesday,10,2324,7,30,10,1,0,0,6435,0.0708,0,0,2290
education,Sunday,17,5964,60,28,15,1,0,0,332,0.1261,2,0,6447
motivation,Sunday,18,1448,15,14,48,1,0,0,14896,0.1255,3,0,10587
fashion,Thursday,5,254,30,25,169,1,1,0,91,0.0085,7,0,6799
food,Monday,21,189,30,22,118,1,0,0,1428,0.0373,0,0,3622
gaming,Saturday,1,10963,60,5,41,1,0,0,3320,0.0665,2,0,6621
food,Thursday,12,4647,30,8,9,1,0,0,4123,0.0118,1,0,4598
dance,Monday,22,4360,30,10,48,1,0,0,390,0.0428,5,0,8127
fitness,Friday,10,607,90,14,264,1,0,0,92,0.0425,8,0,9801
finance,Saturday,0,4736,15,22,206,1,1,0,439,0.0361,9,1,10076
motivation,Saturday,23,2390,15,2,166,1,0,0,11308,0.0625,8,0,7956
motivation,Thursday,1,1668,7,18,1,1,1,0,72009,0.1229,9,0,15386
fitness,Friday,16,4293,90,0,67,1,0,1,42,0.0404,4,0,11973
gaming,Thursday,7,8379,45,23,209,1,0,0,250,0.0894,2,0,11118
finance,Wednesday,1,114671,7,16,138,1,0,0,34,0.0858,7,0,29353
travel,Monday,5,13595,45,10,36,1,0,0,366,0.1236,8,0,7736
fashion,Wednesday,21,23008,30,29,217,0,0,0,306,0.0621,8,0,22127
finance,Monday,4,35895,90,17,277,1,1,0,100,0.0374,0,0,5693
gaming,Tuesday,15,1242,15,10,179,1,0,0,30516,0.1343,9,0,17326
comedy,Sunday,7,2758,45,27,4,0,0,0,10869,0.1258,4,1,46768
dance,Saturday,18,964,30,6,129,1,1,0,1784,0.0951,9,0,4324
finance,Thursday,15,1440,7,0,132,1,0,0,879,0.0185,8,0,1469
finance,Tuesday,12,2273,60,11,98,0,0,0,6535,0.0073,2,0,2671
dance,Tuesday,19,1379,15,3,159,1,0,0,147,0.0315,6,1,6314
fashion,Saturday,6,7356,45,24,235,1,0,0,1766,0.0335,8,0,26865
finance,Saturday,15,10711,45,7,146,1,1,0,326,0.0248,1,0,4162
dance,Monday,22,468,30,14,114,1,0,0,119013,0.043,1,0,86650
dance,Wednesday,15,2802,7,10,3,1,1,0,72,0.054,4,0,2384
dance,Friday,11,2858,90,29,86,1,1,0,636,0.1144,7,0,3355
education,Monday,13,347,15,28,45,1,0,0,82,0.1079,9,0,4551
gaming,Friday,23,1237,30,7,82,1,0,0,4935,0.0201,4,0,4706
education,Tuesday,17,23675,45,11,153,1,1,0,4913,0.1467,7,1,13109
comedy,Friday,17,23133,90,2,281,1,1,0,271,0.1141,3,0,3600
travel,Wednesday,15,261,30,20,287,1,0,0,91,0.0287,8,1,1673
education,Monday,19,11496,15,30,110,1,1,0,506,0.0231,3,0,4219
education,Saturday,15,348,60,3,116,1,1,0,271,0.0177,4,0,2143
gaming,Wednesday,12,2385,15,26,96,1,0,0,1246,0.1111,6,0,11575
travel,Sunday,8,4125,7,11,281,1,1,0,27988,0.0393,8,0,13133
fitness,Wednesday,8,19053,60,7,188,1,0,0,4116,0.0156,4,1,8137
dance,Sunday,12,3589,30,26,87,1,0,0,5005,0.0662,6,0,11022
motivation,Monday,3,792,7,22,86,1,0,0,1087,0.1078,3,0,8234
travel,Saturday,8,583,30,29,25,1,0,0,216885,0.0492,1,0,125977
comedy,Wednesday,14,6650,15,22,30,1,1,0,1384,0.075,1,0,8180
fashion,Sunday,13,1570,7,9,125,1,0,0,4680,0.0329,4,0,4672
comedy,Saturday,18,2355,15,25,197,1,0,0,9870,0.0672,1,0,8151
dance,Thursday,11,28193,45,22,30,1,1,1,990,0.057,1,0,25535
travel,Thursday,20,10751,45,0,231,1,0,1,1660,0.0679,1,0,6601
comedy,Thursday,5,85512,30,12,44,0,0,0,350,0.0725,3,0,24215
comedy,Friday,2,786,15,30,188,1,0,1,1136,0.0184,7,0,8437
fitness,Wednesday,21,1371,45,6,51,1,0,0,20473,0.0185,6,0,7765
fitness,Monday,19,6840,30,19,51,1,1,0,11246,0.0428,4,0,36935
travel,Monday,15,129811,30,27,78,1,0,0,4337,0.0218,6,0,7215
dance,Friday,19,1175,60,2,48,0,0,0,6772,0.0417,5,0,26388
education,Monday,23,5266,30,28,229,1,0,0,1017,0.0086,7,0,3795
food,Sunday,22,53008,30,15,43,1,0,0,7305,0.0559,7,1,29878
finance,Thursday,16,5376,90,11,291,1,0,1,808,0.0359,6,0,5737
motivation,Wednesday,15,30822,30,28,246,1,0,0,41,0.1344,4,0,11602
finance,Monday,5,166621,30,30,218,1,0,0,42825,0.1294,5,0,84812
gaming,Monday,7,8360,30,4,21,1,0,0,728,0.0486,9,0,7794
fitness,Tuesday,18,11217,15,17,129,1,0,0,9032,0.0739,7,0,23803
travel,Tuesday,1,18719,45,7,6,1,0,0,530,0.1436,6,0,14957
finance,Tuesday,13,965,45,11,271,0,0,0,5,0.081,4,0,2481
dance,Wednesday,21,341,15,27,43,1,1,1,948,0.128,9,0,19273
motivation,Thursday,11,6536,7,24,239,1,1,1,27,0.1248,7,0,9241
finance,Saturday,16,1595,90,20,64,1,0,0,4967,0.1415,3,0,12761
motivation,Thursday,14,32694,30,2,245,1,1,0,693,0.0493,5,0,13513
fashion,Thursday,17,8653,15,15,72,1,1,0,12553,0.0113,3,0,19792
dance,Wednesday,15,31712,15,9,70,1,0,0,1748,0.0201,4,0,5343
food,Sunday,12,565,30,22,196,1,1,0,139,0.0878,9,0,3063
comedy,Sunday,20,29814,15,16,188,1,0,0,4186,0.0819,2,0,15872
motivation,Wednesday,16,100,7,9,157,1,1,0,48,0.0483,1,0,1099
dance,Tuesday,7,655,45,2,24,1,0,0,593,0.0411,0,0,2005
motivation,Monday,0,15337,45,24,70,1,1,0,26,0.1079,2,0,8087
motivation,Friday,2,1989,15,1,222,1,0,0,2208,0.0544,0,0,2038
education,Friday,15,2365,7,26,159,1,0,0,1798,0.0926,5,0,2839
education,Saturday,1,5961,30,13,74,1,1,0,1411,0.1083,1,0,13989
dance,Monday,14,63545,15,8,137,1,1,0,168,0.0674,2,0,74615
education,Saturday,0,154,30,26,40,1,1,0,16396,0.033,7,0,17138
gaming,Tuesday,8,46521,15,16,15,1,1,0,6750,0.1298,4,0,87567
food,Saturday,15,51711,15,3,188,1,1,0,1751,0.0186,1,0,7946
travel,Monday,3,1982,30,27,27,1,1,0,343,0.1253,1,0,5229
dance,Monday,11,1406,90,25,162,1,0,0,544,0.1263,2,0,7804
dance,Friday,0,3974,15,28,54,1,0,0,1063,0.0878,2,0,12687
gaming,Sunday,0,1354,15,21,273,1,0,0,121,0.0963,7,1,8790
fitness,Tuesday,6,9141,15,14,101,0,1,0,6040,0.0569,4,0,13963
fitness,Wednesday,17,11556,30,12,41,1,0,0,13611,0.127,7,0,14581
education,Saturday,22,299,60,22,262,1,0,0,33461,0.0432,3,1,54744
travel,Friday,22,937,30,30,170,1,0,0,551,0.0862,8,0,8725
education,Saturday,14,582,60,30,207,1,1,0,17232,0.0053,2,0,19445
fashion,Saturday,12,7233,15,18,48,1,0,1,19493,0.1413,1,0,20225
fashion,Wednesday,15,23628,60,8,59,1,0,0,309,0.1425,5,0,11856
comedy,Tuesday,6,711,15,3,5,1,0,0,147,0.108,3,0,596
fashion,Monday,15,23330,7,20,147,1,0,0,9635,0.0664,1,0,6739
fitness,Thursday,12,930,15,7,286,1,0,1,366,0.0309,5,0,3003
food,Saturday,13,17917,15,30,210,1,0,0,252,0.0764,3,0,13600
fashion,Thursday,16,2949,30,27,149,1,0,0,5612,0.1198,9,0,7528
education,Tuesday,11,2219,30,14,84,1,1,0,68,0.0928,3,0,1555
motivation,Thursday,23,38422,45,13,159,0,1,0,449,0.0815,9,0,14554
dance,Saturday,23,122742,7,2,46,1,0,0,26,0.1282,3,0,134766
food,Wednesday,19,149,30,23,161,1,1,0,204,0.0504,3,0,5656
food,Thursday,12,14457,15,29,154,0,1,0,294,0.1297,7,0,33518
education,Tuesday,23,6762,30,29,229,1,1,0,244,0.0687,0,0,7954
dance,Tuesday,19,16061,7,26,299,1,0,0,463,0.0054,8,0,9560
fitness,Sunday,14,368,7,16,157,1,0,0,18,0.1111,2,0,6607
food,Sunday,23,698,30,7,160,1,1,0,146,0.1323,4,0,1402
comedy,Wednesday,20,1467,60,13,246,1,0,0,16150,0.0752,4,0,11484
education,Thursday,3,7212,45,12,55,1,0,1,1990,0.0709,3,0,4943
food,Thursday,21,1314,7,14,150,1,0,0,393,0.1218,3,0,8112
travel,Sunday,1,2747,15,10,298,1,1,1,295,0.1333,6,0,10287
dance,Monday,17,21915,15,26,53,1,0,0,5066,0.1463,3,0,14319
fashion,Friday,1,196391,30,14,222,1,0,0,1302,0.0551,9,0,64786
food,Tuesday,14,19274,30,11,253,1,1,0,116,0.0912,2,0,14103
education,Monday,18,23084,15,25,67,0,1,0,377,0.1243,8,0,48322
fashion,Tuesday,14,3542,30,23,52,1,0,0,92,0.0821,3,0,13121
comedy,Monday,19,989,30,21,244,1,0,0,274,0.072,3,0,8997
fashion,Sunday,9,2733,30,20,39,1,1,0,4316,0.0879,9,0,20902
travel,Sunday,23,4428,15,8,137,1,0,0,3531,0.0567,7,0,5916
fitness,Friday,19,608,30,21,265,1,1,0,8589,0.0329,6,0,28777
food,Monday,10,21316,15,14,137,1,1,1,1457,0.0147,3,0,11640
finance,Tuesday,9,75736,60,0,291,1,0,1,53,0.0934,7,0,26625
finance,Thursday,22,6126,45,11,209,1,0,0,90,0.06,9,0,8048
fashion,Tuesday,4,34590,15,5,171,1,0,0,2830,0.133,1,0,16077
gaming,Saturday,8,43268,15,0,184,1,1,0,1344,0.0373,8,0,36101
dance,Sunday,19,763,15,21,298,1,0,0,107,0.0501,1,0,6478
finance,Wednesday,18,215,30,18,239,1,0,0,552,0.1457,9,0,7542
gaming,Wednesday,12,2001,90,21,210,1,0,0,48999,0.0857,2,0,25652
finance,Sunday,17,5840,15,12,150,1,0,0,7066,0.0553,5,0,4103
gaming,Saturday,16,570,60,5,123,1,0,0,21965,0.1298,6,0,13876
dance,Wednesday,5,63576,30,16,48,1,0,0,103,0.1128,8,0,35140
motivation,Sunday,9,164036,60,12,123,1,1,0,30970,0.0881,7,1,241180
finance,Wednesday,1,6785,45,8,67,1,0,0,387,0.1339,5,0,5488
travel,Sunday,23,839,45,7,230,1,0,0,25448,0.0186,7,0,20989
food,Friday,5,11793,30,30,8,1,1,0,2245,0.0622,4,0,26446
gaming,Thursday,20,834,60,14,265,0,1,0,3854,0.1225,9,0,9236
food,Thursday,12,38467,15,17,124,1,1,1,4399,0.061,9,0,44472
education,Tuesday,17,3240,60,1,111,1,0,0,1336,0.1394,8,0,4158
education,Saturday,6,18197,30,20,53,1,0,0,3522,0.0271,3,0,14094
dance,Sunday,1,24919,30,30,88,1,0,0,142,0.0538,0,1,19206
gaming,Monday,13,12943,90,25,94,1,1,0,847,0.0667,7,0,15011
comedy,Tuesday,4,122211,60,1,249,1,1,0,5225,0.1046,4,0,85731
education,Tuesday,17,6774,45,10,165,1,1,0,1363,0.0333,8,0,2036
dance,Sunday,10,1986,15,0,226,1,0,1,543,0.0064,2,0,1116
education,Sunday,9,111,90,17,135,0,1,0,1750,0.1466,8,0,10834
education,Tuesday,10,100,45,20,64,1,1,0,71,0.1353,7,0,5408
comedy,Tuesday,1,15893,30,26,4,0,0,0,8885,0.0485,5,0,6857
finance,Thursday,14,3530,90,30,119,1,0,0,17,0.0751,9,0,7863
fashion,Monday,6,1132,15,25,218,1,0,0,1043,0.0759,9,0,4678
motivation,Tuesday,8,661,15,29,42,1,0,1,5016,0.131,7,0,7058
education,Thursday,4,18652,30,6,187,1,0,0,1290,0.0916,7,0,8148
education,Tuesday,6,836,7,20,25,1,1,0,429,0.1248,6,0,8434
travel,Wednesday,19,92520,45,16,266,1,1,1,9889,0.1372,6,0,154660
motivation,Tuesday,1,338329,15,15,161,1,1,0,276,0.0871,2,0,122617
comedy,Sunday,2,972,15,6,232,1,0,0,31869,0.0464,6,0,12649
food,Saturday,1,16410,30,21,129,1,0,0,720,0.0773,2,0,9486
gaming,Saturday,20,10851,30,6,20,1,1,0,671,0.1284,8,0,80816
education,Tuesday,21,830,15,1,127,1,0,0,4704,0.0896,4,0,1796
fashion,Friday,22,839,7,4,75,1,0,0,589,0.1349,7,0,3171
gaming,Wednesday,18,3941,30,13,72,1,1,0,1328,0.1348,2,0,10931
motivation,Monday,3,633,45,7,232,1,0,0,3437,0.0591,2,0,3369
gaming,Tuesday,23,35040,60,28,105,1,0,0,94,0.07,2,0,19572
finance,Monday,19,3155,7,11,8,0,0,1,3735,0.1033,7,0,6819
education,Wednesday,6,653,30,6,118,1,1,0,37,0.0211,8,0,1613
gaming,Tuesday,21,4187,15,5,49,1,0,0,1068,0.0725,6,0,5534
food,Friday,6,11379,30,12,9,1,0,0,537,0.0267,0,0,3112
food,Thursday,16,1334,90,21,112,1,1,0,79,0.128,5,0,6653
education,Friday,18,135,30,11,265,1,0,0,32302,0.1417,2,0,30383
fitness,Sunday,21,6170,30,16,77,1,0,0,1532,0.0255,0,0,8148
food,Friday,15,549,15,15,35,1,0,0,297,0.1018,9,0,2904
gaming,Thursday,2,1177,90,0,201,1,0,0,1456,0.0973,1,0,1490
dance,Sunday,14,11434,30,6,117,1,0,0,158517,0.1152,2,0,54851
food,Thursday,13,1705,30,2,189,1,1,0,149,0.1059,6,0,3586
motivation,Saturday,14,3812,30,5,241,1,0,0,4088,0.0365,5,1,33444
fitness,Thursday,13,67204,15,27,292,1,1,0,176,0.0472,1,1,36021
gaming,Tuesday,6,2607,60,20,168,1,0,0,2877,0.029,4,0,7075
comedy,Monday,2,186907,7,2,229,1,0,0,293,0.1386,0,0,86669
travel,Saturday,16,18617,45,21,47,1,0,0,790,0.0807,2,0,6114
comedy,Saturday,9,919,30,2,149,1,0,0,1504,0.1465,0,0,2006
finance,Monday,14,2085,15,7,207,1,0,0,15369,0.0702,2,0,5020
travel,Saturday,5,506,15,13,60,1,0,0,57,0.0851,1,0,4627
finance,Thursday,16,15481,45,30,116,1,0,1,32837,0.1194,3,0,20040
travel,Friday,16,53323,15,22,238,0,1,0,23,0.1206,4,0,30291
travel,Wednesday,13,2578,15,8,47,0,0,0,2111,0.0385,2,0,4403
dance,Thursday,23,172,7,4,244,1,0,0,1237,0.0468,9,0,8077
fashion,Sunday,17,9403,45,27,292,1,1,0,843,0.0192,4,0,11930
motivation,Sunday,4,1041,60,14,4,1,0,0,1179,0.1218,6,0,2852
comedy,Friday,7,1367,60,16,99,0,1,0,3113,0.1201,9,0,5554
food,Friday,6,8610,30,26,204,0,1,0,2761,0.0168,8,1,5921
gaming,Saturday,22,45142,30,9,179,0,1,1,765,0.0423,7,0,76640
fitness,Tuesday,3,18603,15,30,16,1,0,0,4476,0.0702,5,0,6503
motivation,Tuesday,17,10647,15,26,89,1,1,1,692,0.0836,8,0,11441
finance,Saturday,4,3703,60,7,107,1,1,0,1322,0.0808,7,0,3861
dance,Saturday,15,456,45,17,189,1,1,0,11109,0.1475,3,0,14825
finance,Monday,13,9193,45,5,179,1,1,0,11770,0.1158,1,0,13059
fashion,Monday,18,17888,30,16,248,1,0,0,8915,0.0214,8,0,10819
fitness,Wednesday,13,1683,60,21,250,0,1,0,141,0.0476,5,0,9591
dance,Wednesday,8,2541,90,3,19,0,0,0,2572,0.0551,9,0,5513
finance,Wednesday,5,36246,15,20,96,1,0,0,2759,0.0507,7,0,6084
fashion,Wednesday,16,2424,15,14,221,0,0,1,37617,0.119,7,0,25230
gaming,Friday,18,3019,30,9,143,1,0,0,5354,0.0573,3,0,16142
gaming,Friday,11,4191,15,22,6,1,0,0,312,0.0764,9,0,9874
finance,Monday,3,16285,60,12,267,1,1,0,511,0.0824,4,0,3589
motivation,Tuesday,15,8333,15,21,295,1,1,1,6,0.0442,0,0,3716
fitness,Saturday,10,7293,30,0,0,1,1,1,939,0.0518,8,0,8809
education,Sunday,21,75520,30,24,57,1,1,0,523,0.1181,6,0,213722
motivation,Tuesday,3,2351,30,21,263,1,0,0,384,0.1307,0,0,7915
gaming,Thursday,16,888,15,21,89,1,0,0,230,0.0104,9,0,4260
fitness,Friday,7,30939,90,8,74,1,0,1,23722,0.0927,9,0,32996
fashion,Wednesday,13,7447,15,27,260,1,0,0,5,0.0968,2,0,20997
dance,Wednesday,1,1701,45,25,281,1,1,0,86,0.1119,8,0,9144
travel,Thursday,10,2571,45,4,242,0,1,0,129751,0.1056,0,0,34469
finance,Tuesday,10,496,15,10,118,1,0,0,7849,0.1322,5,0,3854
comedy,Wednesday,23,7457,90,30,46,0,0,0,2021,0.0164,4,0,3735
fitness,Tuesday,21,354,30,21,167,1,0,0,1086,0.0613,3,0,11351
food,Saturday,23,16775,30,21,26,1,0,1,340,0.1184,0,0,25762
fashion,Thursday,5,1919,30,22,295,1,0,0,85,0.1278,6,0,11829
education,Sunday,20,399,30,24,0,1,0,0,2287,0.0434,0,0,11962
travel,Tuesday,20,35420,15,20,173,1,0,0,5428,0.0899,0,0,19815
food,Saturday,13,285360,45,20,166,1,1,0,274,0.0312,1,0,239492
education,Tuesday,9,10798,30,3,17,1,0,0,28,0.1284,8,0,15227
comedy,Tuesday,7,2940,15,25,90,0,1,1,4143,0.1109,0,0,15244
gaming,Wednesday,6,872,45,19,201,1,1,0,5169,0.0372,7,0,16542
motivation,Monday,7,7873,45,15,20,0,0,1,5789,0.0954,0,0,9433
finance,Friday,7,15461,30,27,155,1,1,0,798,0.0789,0,0,9097
dance,Tuesday,22,4976,7,23,13,1,0,0,14,0.0425,8,0,27669
education,Tuesday,1,24631,30,28,19,1,0,0,94,0.1345,7,0,10272
travel,Tuesday,15,74981,7,17,243,0,0,0,14353,0.0264,0,0,26365
fitness,Monday,8,509,30,25,172,1,1,0,73,0.0728,6,0,22388
gaming,Saturday,12,8343,60,7,121,0,0,0,4446,0.0895,7,0,22259
fitness,Sunday,22,159,7,1,183,1,0,0,142,0.1244,1,0,1211
travel,Sunday,11,1135,15,30,67,1,0,0,116,0.0268,3,0,2751
fitness,Thursday,21,17957,45,16,292,1,0,0,42266,0.0933,1,1,31111
education,Wednesday,16,4517,7,9,158,1,1,1,45511,0.006,5,0,26426
fashion,Monday,1,270,7,12,48,1,1,0,1520,0.1243,4,0,2201
fitness,Saturday,12,32527,30,14,180,1,0,1,416,0.039,4,0,10744
motivation,Tuesday,0,1848,45,8,294,1,0,0,8639,0.1095,7,1,2248
comedy,Saturday,18,22733,45,26,140,0,1,0,46,0.0923,0,0,33016
dance,Monday,10,12367,45,7,17,1,1,0,12371,0.0123,9,0,9458
education,Monday,4,1097,30,5,139,1,1,0,62380,0.0316,1,0,24908
food,Monday,0,23482,60,3,71,1,0,0,3502,0.0438,0,0,3253
travel,Thursday,19,8721,7,17,241,1,0,1,107,0.1336,3,0,24897
gaming,Friday,12,6735,15,23,260,1,1,0,23137,0.0747,1,1,14848
education,Wednesday,7,2116,15,2,262,1,0,0,2049,0.1375,9,1,2394
fashion,Thursday,5,675,15,25,142,1,1,1,828,0.0119,6,0,5521
gaming,Thursday,16,2313,15,3,194,1,1,0,157,0.006,4,0,2047
motivation,Friday,11,2224,30,20,145,1,0,0,112,0.1425,4,1,6752
travel,Thursday,0,22763,30,12,293,1,1,0,11012,0.11,0,0,8652
gaming,Monday,2,252,15,19,25,1,0,0,941,0.1186,1,0,3655
fitness,Monday,13,69375,45,10,58,1,1,0,922,0.1378,4,0,21975
education,Saturday,7,76578,45,7,51,0,1,0,1411,0.1478,6,0,25330
comedy,Tuesday,10,1550,15,24,148,1,1,0,22,0.0192,0,1,9013
travel,Thursday,13,61256,15,13,106,1,1,0,1049,0.028,6,0,47401
finance,Tuesday,7,804,15,13,58,1,0,0,1082,0.0323,1,0,3005
motivation,Wednesday,2,37377,15,15,257,1,1,0,21813,0.1237,1,0,8546
dance,Sunday,6,1123,45,13,280,1,1,1,5740,0.0566,8,1,11478
travel,Monday,18,31577,7,0,18,0,0,0,96,0.091,7,0,18604
fashion,Saturday,3,369,15,1,165,1,0,0,499,0.129,9,0,2395
education,Wednesday,15,34514,15,27,24,1,0,1,8888,0.1041,3,0,32249
fitness,Saturday,12,49983,60,19,3,1,0,0,81,0.0145,4,0,26513
dance,Sunday,19,348,7,0,2,1,1,1,32598,0.0696,8,0,20648
dance,Sunday,18,116199,45,10,26,1,0,0,1011,0.0148,3,0,18834
motivation,Friday,4,30739,7,5,218,1,0,0,3204,0.0744,9,0,18989
gaming,Monday,22,134,45,14,43,1,0,0,453,0.0368,7,0,11079
fashion,Wednesday,4,2034,60,11,211,1,1,0,440,0.0052,4,0,5334
gaming,Friday,19,31814,30,4,51,1,1,0,173,0.1229,0,0,96401
fitness,Sunday,23,18062,60,28,152,1,0,0,23709,0.1456,6,0,29877
dance,Wednesday,3,6010,45,22,201,1,1,0,3581,0.1448,9,1,11527
fashion,Saturday,1,26116,45,11,10,1,0,0,158,0.0484,2,0,15609
fashion,Friday,12,1019,45,21,67,1,0,0,4496,0.1252,6,0,22539
food,Friday,15,5352,15,13,226,1,1,0,7193,0.1034,7,0,13763
education,Monday,21,1072,30,13,120,0,0,0,9536,0.121,3,1,7661
dance,Tuesday,1,6264,90,18,14,1,0,0,1925,0.1277,5,1,13613
dance,Saturday,18,29787,15,4,56,1,0,0,1543,0.1471,9,0,50304
fashion,Saturday,16,20066,90,2,63,0,0,0,170,0.027,6,0,5274
gaming,Friday,4,7340,30,24,229,1,0,1,15729,0.1166,7,1,18412
dance,Friday,17,29186,30,17,10,1,0,1,4160,0.1115,2,0,20637
fashion,Monday,22,34846,45,5,120,1,1,0,7925,0.0467,6,1,25158
dance,Tuesday,20,124889,60,8,223,0,0,1,25,0.0619,4,0,49372
fashion,Saturday,17,40192,30,25,224,1,0,1,7429,0.0306,6,1,34328
food,Sunday,7,16019,7,6,124,1,0,0,1153,0.1374,5,0,17283
education,Thursday,14,26406,45,20,147,1,1,0,5740,0.1325,4,0,34042
fashion,Thursday,12,7619,90,17,227,0,1,0,99,0.094,2,0,13887
dance,Tuesday,12,2969,30,1,29,1,1,0,41205,0.0792,9,0,18016
fitness,Wednesday,15,23428,15,19,9,0,0,0,297,0.0388,1,0,11999
education,Monday,21,19203,15,9,53,1,1,0,10977,0.1195,2,0,16609
food,Tuesday,19,8312,60,11,185,1,0,1,728,0.0062,1,0,5344
fashion,Thursday,12,3462,7,1,206,1,1,0,44382,0.0721,2,0,30440
fitness,Friday,19,3133,30,27,254,1,0,0,1989,0.1298,1,1,14377
fashion,Thursday,1,2355,15,12,156,1,1,0,47547,0.0947,0,0,76203
gaming,Friday,2,47111,15,28,128,1,0,0,953,0.0971,8,0,35995
dance,Monday,14,40993,15,7,57,1,0,0,118,0.0153,9,0,9285
travel,Friday,22,37945,15,25,194,1,1,0,1982,0.0466,4,0,88345
motivation,Tuesday,18,740,45,22,75,1,1,1,840,0.1027,8,0,3569
comedy,Friday,12,2574,15,6,88,1,0,0,327,0.0122,7,0,4582
gaming,Wednesday,4,3092,15,2,80,0,1,0,13177,0.053,6,0,5021
fitness,Tuesday,21,1650,30,22,185,1,0,0,73,0.0563,5,1,7489
gaming,Monday,5,140459,60,7,267,1,1,1,50168,0.0773,3,1,87915
finance,Tuesday,13,10105,45,20,78,1,1,0,757,0.0575,9,0,10588
fashion,Wednesday,3,8879,7,0,144,1,0,0,71,0.0708,9,0,4671
fashion,Monday,21,2124,7,14,128,1,0,0,2391,0.0843,6,0,10827
comedy,Thursday,18,23196,30,0,13,1,0,0,1580,0.0236,6,0,11082
comedy,Wednesday,22,253917,60,11,118,0,0,0,806,0.0312,0,0,163309
finance,Monday,6,5685,15,10,1,1,1,1,311,0.1257,8,0,2916
dance,Sunday,3,3228,15,15,3,1,1,1,15186,0.0717,3,0,3676
motivation,Friday,1,4175,45,29,243,1,1,1,3225,0.0565,6,1,11811
travel,Tuesday,6,2752,30,3,65,0,0,0,415,0.0679,8,0,2848
travel,Monday,2,4889,30,1,245,1,0,0,2431,0.0303,1,0,3804
food,Tuesday,14,1634,15,22,89,1,0,1,230,0.0398,7,0,10233
food,Friday,0,996,15,28,177,0,1,0,7762,0.0798,3,0,10172
dance,Monday,1,4730,15,2,59,1,0,0,72656,0.057,3,0,21630
food,Thursday,9,5687,15,27,231,1,1,0,10038,0.0739,2,0,20821
food,Sunday,15,3006,90,3,175,1,0,0,292,0.0267,9,0,3294
finance,Sunday,14,67681,7,24,166,1,1,0,160,0.0277,3,0,27620
finance,Wednesday,23,10382,30,17,197,1,0,1,1336,0.0607,8,0,4524
food,Monday,14,18702,30,11,59,0,1,1,43,0.0599,0,0,12186
gaming,Friday,13,19618,15,23,82,1,0,0,6835,0.1331,8,0,26058
education,Monday,21,5933,60,0,73,1,1,0,4152,0.0099,9,1,10293
education,Tuesday,13,7284,45,2,25,1,1,0,806,0.149,8,0,8674
dance,Saturday,5,1044,90,3,242,1,0,0,613,0.1437,0,0,2592
travel,Monday,13,16006,15,29,115,1,0,1,879,0.0836,8,0,9804
comedy,Sunday,16,2697,7,5,179,1,1,0,24924,0.1092,5,0,8030
dance,Sunday,17,1553,15,16,261,0,0,0,487,0.1406,7,0,2182
food,Sunday,19,51202,15,29,113,1,1,0,100,0.0414,7,0,64567
finance,Thursday,18,446,30,7,265,1,1,0,229,0.0508,7,0,3481
fashion,Monday,16,108481,60,17,37,1,0,0,7933,0.0211,7,0,10255
gaming,Wednesday,15,94077,15,15,76,1,0,0,160,0.0868,0,0,38085
fitness,Monday,7,3294,60,20,101,1,1,0,12054,0.0281,0,0,8028
finance,Saturday,6,122193,30,5,11,0,1,0,732,0.14,6,0,103350
education,Sunday,19,993,30,23,48,1,1,0,30,0.0676,8,0,4446
finance,Tuesday,11,29417,15,18,253,1,0,1,4901,0.1384,9,0,18077
gaming,Sunday,8,5065,15,27,248,1,1,0,637,0.0347,7,0,13072
comedy,Monday,13,190,60,24,71,1,0,0,2305,0.1056,4,0,10111
food,Thursday,19,1578,15,27,196,1,1,0,315,0.0989,7,0,8142
fashion,Friday,0,3589,45,20,252,1,0,0,12859,0.063,8,0,14408
education,Monday,9,19974,30,7,298,0,0,1,2673,0.1353,6,0,6270
education,Monday,16,2082,60,3,221,1,0,0,83514,0.068,9,0,65892
motivation,Wednesday,16,3005,45,27,59,1,0,0,4541,0.0338,2,0,6126
travel,Thursday,16,13013,15,8,156,1,1,1,688,0.1467,8,0,24252
comedy,Saturday,3,11832,30,7,201,1,0,0,194,0.069,4,0,6876
education,Friday,16,4166,7,20,266,1,0,0,64,0.0352,7,0,2694
travel,Sunday,17,2849,30,18,34,1,0,1,847,0.0577,0,1,3143
education,Tuesday,19,26655,7,0,254,0,0,1,916,0.094,0,0,11785
food,Monday,22,2820,30,30,22,1,0,0,26422,0.0792,2,0,19867
travel,Saturday,1,577,15,20,164,1,0,0,481,0.0971,1,0,10155
gaming,Friday,7,2416,90,20,27,1,0,0,8344,0.101,4,0,11531
motivation,Tuesday,12,13151,30,3,52,1,0,0,885,0.0229,8,0,3685
food,Saturday,22,3756,60,9,283,1,0,1,48227,0.0507,8,0,71016
gaming,Thursday,21,1988,7,25,297,0,0,0,47,0.1136,7,0,4415
fashion,Thursday,19,513,30,7,84,1,1,0,16384,0.0993,4,0,15724
comedy,Friday,21,3793,15,2,123,1,1,0,404,0.0178,2,0,4969
comedy,Sunday,14,7407,30,11,206,1,1,0,6523,0.0507,5,0,18646
fitness,Tuesday,19,801,60,25,164,1,1,0,25426,0.14,7,0,28367
fitness,Thursday,22,3495,90,8,46,1,1,0,543,0.13,5,0,27349
travel,Friday,8,686,15,2,155,1,0,0,122,0.1022,6,0,2009
comedy,Thursday,2,3897,90,3,265,0,0,1,100,0.0156,6,0,2456
travel,Thursday,2,109742,45,5,278,1,1,1,198,0.093,6,0,69450
fitness,Saturday,1,6694,90,8,4,1,1,0,8,0.0068,8,0,7738
fashion,Saturday,0,285,30,25,81,1,0,1,695,0.1009,8,0,8574
education,Thursday,13,8919,90,1,118,1,0,0,4022,0.111,0,0,3363
gaming,Wednesday,16,52117,60,1,261,1,1,1,1793,0.0771,2,0,73868
finance,Saturday,12,406,15,17,124,1,1,0,514,0.0056,4,0,6633
travel,Tuesday,18,748,15,20,214,1,0,0,186,0.1017,3,0,2554
fashion,Friday,22,7824,15,21,27,1,1,0,350,0.1239,0,0,22333
gaming,Friday,14,4201,30,2,268,1,1,0,1934,0.09,0,0,3315
comedy,Sunday,13,43482,60,2,24,1,0,1,5713,0.1078,3,0,64532
education,Tuesday,1,3550,45,17,6,1,1,0,55,0.0181,4,0,1675
gaming,Tuesday,6,21716,45,26,193,1,1,1,1502,0.1087,3,0,41168
motivation,Tuesday,16,76924,30,5,79,1,0,0,1863,0.0941,1,0,10774
fitness,Sunday,17,1031,15,0,35,1,1,0,166,0.053,4,0,780
gaming,Tuesday,5,18879,15,24,257,1,0,1,3274,0.1044,9,0,13695
finance,Monday,20,2388,45,14,112,1,1,0,7093,0.0986,2,0,5644
fashion,Sunday,7,100,15,10,293,1,1,0,350,0.0919,6,0,4278
education,Friday,1,11585,15,9,201,0,0,0,193,0.0315,3,0,1518
food,Monday,0,14457,30,3,13,0,0,0,81718,0.048,1,0,21392
gaming,Sunday,15,302,7,13,154,1,1,0,5436,0.1488,7,0,10321
dance,Thursday,6,2170,15,1,84,0,1,0,1571,0.0678,9,0,14193
finance,Thursday,21,1601,15,12,139,1,0,0,284,0.0136,1,0,5243
finance,Friday,23,21120,90,15,96,1,1,0,233,0.1354,6,0,20111
dance,Thursday,10,302,15,11,184,1,0,1,3450,0.0301,7,0,2377
motivation,Tuesday,14,5956,60,21,188,1,0,0,211,0.0635,9,0,7659
food,Sunday,12,100,15,4,81,1,1,0,194,0.0453,2,0,1291
fitness,Monday,23,9731,60,18,299,1,1,0,837,0.1448,5,0,3918
fashion,Tuesday,1,6156,30,28,179,1,1,0,3930,0.0598,3,1,3735
education,Thursday,13,1959,60,2,104,1,0,0,37345,0.1078,1,0,24629
fashion,Saturday,23,64275,60,20,209,1,0,0,1773,0.0918,7,0,25798
food,Monday,5,100,30,19,248,1,1,0,212,0.0112,1,0,1241
fashion,Tuesday,8,4756,60,20,71,1,0,1,641,0.0607,8,0,7131
dance,Sunday,6,42432,30,1,160,1,0,0,14887,0.0616,8,0,43060
finance,Friday,17,6197,45,26,132,0,1,0,12164,0.1485,7,1,7804
fashion,Tuesday,23,57464,30,16,239,1,1,0,13281,0.1227,9,0,19092
travel,Saturday,8,2184,60,20,77,1,0,0,8327,0.1292,2,0,9221
gaming,Thursday,22,3637,60,10,57,1,0,0,50423,0.0505,7,0,70766
food,Monday,3,45245,15,0,124,0,1,0,1660,0.0527,4,0,4439
motivation,Friday,8,24592,30,18,10,1,1,0,4931,0.0798,9,0,24033
travel,Monday,3,369038,60,7,26,1,0,0,218,0.0965,4,0,86479
dance,Friday,11,5913,45,30,206,1,0,0,1747,0.1106,1,0,6853
comedy,Sunday,3,7047,90,10,221,1,0,0,1891,0.124,2,0,5185
dance,Monday,23,2141,15,7,249,1,1,0,5309,0.1316,7,0,9115
motivation,Thursday,19,3403,30,24,207,1,0,0,314,0.0086,0,0,10195
motivation,Sunday,13,34218,30,16,108,1,1,0,47,0.1204,3,0,31161
travel,Sunday,23,4912,15,19,295,1,0,0,343,0.0936,5,1,4180
gaming,Friday,23,1149,30,5,60,1,0,0,9169,0.0822,8,0,8440
food,Wednesday,6,2497,30,6,121,1,1,0,717,0.0961,7,0,6862
fitness,Monday,12,4177,15,20,238,1,0,0,2804,0.1329,9,0,8636
finance,Monday,21,1291,15,12,105,1,1,0,331,0.0841,4,0,4891
travel,Tuesday,7,2155,15,6,278,0,0,0,8790,0.0285,6,0,5511
motivation,Friday,22,812,45,10,35,1,0,1,887,0.0683,7,0,1615
comedy,Saturday,4,2296,30,30,37,1,0,0,862,0.139,8,0,9104
education,Wednesday,11,40101,15,9,71,1,0,1,15600,0.1231,2,0,25244
motivation,Thursday,12,5362,30,7,55,1,0,0,25669,0.0344,7,0,16908
gaming,Tuesday,19,412658,7,9,166,1,1,0,16230,0.1086,2,0,427317
gaming,Wednesday,13,1242,90,21,220,1,0,0,569,0.0422,0,0,5696
motivation,Friday,17,11776,15,10,75,1,1,0,333,0.0555,3,1,6001
gaming,Wednesday,23,7331,60,19,209,1,0,0,177,0.073,6,0,7151
travel,Sunday,19,15847,30,16,210,1,0,0,55,0.0689,8,0,41887
motivation,Monday,3,1650,60,10,227,0,0,0,169,0.0092,9,0,4145
motivation,Sunday,20,2531,15,15,224,1,1,0,200,0.1172,6,0,12881
food,Monday,17,10229,15,4,253,1,0,0,87,0.1277,9,0,5742
finance,Tuesday,6,1981,60,9,155,1,0,0,52,0.082,4,0,1867
comedy,Friday,14,201,15,25,148,1,0,0,80,0.0301,0,1,12668
gaming,Friday,20,51990,45,25,278,1,0,0,990,0.041,0,0,51544
food,Wednesday,5,24308,15,19,230,0,0,0,2647,0.0233,8,0,8629
fitness,Tuesday,15,2319,45,4,189,1,0,0,2218,0.0296,3,0,2362
fitness,Friday,19,7280,60,19,224,1,0,0,386,0.1321,2,0,20334
fashion,Saturday,23,30100,90,8,64,1,0,0,545,0.0746,4,0,13556
travel,Saturday,7,55248,30,2,107,1,1,0,2285,0.0211,6,0,45247
travel,Sunday,20,5929,30,2,79,0,1,0,1611,0.0419,6,0,4426
dance,Monday,15,1713,90,30,132,0,1,0,3372,0.1427,4,0,2708
comedy,Wednesday,21,68574,60,9,173,1,0,0,160,0.0788,7,0,25024
motivation,Thursday,15,5828,7,6,63,1,0,0,35165,0.0798,4,0,14730
gaming,Monday,2,3770,30,1,209,1,1,0,3877,0.0812,9,0,3866
comedy,Tuesday,16,7893,15,24,296,1,0,0,4844,0.0212,3,0,6170
fashion,Friday,8,39281,90,7,97,1,0,1,131,0.1457,5,0,23974
dance,Monday,2,4583,15,11,171,1,1,0,125,0.0173,2,0,3960
food,Thursday,19,28992,30,29,88,1,1,1,271,0.1065,3,0,20906
comedy,Thursday,6,3376,45,21,225,1,1,0,4788,0.0134,7,0,17777
food,Saturday,17,14710,90,29,142,1,1,0,108,0.0693,9,0,7171
fitness,Tuesday,11,891,60,28,195,0,1,0,2678,0.1355,9,1,3865
gaming,Monday,18,33701,15,8,178,1,1,0,20276,0.1164,2,0,26300
fashion,Wednesday,15,1455,30,10,53,0,0,0,266,0.0535,9,0,4545
motivation,Monday,21,11234,90,18,195,1,1,0,168,0.0849,2,0,9430
gaming,Saturday,23,338,45,19,216,1,1,0,254,0.029,5,0,7549
finance,Sunday,16,5139,45,22,297,1,0,0,789,0.1436,7,1,10567
travel,Thursday,19,6895,45,16,24,0,0,0,7334,0.1078,9,0,39010
fashion,Tuesday,14,1441,15,12,66,1,0,0,8292,0.0593,1,0,8324
comedy,Tuesday,0,4033,45,0,162,1,1,0,5417,0.0511,0,1,2109
gaming,Wednesday,1,7877,15,0,111,0,0,0,22,0.0396,9,0,4986
education,Tuesday,7,13546,30,27,205,1,0,0,753,0.119,0,0,21101
travel,Saturday,21,5885,60,7,136,1,0,0,187,0.068,6,0,9580
travel,Saturday,1,54089,7,12,278,1,1,0,2461,0.0529,1,0,47557
education,Saturday,18,39532,30,5,164,0,1,0,6634,0.1363,8,0,57601
dance,Tuesday,8,4651,15,2,270,1,0,0,404,0.0268,9,0,2198
dance,Tuesday,8,448,15,15,227,1,0,0,51154,0.0433,3,0,26595
education,Saturday,12,2045,60,9,126,1,0,0,179,0.055,6,1,4448
finance,Tuesday,5,100,45,6,269,1,0,0,3177,0.0427,4,0,1777
fitness,Tuesday,14,3534,15,21,247,1,0,0,79931,0.0899,4,0,26941
education,Thursday,18,61276,30,20,35,1,0,0,6878,0.0921,6,0,23531
fitness,Monday,20,20410,30,2,154,0,0,1,3601,0.0129,8,0,18750
gaming,Friday,14,5711,15,13,144,1,0,0,779,0.026,3,0,3159
finance,Tuesday,17,1326,45,15,259,1,0,0,3725,0.0338,8,0,2708
fashion,Friday,6,6125,30,3,18,0,1,0,363,0.0152,8,0,9253
fitness,Sunday,10,227796,45,30,57,1,0,0,10466,0.0231,7,0,33744
travel,Friday,7,71528,15,28,262,1,0,0,257,0.0397,0,0,35380
gaming,Thursday,5,3749,15,12,35,0,0,0,667,0.0551,9,0,3905
travel,Tuesday,7,341,7,26,210,1,0,1,204,0.1197,8,0,8038
finance,Saturday,1,261600,15,26,147,1,0,0,551,0.0366,2,0,27607
fitness,Friday,18,1323,60,0,101,1,0,0,438,0.1022,7,0,2255
food,Tuesday,15,12760,15,24,75,1,1,0,19,0.0134,4,0,4731
finance,Wednesday,6,297,7,4,67,1,0,0,1172,0.1004,5,0,918
